kunta_nro;vuosikuukausi;saajat
005;201801;259
009;201801;62
010;201801;348
016;201801;220
018;201801;116
019;201801;102
020;201801;594
046;201801;55
047;201801;72
049;201801;10438
050;201801;271
051;201801;216
052;201801;49
061;201801;791
069;201801;245
071;201801;213
072;201801;17
074;201801;31
075;201801;887
077;201801;180
078;201801;355
079;201801;326
081;201801;116
082;201801;242
086;201801;230
090;201801;130
091;201801;30028
092;201801;10284
097;201801;80
098;201801;708
099;201801;71
102;201801;310
103;201801;82
105;201801;62
106;201801;2002
108;201801;348
109;201801;3003
111;201801;820
139;201801;313
140;201801;917
142;201801;214
143;201801;233
145;201801;306
146;201801;206
148;201801;177
149;201801;131
151;201801;54
152;201801;126
153;201801;1551
165;201801;496
167;201801;5062
169;201801;160
171;201801;129
172;201801;199
176;201801;264
177;201801;66
178;201801;178
179;201801;8132
181;201801;57
182;201801;942
186;201801;1496
199;201801;162
202;201801;887
204;201801;121
205;201801;1878
208;201801;353
211;201801;888
213;201801;179
214;201801;512
216;201801;63
217;201801;147
218;201801;23
224;201801;324
226;201801;138
230;201801;90
231;201801;29
232;201801;488
233;201801;380
235;201801;198
236;201801;103
239;201801;57
240;201801;1153
241;201801;231
244;201801;463
245;201801;1484
249;201801;375
250;201801;62
256;201801;61
257;201801;1157
260;201801;492
261;201801;128
263;201801;314
265;201801;33
271;201801;277
272;201801;1719
273;201801;84
275;201801;92
276;201801;522
280;201801;40
284;201801;58
285;201801;3397
286;201801;3756
287;201801;134
288;201801;133
290;201801;304
291;201801;74
297;201801;5228
300;201801;65
301;201801;660
304;201801;21
305;201801;571
309;201801;393
312;201801;34
316;201801;148
317;201801;89
320;201801;252
322;201801;175
398;201801;7018
399;201801;194
400;201801;152
402;201801;358
403;201801;69
405;201801;3492
407;201801;88
408;201801;388
410;201801;538
416;201801;88
418;201801;686
420;201801;344
421;201801;22
422;201801;716
423;201801;352
425;201801;199
426;201801;519
430;201801;576
433;201801;157
434;201801;573
435;201801;21
436;201801;59
440;201801;62
441;201801;139
444;201801;1678
445;201801;255
475;201801;127
480;201801;64
481;201801;157
483;201801;32
484;201801;111
489;201801;83
491;201801;2353
494;201801;342
495;201801;63
498;201801;35
499;201801;370
500;201801;275
503;201801;209
504;201801;81
505;201801;451
507;201801;195
508;201801;392
529;201801;502
531;201801;248
535;201801;307
536;201801;1267
538;201801;90
541;201801;358
543;201801;874
545;201801;159
560;201801;569
561;201801;34
562;201801;320
563;201801;236
564;201801;11116
576;201801;89
577;201801;216
578;201801;154
580;201801;176
581;201801;248
583;201801;33
584;201801;66
588;201801;60
592;201801;150
593;201801;779
595;201801;144
598;201801;798
599;201801;144
601;201801;143
604;201801;522
607;201801;204
608;201801;66
609;201801;3782
611;201801;95
614;201801;117
615;201801;255
616;201801;61
619;201801;89
620;201801;95
623;201801;62
624;201801;161
625;201801;80
626;201801;173
630;201801;41
631;201801;46
635;201801;152
636;201801;214
638;201801;1923
678;201801;1046
680;201801;951
681;201801;137
683;201801;143
684;201801;1378
686;201801;88
687;201801;75
689;201801;139
691;201801;63
694;201801;1299
697;201801;37
698;201801;2493
700;201801;159
702;201801;111
704;201801;70
707;201801;115
710;201801;1101
729;201801;381
732;201801;113
734;201801;2488
738;201801;46
739;201801;88
740;201801;1628
742;201801;28
743;201801;2326
746;201801;112
747;201801;51
748;201801;165
749;201801;563
751;201801;61
753;201801;444
755;201801;137
758;201801;241
759;201801;60
761;201801;265
762;201801;148
765;201801;324
768;201801;84
777;201801;272
778;201801;235
781;201801;118
783;201801;152
785;201801;81
790;201801;657
791;201801;159
831;201801;150
832;201801;120
833;201801;31
834;201801;166
837;201801;14334
844;201801;41
845;201801;93
846;201801;141
848;201801;231
849;201801;78
850;201801;64
851;201801;875
853;201801;10518
854;201801;68
857;201801;99
858;201801;830
859;201801;189
886;201801;399
887;201801;218
889;201801;89
890;201801;39
892;201801;134
893;201801;123
895;201801;309
905;201801;3022
908;201801;829
911;201801;57
915;201801;1152
918;201801;46
921;201801;62
922;201801;118
924;201801;70
925;201801;121
927;201801;864
931;201801;205
934;201801;67
935;201801;123
936;201801;208
946;201801;172
976;201801;79
977;201801;576
980;201801;951
981;201801;80
989;201801;171
992;201801;887
005;201802;236
009;201802;57
010;201802;337
016;201802;214
018;201802;106
019;201802;91
020;201802;564
046;201802;50
047;201802;69
049;201802;10125
050;201802;269
051;201802;191
052;201802;48
061;201802;754
069;201802;242
071;201802;215
072;201802;13
074;201802;28
075;201802;866
077;201802;181
078;201802;343
079;201802;306
081;201802;113
082;201802;233
086;201802;224
090;201802;119
091;201802;29009
092;201802;9931
097;201802;78
098;201802;664
099;201802;66
102;201802;301
103;201802;76
105;201802;58
106;201802;1973
108;201802;334
109;201802;2894
111;201802;792
139;201802;308
140;201802;887
142;201802;213
143;201802;224
145;201802;287
146;201802;206
148;201802;172
149;201802;124
151;201802;46
152;201802;119
153;201802;1495
165;201802;454
167;201802;4877
169;201802;154
171;201802;124
172;201802;194
176;201802;244
177;201802;62
178;201802;188
179;201802;7814
181;201802;54
182;201802;902
186;201802;1477
199;201802;129
202;201802;823
204;201802;119
205;201802;1808
208;201802;344
211;201802;864
213;201802;164
214;201802;486
216;201802;53
217;201802;143
218;201802;26
224;201802;323
226;201802;128
230;201802;86
231;201802;27
232;201802;476
233;201802;346
235;201802;186
236;201802;91
239;201802;59
240;201802;1131
241;201802;223
244;201802;425
245;201802;1441
249;201802;353
250;201802;57
256;201802;58
257;201802;1112
260;201802;476
261;201802;127
263;201802;296
265;201802;33
271;201802;281
272;201802;1668
273;201802;83
275;201802;86
276;201802;482
280;201802;47
284;201802;54
285;201802;3313
286;201802;3669
287;201802;125
288;201802;115
290;201802;295
291;201802;76
297;201802;5031
300;201802;64
301;201802;631
304;201802;24
305;201802;541
309;201802;379
312;201802;35
316;201802;148
317;201802;85
320;201802;241
322;201802;161
398;201802;6861
399;201802;189
400;201802;140
402;201802;356
403;201802;57
405;201802;3382
407;201802;86
408;201802;379
410;201802;521
416;201802;83
418;201802;661
420;201802;338
421;201802;20
422;201802;684
423;201802;334
425;201802;193
426;201802;501
430;201802;550
433;201802;141
434;201802;544
435;201802;20
436;201802;62
440;201802;62
441;201802;132
444;201802;1628
445;201802;244
475;201802;118
480;201802;60
481;201802;146
483;201802;24
484;201802;106
489;201802;77
491;201802;2213
494;201802;326
495;201802;60
498;201802;31
499;201802;355
500;201802;263
503;201802;192
504;201802;78
505;201802;442
507;201802;194
508;201802;390
529;201802;453
531;201802;225
535;201802;279
536;201802;1212
538;201802;87
541;201802;341
543;201802;860
545;201802;162
560;201802;534
561;201802;31
562;201802;304
563;201802;232
564;201802;10779
576;201802;83
577;201802;191
578;201802;152
580;201802;166
581;201802;244
583;201802;34
584;201802;69
588;201802;59
592;201802;144
593;201802;751
595;201802;142
598;201802;748
599;201802;134
601;201802;129
604;201802;487
607;201802;193
608;201802;67
609;201802;3543
611;201802;94
614;201802;106
615;201802;239
616;201802;60
619;201802;85
620;201802;92
623;201802;64
624;201802;155
625;201802;80
626;201802;169
630;201802;33
631;201802;42
635;201802;160
636;201802;204
638;201802;1862
678;201802;1022
680;201802;894
681;201802;128
683;201802;143
684;201802;1330
686;201802;76
687;201802;74
689;201802;139
691;201802;64
694;201802;1244
697;201802;37
698;201802;2440
700;201802;156
702;201802;117
704;201802;75
707;201802;116
710;201802;1076
729;201802;382
732;201802;115
734;201802;2290
738;201802;46
739;201802;88
740;201802;1555
742;201802;27
743;201802;2229
746;201802;112
747;201802;52
748;201802;160
749;201802;532
751;201802;62
753;201802;449
755;201802;124
758;201802;228
759;201802;56
761;201802;244
762;201802;139
765;201802;304
768;201802;82
777;201802;261
778;201802;234
781;201802;114
783;201802;161
785;201802;82
790;201802;615
791;201802;154
831;201802;142
832;201802;115
833;201802;27
834;201802;166
837;201802;13912
844;201802;41
845;201802;90
846;201802;134
848;201802;217
849;201802;69
850;201802;57
851;201802;835
853;201802;10122
854;201802;70
857;201802;93
858;201802;819
859;201802;162
886;201802;392
887;201802;212
889;201802;80
890;201802;31
892;201802;130
893;201802;122
895;201802;297
905;201802;2952
908;201802;776
911;201802;50
915;201802;1105
918;201802;41
921;201802;56
922;201802;98
924;201802;70
925;201802;110
927;201802;809
931;201802;187
934;201802;63
935;201802;133
936;201802;195
946;201802;160
976;201802;81
977;201802;563
980;201802;885
981;201802;73
989;201802;181
992;201802;861
005;201803;247
009;201803;59
010;201803;353
016;201803;223
018;201803;108
019;201803;95
020;201803;574
046;201803;52
047;201803;70
049;201803;10477
050;201803;265
051;201803;203
052;201803;43
061;201803;786
069;201803;244
071;201803;203
072;201803;17
074;201803;33
075;201803;902
077;201803;179
078;201803;359
079;201803;317
081;201803;117
082;201803;252
086;201803;219
090;201803;121
091;201803;29984
092;201803;10138
097;201803;82
098;201803;699
099;201803;63
102;201803;313
103;201803;75
105;201803;56
106;201803;1984
108;201803;346
109;201803;2944
111;201803;800
139;201803;308
140;201803;906
142;201803;221
143;201803;221
145;201803;289
146;201803;203
148;201803;181
149;201803;122
151;201803;48
152;201803;124
153;201803;1505
165;201803;480
167;201803;4994
169;201803;163
171;201803;132
172;201803;197
176;201803;241
177;201803;63
178;201803;180
179;201803;8044
181;201803;58
182;201803;937
186;201803;1501
199;201803;138
202;201803;837
204;201803;123
205;201803;1839
208;201803;334
211;201803;869
213;201803;180
214;201803;494
216;201803;60
217;201803;136
218;201803;25
224;201803;328
226;201803;137
230;201803;90
231;201803;27
232;201803;469
233;201803;354
235;201803;211
236;201803;102
239;201803;63
240;201803;1146
241;201803;216
244;201803;420
245;201803;1455
249;201803;362
250;201803;56
256;201803;57
257;201803;1162
260;201803;477
261;201803;125
263;201803;308
265;201803;34
271;201803;295
272;201803;1701
273;201803;80
275;201803;88
276;201803;503
280;201803;54
284;201803;52
285;201803;3343
286;201803;3760
287;201803;139
288;201803;122
290;201803;310
291;201803;72
297;201803;5202
300;201803;57
301;201803;635
304;201803;20
305;201803;537
309;201803;389
312;201803;39
316;201803;154
317;201803;85
320;201803;247
322;201803;166
398;201803;7049
399;201803;185
400;201803;144
402;201803;351
403;201803;65
405;201803;3411
407;201803;86
408;201803;366
410;201803;522
416;201803;89
418;201803;661
420;201803;345
421;201803;23
422;201803;696
423;201803;355
425;201803;216
426;201803;515
430;201803;562
433;201803;153
434;201803;554
435;201803;22
436;201803;62
440;201803;60
441;201803;130
444;201803;1667
445;201803;251
475;201803;112
478;201803;4
480;201803;61
481;201803;152
483;201803;27
484;201803;111
489;201803;76
491;201803;2266
494;201803;324
495;201803;58
498;201803;35
499;201803;363
500;201803;277
503;201803;189
504;201803;80
505;201803;456
507;201803;185
508;201803;392
529;201803;477
531;201803;233
535;201803;289
536;201803;1269
538;201803;91
541;201803;348
543;201803;889
545;201803;165
560;201803;560
561;201803;33
562;201803;321
563;201803;225
564;201803;10921
576;201803;85
577;201803;205
578;201803;156
580;201803;162
581;201803;251
583;201803;33
584;201803;69
588;201803;59
592;201803;137
593;201803;779
595;201803;142
598;201803;762
599;201803;134
601;201803;138
604;201803;505
607;201803;192
608;201803;65
609;201803;3636
611;201803;94
614;201803;97
615;201803;246
616;201803;63
619;201803;90
620;201803;90
623;201803;64
624;201803;155
625;201803;81
626;201803;170
630;201803;33
631;201803;45
635;201803;169
636;201803;203
638;201803;1884
678;201803;1061
680;201803;914
681;201803;131
683;201803;134
684;201803;1343
686;201803;82
687;201803;69
689;201803;134
691;201803;67
694;201803;1297
697;201803;36
698;201803;2478
700;201803;161
702;201803;120
704;201803;77
707;201803;121
710;201803;1103
729;201803;395
732;201803;113
734;201803;2297
738;201803;49
739;201803;88
740;201803;1591
742;201803;31
743;201803;2267
746;201803;114
747;201803;50
748;201803;160
749;201803;554
751;201803;66
753;201803;447
755;201803;132
758;201803;232
759;201803;56
761;201803;261
762;201803;136
765;201803;314
768;201803;85
777;201803;259
778;201803;238
781;201803;118
783;201803;156
785;201803;75
790;201803;642
791;201803;152
831;201803;151
832;201803;119
833;201803;29
834;201803;168
837;201803;14297
844;201803;45
845;201803;83
846;201803;141
848;201803;218
849;201803;71
850;201803;59
851;201803;859
853;201803;10251
854;201803;62
857;201803;93
858;201803;833
859;201803;168
886;201803;388
887;201803;217
889;201803;80
890;201803;40
892;201803;121
893;201803;120
895;201803;302
905;201803;3004
908;201803;799
911;201803;51
915;201803;1139
918;201803;45
921;201803;58
922;201803;111
924;201803;65
925;201803;111
927;201803;841
931;201803;187
934;201803;61
935;201803;129
936;201803;200
946;201803;165
976;201803;78
977;201803;589
980;201803;908
981;201803;79
989;201803;176
992;201803;869
005;201804;243
009;201804;59
010;201804;342
016;201804;215
018;201804;112
019;201804;94
020;201804;557
046;201804;52
047;201804;69
049;201804;10287
050;201804;275
051;201804;212
052;201804;45
061;201804;777
069;201804;247
071;201804;193
072;201804;17
074;201804;28
075;201804;872
077;201804;176
078;201804;359
079;201804;310
081;201804;114
082;201804;232
086;201804;214
090;201804;119
091;201804;29437
092;201804;9932
097;201804;77
098;201804;678
099;201804;63
102;201804;308
103;201804;75
105;201804;57
106;201804;1922
108;201804;332
109;201804;2927
111;201804;802
139;201804;305
140;201804;893
142;201804;219
143;201804;219
145;201804;291
146;201804;203
148;201804;184
149;201804;114
151;201804;45
152;201804;111
153;201804;1474
165;201804;484
167;201804;4918
169;201804;154
171;201804;132
172;201804;198
176;201804;238
177;201804;66
178;201804;171
179;201804;7982
181;201804;63
182;201804;928
186;201804;1484
199;201804;125
202;201804;826
204;201804;119
205;201804;1808
208;201804;327
211;201804;833
213;201804;184
214;201804;482
216;201804;57
217;201804;134
218;201804;27
224;201804;321
226;201804;132
230;201804;84
231;201804;30
232;201804;475
233;201804;334
235;201804;200
236;201804;107
239;201804;60
240;201804;1123
241;201804;214
244;201804;413
245;201804;1440
249;201804;360
250;201804;54
256;201804;51
257;201804;1097
260;201804;479
261;201804;125
263;201804;296
265;201804;36
271;201804;280
272;201804;1641
273;201804;84
275;201804;84
276;201804;509
280;201804;54
284;201804;50
285;201804;3296
286;201804;3676
287;201804;127
288;201804;132
290;201804;288
291;201804;72
297;201804;5063
300;201804;62
301;201804;629
304;201804;17
305;201804;535
309;201804;396
312;201804;41
316;201804;150
317;201804;85
320;201804;239
322;201804;164
398;201804;6960
399;201804;185
400;201804;148
402;201804;341
403;201804;61
405;201804;3400
407;201804;81
408;201804;353
410;201804;494
416;201804;83
418;201804;645
420;201804;341
421;201804;23
422;201804;704
423;201804;336
425;201804;213
426;201804;483
430;201804;527
433;201804;145
434;201804;547
435;201804;22
436;201804;63
440;201804;67
441;201804;134
444;201804;1617
445;201804;242
475;201804;106
478;201804;7
480;201804;56
481;201804;157
483;201804;29
484;201804;99
489;201804;76
491;201804;2233
494;201804;315
495;201804;56
498;201804;35
499;201804;353
500;201804;272
503;201804;185
504;201804;84
505;201804;434
507;201804;184
508;201804;382
529;201804;473
531;201804;239
535;201804;281
536;201804;1232
538;201804;78
541;201804;340
543;201804;867
545;201804;159
560;201804;542
561;201804;32
562;201804;295
563;201804;226
564;201804;10817
576;201804;83
577;201804;192
578;201804;154
580;201804;161
581;201804;253
583;201804;31
584;201804;79
588;201804;58
592;201804;141
593;201804;781
595;201804;139
598;201804;750
599;201804;151
601;201804;133
604;201804;512
607;201804;203
608;201804;74
609;201804;3469
611;201804;89
614;201804;102
615;201804;260
616;201804;61
619;201804;91
620;201804;94
623;201804;68
624;201804;154
625;201804;83
626;201804;168
630;201804;32
631;201804;50
635;201804;168
636;201804;209
638;201804;1844
678;201804;1014
680;201804;912
681;201804;125
683;201804;136
684;201804;1296
686;201804;85
687;201804;66
689;201804;126
691;201804;65
694;201804;1279
697;201804;39
698;201804;2453
700;201804;166
702;201804;117
704;201804;71
707;201804;109
710;201804;1091
729;201804;384
732;201804;110
734;201804;2223
738;201804;46
739;201804;81
740;201804;1553
742;201804;32
743;201804;2210
746;201804;117
747;201804;55
748;201804;158
749;201804;531
751;201804;64
753;201804;452
755;201804;126
758;201804;224
759;201804;46
761;201804;243
762;201804;128
765;201804;300
768;201804;77
777;201804;251
778;201804;224
781;201804;112
783;201804;151
785;201804;77
790;201804;614
791;201804;149
831;201804;155
832;201804;119
833;201804;26
834;201804;162
837;201804;14099
844;201804;45
845;201804;83
846;201804;131
848;201804;213
849;201804;69
850;201804;61
851;201804;837
853;201804;9969
854;201804;55
857;201804;89
858;201804;811
859;201804;167
886;201804;361
887;201804;208
889;201804;76
890;201804;33
892;201804;125
893;201804;121
895;201804;284
905;201804;2963
908;201804;791
911;201804;45
915;201804;1108
918;201804;41
921;201804;51
922;201804;101
924;201804;66
925;201804;111
927;201804;833
931;201804;176
934;201804;63
935;201804;123
936;201804;188
946;201804;175
976;201804;80
977;201804;553
980;201804;897
981;201804;72
989;201804;160
992;201804;843
005;201805;243
009;201805;59
010;201805;334
016;201805;214
018;201805;116
019;201805;97
020;201805;564
046;201805;51
047;201805;63
049;201805;10413
050;201805;277
051;201805;197
052;201805;43
061;201805;760
069;201805;246
071;201805;196
072;201805;15
074;201805;28
075;201805;850
077;201805;185
078;201805;355
079;201805;296
081;201805;114
082;201805;241
086;201805;212
090;201805;121
091;201805;29703
092;201805;9999
097;201805;68
098;201805;687
099;201805;62
102;201805;322
103;201805;80
105;201805;61
106;201805;1949
108;201805;345
109;201805;2892
111;201805;787
139;201805;305
140;201805;872
142;201805;208
143;201805;210
145;201805;286
146;201805;204
148;201805;186
149;201805;117
151;201805;45
152;201805;122
153;201805;1447
165;201805;471
167;201805;4963
169;201805;168
171;201805;144
172;201805;199
176;201805;244
177;201805;63
178;201805;177
179;201805;8026
181;201805;64
182;201805;924
186;201805;1484
199;201805;138
202;201805;831
204;201805;120
205;201805;1814
208;201805;347
211;201805;840
213;201805;177
214;201805;510
216;201805;56
217;201805;139
218;201805;32
224;201805;316
226;201805;134
230;201805;83
231;201805;27
232;201805;465
233;201805;329
235;201805;201
236;201805;106
239;201805;63
240;201805;1124
241;201805;210
244;201805;410
245;201805;1432
249;201805;356
250;201805;57
256;201805;53
257;201805;1119
260;201805;478
261;201805;130
263;201805;304
265;201805;32
271;201805;299
272;201805;1671
273;201805;90
275;201805;85
276;201805;495
280;201805;50
284;201805;53
285;201805;3286
286;201805;3655
287;201805;125
288;201805;129
290;201805;291
291;201805;65
297;201805;5090
300;201805;58
301;201805;614
304;201805;22
305;201805;541
309;201805;393
312;201805;39
316;201805;148
317;201805;89
320;201805;234
322;201805;152
398;201805;6991
399;201805;184
400;201805;141
402;201805;338
403;201805;58
405;201805;3394
407;201805;84
408;201805;344
410;201805;504
416;201805;89
418;201805;625
420;201805;329
421;201805;24
422;201805;717
423;201805;349
425;201805;209
426;201805;498
430;201805;525
433;201805;141
434;201805;524
435;201805;22
436;201805;61
440;201805;57
441;201805;137
444;201805;1638
445;201805;231
475;201805;118
478;201805;4
480;201805;58
481;201805;144
483;201805;28
484;201805;99
489;201805;76
491;201805;2284
494;201805;296
495;201805;57
498;201805;36
499;201805;361
500;201805;280
503;201805;183
504;201805;82
505;201805;432
507;201805;176
508;201805;386
529;201805;483
531;201805;224
535;201805;282
536;201805;1234
538;201805;72
541;201805;347
543;201805;855
545;201805;162
560;201805;545
561;201805;32
562;201805;303
563;201805;233
564;201805;10986
576;201805;81
577;201805;192
578;201805;149
580;201805;159
581;201805;242
583;201805;30
584;201805;75
588;201805;53
592;201805;131
593;201805;756
595;201805;126
598;201805;748
599;201805;146
601;201805;128
604;201805;498
607;201805;194
608;201805;72
609;201805;3535
611;201805;97
614;201805;106
615;201805;261
616;201805;62
619;201805;85
620;201805;92
623;201805;67
624;201805;157
625;201805;86
626;201805;175
630;201805;35
631;201805;40
635;201805;157
636;201805;208
638;201805;1827
678;201805;1022
680;201805;895
681;201805;126
683;201805;129
684;201805;1307
686;201805;84
687;201805;67
689;201805;130
691;201805;67
694;201805;1254
697;201805;40
698;201805;2486
700;201805;155
702;201805;119
704;201805;78
707;201805;121
710;201805;1051
729;201805;372
732;201805;109
734;201805;2204
738;201805;46
739;201805;77
740;201805;1547
742;201805;34
743;201805;2213
746;201805;122
747;201805;51
748;201805;167
749;201805;528
751;201805;73
753;201805;451
755;201805;129
758;201805;217
759;201805;48
761;201805;244
762;201805;130
765;201805;307
768;201805;79
777;201805;240
778;201805;221
781;201805;108
783;201805;162
785;201805;78
790;201805;621
791;201805;153
831;201805;151
832;201805;125
833;201805;28
834;201805;166
837;201805;14090
844;201805;41
845;201805;87
846;201805;136
848;201805;212
849;201805;70
850;201805;61
851;201805;837
853;201805;10136
854;201805;62
857;201805;87
858;201805;802
859;201805;165
886;201805;375
887;201805;211
889;201805;73
890;201805;39
892;201805;111
893;201805;123
895;201805;305
905;201805;2966
908;201805;776
911;201805;43
915;201805;1107
918;201805;41
921;201805;51
922;201805;103
924;201805;62
925;201805;109
927;201805;848
931;201805;169
934;201805;58
935;201805;123
936;201805;191
946;201805;169
976;201805;86
977;201805;568
980;201805;895
981;201805;75
989;201805;160
992;201805;851
005;201806;232
009;201806;59
010;201806;300
016;201806;201
018;201806;110
019;201806;98
020;201806;548
046;201806;46
047;201806;74
049;201806;10214
050;201806;257
051;201806;191
052;201806;44
061;201806;736
069;201806;230
071;201806;195
072;201806;13
074;201806;27
075;201806;803
077;201806;170
078;201806;327
079;201806;294
081;201806;107
082;201806;233
086;201806;200
090;201806;109
091;201806;28879
092;201806;9677
097;201806;67
098;201806;654
099;201806;56
102;201806;302
103;201806;73
105;201806;56
106;201806;1852
108;201806;316
109;201806;2808
111;201806;724
139;201806;311
140;201806;821
142;201806;212
143;201806;198
145;201806;263
146;201806;201
148;201806;201
149;201806;117
151;201806;41
152;201806;121
153;201806;1350
165;201806;461
167;201806;4824
169;201806;154
171;201806;122
172;201806;183
176;201806;221
177;201806;61
178;201806;164
179;201806;7708
181;201806;57
182;201806;843
186;201806;1453
199;201806;116
202;201806;818
204;201806;112
205;201806;1722
208;201806;315
211;201806;770
213;201806;173
214;201806;466
216;201806;48
217;201806;144
218;201806;26
224;201806;299
226;201806;125
230;201806;85
231;201806;25
232;201806;434
233;201806;305
235;201806;192
236;201806;106
239;201806;56
240;201806;1050
241;201806;201
244;201806;401
245;201806;1421
249;201806;349
250;201806;48
256;201806;44
257;201806;1072
260;201806;445
261;201806;135
263;201806;289
265;201806;31
271;201806;278
272;201806;1595
273;201806;92
275;201806;82
276;201806;492
280;201806;35
284;201806;52
285;201806;3121
286;201806;3515
287;201806;114
288;201806;118
290;201806;255
291;201806;60
297;201806;4810
300;201806;49
301;201806;555
304;201806;21
305;201806;519
309;201806;375
312;201806;36
316;201806;149
317;201806;87
320;201806;226
322;201806;149
398;201806;6732
399;201806;174
400;201806;139
402;201806;315
403;201806;48
405;201806;3229
407;201806;74
408;201806;323
410;201806;481
416;201806;87
418;201806;639
420;201806;313
421;201806;23
422;201806;687
423;201806;347
425;201806;206
426;201806;478
430;201806;510
433;201806;140
434;201806;501
435;201806;21
436;201806;56
440;201806;57
441;201806;125
444;201806;1564
445;201806;238
475;201806;102
480;201806;57
481;201806;149
483;201806;26
484;201806;99
489;201806;70
491;201806;2134
494;201806;284
495;201806;54
498;201806;45
499;201806;337
500;201806;261
503;201806;190
504;201806;75
505;201806;427
507;201806;162
508;201806;360
529;201806;461
531;201806;217
535;201806;282
536;201806;1197
538;201806;72
541;201806;321
543;201806;831
545;201806;154
560;201806;502
561;201806;32
562;201806;283
563;201806;219
564;201806;10625
576;201806;75
577;201806;188
578;201806;137
580;201806;148
581;201806;225
583;201806;33
584;201806;70
588;201806;53
592;201806;131
593;201806;719
595;201806;120
598;201806;735
599;201806;133
601;201806;126
604;201806;503
607;201806;177
608;201806;73
609;201806;3387
611;201806;88
614;201806;90
615;201806;251
616;201806;59
619;201806;82
620;201806;90
623;201806;60
624;201806;149
625;201806;80
626;201806;153
630;201806;30
631;201806;40
635;201806;152
636;201806;202
638;201806;1772
678;201806;961
680;201806;875
681;201806;131
683;201806;135
684;201806;1220
686;201806;80
687;201806;63
689;201806;112
691;201806;62
694;201806;1197
697;201806;44
698;201806;2390
700;201806;159
702;201806;106
704;201806;77
707;201806;110
710;201806;1021
729;201806;346
732;201806;98
734;201806;2138
738;201806;48
739;201806;68
740;201806;1415
742;201806;36
743;201806;2092
746;201806;117
747;201806;53
748;201806;150
749;201806;489
751;201806;67
753;201806;419
755;201806;131
758;201806;221
759;201806;51
761;201806;233
762;201806;120
765;201806;290
768;201806;67
777;201806;238
778;201806;210
781;201806;103
783;201806;152
785;201806;72
790;201806;557
791;201806;139
831;201806;140
832;201806;113
833;201806;27
834;201806;158
837;201806;13709
844;201806;38
845;201806;78
846;201806;133
848;201806;201
849;201806;67
850;201806;60
851;201806;774
853;201806;10005
854;201806;67
857;201806;76
858;201806;767
859;201806;162
886;201806;357
887;201806;208
889;201806;65
890;201806;41
892;201806;112
893;201806;114
895;201806;300
905;201806;2912
908;201806;767
911;201806;41
915;201806;1035
918;201806;39
921;201806;48
922;201806;92
924;201806;56
925;201806;105
927;201806;804
931;201806;136
934;201806;64
935;201806;116
936;201806;171
946;201806;154
976;201806;79
977;201806;541
980;201806;839
981;201806;79
989;201806;145
992;201806;814
005;201807;218
009;201807;57
010;201807;271
016;201807;198
018;201807;111
019;201807;91
020;201807;542
046;201807;46
047;201807;68
049;201807;10248
050;201807;251
051;201807;191
052;201807;38
061;201807;733
069;201807;228
071;201807;193
072;201807;12
074;201807;23
075;201807;819
077;201807;163
078;201807;309
079;201807;283
081;201807;106
082;201807;227
086;201807;208
090;201807;106
091;201807;29034
092;201807;9781
097;201807;64
098;201807;647
099;201807;54
102;201807;306
103;201807;68
105;201807;59
106;201807;1916
108;201807;310
109;201807;2843
111;201807;734
139;201807;304
140;201807;815
142;201807;223
143;201807;185
145;201807;271
146;201807;188
148;201807;195
149;201807;115
151;201807;42
152;201807;114
153;201807;1369
165;201807;458
167;201807;4861
169;201807;153
171;201807;116
172;201807;171
176;201807;226
177;201807;48
178;201807;147
179;201807;7796
181;201807;51
182;201807;824
186;201807;1450
199;201807;120
202;201807;844
204;201807;112
205;201807;1714
208;201807;317
211;201807;795
213;201807;172
214;201807;474
216;201807;47
217;201807;142
218;201807;22
224;201807;282
226;201807;119
230;201807;87
231;201807;27
232;201807;417
233;201807;313
235;201807;198
236;201807;105
239;201807;56
240;201807;1029
241;201807;204
244;201807;413
245;201807;1482
249;201807;339
250;201807;53
256;201807;46
257;201807;1074
260;201807;450
261;201807;142
263;201807;274
265;201807;34
271;201807;275
272;201807;1582
273;201807;95
275;201807;72
276;201807;509
280;201807;34
284;201807;54
285;201807;3172
286;201807;3473
287;201807;104
288;201807;114
290;201807;254
291;201807;63
297;201807;4910
300;201807;46
301;201807;565
304;201807;23
305;201807;520
309;201807;390
312;201807;34
316;201807;149
317;201807;87
320;201807;210
322;201807;125
398;201807;6815
399;201807;180
400;201807;135
402;201807;324
403;201807;40
405;201807;3280
407;201807;73
408;201807;313
410;201807;476
416;201807;87
418;201807;645
420;201807;299
421;201807;19
422;201807;683
423;201807;323
425;201807;196
426;201807;473
430;201807;524
433;201807;152
434;201807;491
435;201807;21
436;201807;56
440;201807;52
441;201807;120
444;201807;1615
445;201807;215
475;201807;103
480;201807;58
481;201807;139
483;201807;29
484;201807;86
489;201807;67
491;201807;2118
494;201807;278
495;201807;56
498;201807;38
499;201807;339
500;201807;255
503;201807;195
504;201807;72
505;201807;435
507;201807;165
508;201807;363
529;201807;486
531;201807;225
535;201807;260
536;201807;1186
538;201807;79
541;201807;297
543;201807;833
545;201807;134
560;201807;495
561;201807;30
562;201807;280
563;201807;211
564;201807;10707
576;201807;72
577;201807;183
578;201807;132
580;201807;150
581;201807;213
583;201807;34
584;201807;69
588;201807;56
592;201807;127
593;201807;726
595;201807;120
598;201807;687
599;201807;142
601;201807;123
604;201807;505
607;201807;185
608;201807;73
609;201807;3301
611;201807;89
614;201807;85
615;201807;222
616;201807;61
619;201807;87
620;201807;94
623;201807;57
624;201807;155
625;201807;81
626;201807;150
630;201807;29
631;201807;41
635;201807;148
636;201807;202
638;201807;1771
678;201807;951
680;201807;858
681;201807;128
683;201807;136
684;201807;1225
686;201807;79
687;201807;63
689;201807;112
691;201807;65
694;201807;1215
697;201807;42
698;201807;2419
700;201807;154
702;201807;103
704;201807;72
707;201807;106
710;201807;999
729;201807;335
732;201807;91
734;201807;2108
738;201807;47
739;201807;67
740;201807;1391
742;201807;34
743;201807;2041
746;201807;118
747;201807;46
748;201807;157
749;201807;496
751;201807;66
753;201807;413
755;201807;128
758;201807;215
759;201807;50
761;201807;233
762;201807;121
765;201807;273
768;201807;58
777;201807;211
778;201807;192
781;201807;101
783;201807;151
785;201807;72
790;201807;534
791;201807;131
831;201807;132
832;201807;98
833;201807;28
834;201807;146
837;201807;13815
844;201807;42
845;201807;70
846;201807;124
848;201807;202
849;201807;66
850;201807;63
851;201807;776
853;201807;9954
854;201807;64
857;201807;69
858;201807;787
859;201807;169
886;201807;357
887;201807;196
889;201807;62
890;201807;27
892;201807;107
893;201807;111
895;201807;310
905;201807;2865
908;201807;759
911;201807;43
915;201807;1013
918;201807;40
921;201807;46
922;201807;96
924;201807;58
925;201807;111
927;201807;822
931;201807;136
934;201807;66
935;201807;117
936;201807;159
946;201807;150
976;201807;81
977;201807;528
980;201807;882
981;201807;70
989;201807;133
992;201807;814
005;201808;223
009;201808;54
010;201808;270
016;201808;205
018;201808;115
019;201808;93
020;201808;562
046;201808;50
047;201808;61
049;201808;10638
050;201808;273
051;201808;198
052;201808;39
061;201808;771
069;201808;219
071;201808;193
072;201808;12
074;201808;26
075;201808;822
077;201808;167
078;201808;312
079;201808;284
081;201808;104
082;201808;235
086;201808;213
090;201808;109
091;201808;30215
092;201808;10186
097;201808;68
098;201808;656
099;201808;48
102;201808;306
103;201808;69
105;201808;60
106;201808;1943
108;201808;309
109;201808;2900
111;201808;735
139;201808;288
140;201808;854
142;201808;216
143;201808;201
145;201808;274
146;201808;189
148;201808;193
149;201808;109
151;201808;42
152;201808;114
153;201808;1386
165;201808;485
167;201808;4958
169;201808;161
171;201808;118
172;201808;167
176;201808;232
177;201808;50
178;201808;146
179;201808;8061
181;201808;52
182;201808;847
186;201808;1527
199;201808;135
202;201808;849
204;201808;120
205;201808;1722
208;201808;315
211;201808;824
213;201808;177
214;201808;477
216;201808;48
217;201808;144
218;201808;23
224;201808;287
226;201808;131
230;201808;88
231;201808;23
232;201808;419
233;201808;326
235;201808;208
236;201808;106
239;201808;59
240;201808;1033
241;201808;204
244;201808;414
245;201808;1486
249;201808;357
250;201808;53
256;201808;47
257;201808;1120
260;201808;451
261;201808;136
263;201808;275
265;201808;28
271;201808;278
272;201808;1588
273;201808;84
275;201808;69
276;201808;517
280;201808;34
284;201808;51
285;201808;3172
286;201808;3533
287;201808;106
288;201808;124
290;201808;255
291;201808;66
297;201808;4991
300;201808;49
301;201808;557
304;201808;22
305;201808;501
309;201808;379
312;201808;36
316;201808;149
317;201808;86
320;201808;212
322;201808;130
398;201808;6897
399;201808;184
400;201808;141
402;201808;315
403;201808;43
405;201808;3309
407;201808;84
408;201808;313
410;201808;480
416;201808;87
418;201808;676
420;201808;309
421;201808;20
422;201808;659
423;201808;338
425;201808;205
426;201808;475
430;201808;530
433;201808;152
434;201808;498
435;201808;20
436;201808;49
440;201808;58
441;201808;112
444;201808;1631
445;201808;216
475;201808;108
478;201808;9
480;201808;56
481;201808;140
483;201808;27
484;201808;90
489;201808;69
491;201808;2155
494;201808;291
495;201808;56
498;201808;41
499;201808;347
500;201808;254
503;201808;203
504;201808;76
505;201808;436
507;201808;159
508;201808;368
529;201808;484
531;201808;237
535;201808;259
536;201808;1243
538;201808;81
541;201808;307
543;201808;881
545;201808;137
560;201808;505
561;201808;34
562;201808;286
563;201808;232
564;201808;10847
576;201808;75
577;201808;193
578;201808;130
580;201808;146
581;201808;224
583;201808;33
584;201808;73
588;201808;56
592;201808;136
593;201808;740
595;201808;115
598;201808;713
599;201808;150
601;201808;120
604;201808;535
607;201808;205
608;201808;72
609;201808;3352
611;201808;89
614;201808;90
615;201808;225
616;201808;59
619;201808;86
620;201808;96
623;201808;55
624;201808;163
625;201808;80
626;201808;160
630;201808;29
631;201808;46
635;201808;155
636;201808;203
638;201808;1769
678;201808;967
680;201808;873
681;201808;121
683;201808;133
684;201808;1276
686;201808;75
687;201808;65
689;201808;115
691;201808;60
694;201808;1250
697;201808;41
698;201808;2482
700;201808;159
702;201808;107
704;201808;75
707;201808;104
710;201808;1022
729;201808;350
732;201808;88
734;201808;2209
738;201808;53
739;201808;70
740;201808;1421
742;201808;29
743;201808;2091
746;201808;114
747;201808;53
748;201808;159
749;201808;526
751;201808;61
753;201808;431
755;201808;139
758;201808;225
759;201808;47
761;201808;239
762;201808;122
765;201808;279
768;201808;73
777;201808;215
778;201808;190
781;201808;104
783;201808;146
785;201808;69
790;201808;595
791;201808;131
831;201808;142
832;201808;102
833;201808;28
834;201808;154
837;201808;14214
844;201808;42
845;201808;80
846;201808;134
848;201808;203
849;201808;66
850;201808;62
851;201808;796
853;201808;10341
854;201808;63
857;201808;75
858;201808;809
859;201808;171
886;201808;358
887;201808;209
889;201808;67
890;201808;31
892;201808;106
893;201808;124
895;201808;306
905;201808;2924
908;201808;798
911;201808;45
915;201808;1049
918;201808;42
921;201808;51
922;201808;106
924;201808;62
925;201808;105
927;201808;844
931;201808;147
934;201808;63
935;201808;116
936;201808;166
946;201808;152
976;201808;83
977;201808;538
980;201808;899
981;201808;68
989;201808;139
992;201808;827
005;201809;209
009;201809;46
010;201809;267
016;201809;191
018;201809;107
019;201809;91
020;201809;528
046;201809;48
047;201809;54
049;201809;10122
050;201809;259
051;201809;187
052;201809;41
061;201809;740
069;201809;207
071;201809;188
072;201809;11
074;201809;25
075;201809;795
077;201809;162
078;201809;315
079;201809;285
081;201809;115
082;201809;220
086;201809;203
090;201809;118
091;201809;28769
092;201809;9722
097;201809;66
098;201809;635
099;201809;45
102;201809;283
103;201809;65
105;201809;52
106;201809;1852
108;201809;311
109;201809;2729
111;201809;705
139;201809;264
140;201809;825
142;201809;195
143;201809;189
145;201809;261
146;201809;178
148;201809;175
149;201809;99
151;201809;41
152;201809;113
153;201809;1338
165;201809;457
167;201809;4662
169;201809;153
171;201809;113
172;201809;167
176;201809;238
177;201809;46
178;201809;139
179;201809;7663
181;201809;53
182;201809;826
186;201809;1448
199;201809;149
202;201809;824
204;201809;113
205;201809;1581
208;201809;290
211;201809;803
213;201809;161
214;201809;437
216;201809;41
217;201809;136
218;201809;24
224;201809;279
226;201809;129
230;201809;87
231;201809;19
232;201809;386
233;201809;327
235;201809;199
236;201809;105
239;201809;59
240;201809;982
241;201809;189
244;201809;363
245;201809;1430
249;201809;332
250;201809;53
256;201809;45
257;201809;1077
260;201809;439
261;201809;122
263;201809;253
265;201809;33
271;201809;276
272;201809;1533
273;201809;80
275;201809;72
276;201809;474
280;201809;31
284;201809;50
285;201809;3042
286;201809;3384
287;201809;97
288;201809;117
290;201809;250
291;201809;64
297;201809;4754
300;201809;48
301;201809;532
304;201809;19
305;201809;469
309;201809;370
312;201809;34
316;201809;140
317;201809;78
320;201809;194
322;201809;136
398;201809;6612
399;201809;181
400;201809;135
402;201809;312
403;201809;39
405;201809;3133
407;201809;80
408;201809;300
410;201809;460
416;201809;75
418;201809;610
420;201809;288
421;201809;16
422;201809;655
423;201809;312
425;201809;182
426;201809;475
430;201809;507
433;201809;152
434;201809;457
435;201809;22
436;201809;50
440;201809;55
441;201809;113
444;201809;1577
445;201809;211
475;201809;91
478;201809;5
480;201809;55
481;201809;135
483;201809;24
484;201809;84
489;201809;62
491;201809;2025
494;201809;279
495;201809;56
498;201809;41
499;201809;335
500;201809;244
503;201809;195
504;201809;66
505;201809;425
507;201809;149
508;201809;361
529;201809;449
531;201809;227
535;201809;237
536;201809;1177
538;201809;78
541;201809;283
543;201809;833
545;201809;133
560;201809;489
561;201809;31
562;201809;274
563;201809;212
564;201809;10108
576;201809;77
577;201809;179
578;201809;115
580;201809;143
581;201809;217
583;201809;36
584;201809;64
588;201809;51
592;201809;126
593;201809;725
595;201809;107
598;201809;662
599;201809;125
601;201809;113
604;201809;485
607;201809;186
608;201809;67
609;201809;3192
611;201809;91
614;201809;86
615;201809;207
616;201809;53
619;201809;79
620;201809;97
623;201809;56
624;201809;152
625;201809;71
626;201809;145
630;201809;26
631;201809;37
635;201809;146
636;201809;186
638;201809;1683
678;201809;895
680;201809;836
681;201809;113
683;201809;128
684;201809;1220
686;201809;75
687;201809;62
689;201809;101
691;201809;60
694;201809;1189
697;201809;40
698;201809;2352
700;201809;157
702;201809;99
704;201809;74
707;201809;116
710;201809;983
729;201809;344
732;201809;80
734;201809;2139
738;201809;59
739;201809;68
740;201809;1359
742;201809;25
743;201809;1975
746;201809;101
747;201809;51
748;201809;143
749;201809;473
751;201809;61
753;201809;398
755;201809;136
758;201809;201
759;201809;45
761;201809;239
762;201809;120
765;201809;262
768;201809;73
777;201809;204
778;201809;188
781;201809;102
783;201809;141
785;201809;62
790;201809;553
791;201809;128
831;201809;138
832;201809;90
833;201809;26
834;201809;148
837;201809;13355
844;201809;41
845;201809;70
846;201809;126
848;201809;199
849;201809;62
850;201809;63
851;201809;752
853;201809;9852
854;201809;62
857;201809;76
858;201809;770
859;201809;157
886;201809;333
887;201809;203
889;201809;62
890;201809;27
892;201809;101
893;201809;114
895;201809;289
905;201809;2811
908;201809;772
911;201809;49
915;201809;1002
918;201809;40
921;201809;47
922;201809;89
924;201809;53
925;201809;97
927;201809;768
931;201809;144
934;201809;60
935;201809;113
936;201809;163
946;201809;145
976;201809;80
977;201809;480
980;201809;825
981;201809;68
989;201809;134
992;201809;795
005;201810;211
009;201810;54
010;201810;292
016;201810;197
018;201810;108
019;201810;95
020;201810;528
046;201810;46
047;201810;64
049;201810;10329
050;201810;278
051;201810;192
052;201810;44
061;201810;763
069;201810;217
071;201810;201
072;201810;11
074;201810;28
075;201810;816
077;201810;154
078;201810;330
079;201810;305
081;201810;117
082;201810;218
086;201810;229
090;201810;117
091;201810;29188
092;201810;9962
097;201810;72
098;201810;659
099;201810;47
102;201810;299
103;201810;60
105;201810;55
106;201810;1917
108;201810;307
109;201810;2774
111;201810;731
139;201810;281
140;201810;825
142;201810;208
143;201810;198
145;201810;284
146;201810;177
148;201810;183
149;201810;107
151;201810;45
152;201810;117
153;201810;1364
165;201810;473
167;201810;4691
169;201810;158
171;201810;115
172;201810;169
176;201810;233
177;201810;49
178;201810;142
179;201810;7723
181;201810;61
182;201810;857
186;201810;1469
199;201810;135
202;201810;827
204;201810;106
205;201810;1611
208;201810;319
211;201810;824
213;201810;167
214;201810;461
216;201810;46
217;201810;140
218;201810;24
224;201810;294
226;201810;123
230;201810;89
231;201810;19
232;201810;389
233;201810;343
235;201810;204
236;201810;121
239;201810;54
240;201810;1035
241;201810;205
244;201810;388
245;201810;1466
249;201810;358
250;201810;55
256;201810;47
257;201810;1107
260;201810;442
261;201810;129
263;201810;262
265;201810;34
271;201810;280
272;201810;1594
273;201810;88
275;201810;76
276;201810;479
280;201810;32
284;201810;53
285;201810;3060
286;201810;3512
287;201810;100
288;201810;118
290;201810;283
291;201810;71
297;201810;4779
300;201810;50
301;201810;544
304;201810;20
305;201810;524
309;201810;376
312;201810;35
316;201810;148
317;201810;80
320;201810;215
322;201810;136
398;201810;6732
399;201810;172
400;201810;127
402;201810;320
403;201810;39
405;201810;3201
407;201810;80
408;201810;320
410;201810;464
416;201810;80
418;201810;644
420;201810;287
421;201810;16
422;201810;668
423;201810;325
425;201810;189
426;201810;466
430;201810;504
433;201810;158
434;201810;453
435;201810;19
436;201810;53
440;201810;56
441;201810;123
444;201810;1597
445;201810;222
475;201810;98
480;201810;53
481;201810;137
483;201810;22
484;201810;86
489;201810;63
491;201810;2101
494;201810;289
495;201810;57
498;201810;43
499;201810;334
500;201810;234
503;201810;181
504;201810;70
505;201810;436
507;201810;146
508;201810;380
529;201810;491
531;201810;232
535;201810;250
536;201810;1193
538;201810;84
541;201810;295
543;201810;847
545;201810;136
560;201810;495
561;201810;33
562;201810;280
563;201810;232
564;201810;10406
576;201810;79
577;201810;187
578;201810;125
580;201810;148
581;201810;216
583;201810;35
584;201810;64
588;201810;56
592;201810;124
593;201810;744
595;201810;109
598;201810;687
599;201810;129
601;201810;120
604;201810;475
607;201810;189
608;201810;68
609;201810;3276
611;201810;86
614;201810;90
615;201810;227
616;201810;58
619;201810;91
620;201810;98
623;201810;63
624;201810;148
625;201810;74
626;201810;162
630;201810;24
631;201810;38
635;201810;154
636;201810;193
638;201810;1737
678;201810;964
680;201810;869
681;201810;118
683;201810;125
684;201810;1260
686;201810;80
687;201810;63
689;201810;105
691;201810;57
694;201810;1225
697;201810;44
698;201810;2408
700;201810;156
702;201810;112
704;201810;69
707;201810;109
710;201810;1002
729;201810;350
732;201810;89
734;201810;2243
738;201810;59
739;201810;63
740;201810;1451
742;201810;27
743;201810;2068
746;201810;117
747;201810;53
748;201810;148
749;201810;469
751;201810;58
753;201810;412
755;201810;138
758;201810;209
759;201810;40
761;201810;247
762;201810;123
765;201810;278
768;201810;69
777;201810;229
778;201810;201
781;201810;112
783;201810;141
785;201810;59
790;201810;577
791;201810;139
831;201810;139
832;201810;102
833;201810;23
834;201810;152
837;201810;13740
844;201810;37
845;201810;76
846;201810;130
848;201810;207
849;201810;64
850;201810;58
851;201810;785
853;201810;10069
854;201810;64
857;201810;78
858;201810;787
859;201810;160
886;201810;349
887;201810;207
889;201810;66
890;201810;29
892;201810;106
893;201810;137
895;201810;288
905;201810;2827
908;201810;775
911;201810;50
915;201810;1042
918;201810;43
921;201810;45
922;201810;96
924;201810;60
925;201810;107
927;201810;829
931;201810;138
934;201810;58
935;201810;119
936;201810;174
946;201810;143
976;201810;85
977;201810;520
980;201810;850
981;201810;71
989;201810;146
992;201810;782
005;201811;223
009;201811;55
010;201811;278
016;201811;205
018;201811;114
019;201811;87
020;201811;525
046;201811;47
047;201811;61
049;201811;10373
050;201811;268
051;201811;196
052;201811;43
061;201811;761
069;201811;230
071;201811;194
072;201811;14
074;201811;23
075;201811;814
077;201811;153
078;201811;335
079;201811;285
081;201811;108
082;201811;219
086;201811;228
090;201811;121
091;201811;29071
092;201811;9857
097;201811;67
098;201811;646
099;201811;45
102;201811;302
103;201811;65
105;201811;57
106;201811;1902
108;201811;320
109;201811;2817
111;201811;721
139;201811;288
140;201811;837
142;201811;216
143;201811;185
145;201811;274
146;201811;188
148;201811;171
149;201811;106
151;201811;47
152;201811;119
153;201811;1395
165;201811;481
167;201811;4702
169;201811;160
171;201811;109
172;201811;173
176;201811;243
177;201811;48
178;201811;142
179;201811;7610
181;201811;57
182;201811;862
186;201811;1477
199;201811;123
202;201811;843
204;201811;110
205;201811;1588
208;201811;324
211;201811;802
213;201811;171
214;201811;470
216;201811;47
217;201811;142
218;201811;24
224;201811;303
226;201811;134
230;201811;88
231;201811;15
232;201811;392
233;201811;335
235;201811;205
236;201811;117
239;201811;60
240;201811;1038
241;201811;206
244;201811;395
245;201811;1441
249;201811;343
250;201811;65
256;201811;50
257;201811;1098
260;201811;436
261;201811;134
263;201811;269
265;201811;33
271;201811;286
272;201811;1565
273;201811;99
275;201811;74
276;201811;488
280;201811;32
284;201811;51
285;201811;3069
286;201811;3519
287;201811;112
288;201811;119
290;201811;269
291;201811;73
297;201811;4708
300;201811;46
301;201811;535
304;201811;17
305;201811;529
309;201811;384
312;201811;34
316;201811;147
317;201811;80
320;201811;217
322;201811;138
398;201811;6732
399;201811;184
400;201811;135
402;201811;334
403;201811;43
405;201811;3230
407;201811;77
408;201811;321
410;201811;472
416;201811;83
418;201811;638
420;201811;296
421;201811;15
422;201811;666
423;201811;316
425;201811;188
426;201811;487
430;201811;507
433;201811;151
434;201811;479
435;201811;18
436;201811;52
440;201811;49
441;201811;133
444;201811;1564
445;201811;230
475;201811;95
480;201811;58
481;201811;134
483;201811;24
484;201811;93
489;201811;64
491;201811;2090
494;201811;287
495;201811;57
498;201811;47
499;201811;345
500;201811;242
503;201811;182
504;201811;82
505;201811;428
507;201811;146
508;201811;382
529;201811;478
531;201811;233
535;201811;248
536;201811;1193
538;201811;82
541;201811;301
543;201811;885
545;201811;141
560;201811;501
561;201811;34
562;201811;295
563;201811;216
564;201811;10255
576;201811;79
577;201811;182
578;201811;134
580;201811;155
581;201811;220
583;201811;38
584;201811;65
588;201811;53
592;201811;129
593;201811;727
595;201811;104
598;201811;676
599;201811;114
601;201811;122
604;201811;492
607;201811;185
608;201811;63
609;201811;3296
611;201811;88
614;201811;79
615;201811;242
616;201811;59
619;201811;92
620;201811;104
623;201811;60
624;201811;139
625;201811;78
626;201811;154
630;201811;24
631;201811;38
635;201811;158
636;201811;175
638;201811;1760
678;201811;970
680;201811;842
681;201811;110
683;201811;132
684;201811;1255
686;201811;79
687;201811;63
689;201811;118
691;201811;56
694;201811;1185
697;201811;42
698;201811;2351
700;201811;158
702;201811;117
704;201811;73
707;201811;120
710;201811;1018
729;201811;365
732;201811;89
734;201811;2213
738;201811;54
739;201811;72
740;201811;1472
742;201811;25
743;201811;2099
746;201811;113
747;201811;52
748;201811;145
749;201811;505
751;201811;52
753;201811;432
755;201811;139
758;201811;203
759;201811;43
761;201811;254
762;201811;127
765;201811;275
768;201811;71
777;201811;227
778;201811;205
781;201811;109
783;201811;152
785;201811;65
790;201811;567
791;201811;146
831;201811;138
832;201811;97
833;201811;23
834;201811;146
837;201811;13616
844;201811;41
845;201811;78
846;201811;128
848;201811;216
849;201811;61
850;201811;63
851;201811;775
853;201811;9948
854;201811;62
857;201811;76
858;201811;789
859;201811;154
886;201811;357
887;201811;210
889;201811;64
890;201811;28
892;201811;102
893;201811;131
895;201811;290
905;201811;2793
908;201811;776
911;201811;47
915;201811;1031
918;201811;41
921;201811;46
922;201811;93
924;201811;63
925;201811;101
927;201811;816
931;201811;141
934;201811;57
935;201811;122
936;201811;177
946;201811;163
976;201811;86
977;201811;507
980;201811;821
981;201811;73
989;201811;145
992;201811;761
005;201812;218
009;201812;52
010;201812;270
016;201812;189
018;201812;120
019;201812;91
020;201812;503
046;201812;46
047;201812;52
049;201812;10117
050;201812;274
051;201812;192
052;201812;44
061;201812;733
069;201812;216
071;201812;183
072;201812;11
074;201812;23
075;201812;796
077;201812;160
078;201812;328
079;201812;288
081;201812;104
082;201812;222
086;201812;231
090;201812;117
091;201812;28364
092;201812;9674
097;201812;61
098;201812;636
099;201812;49
102;201812;301
103;201812;68
105;201812;56
106;201812;1859
108;201812;295
109;201812;2775
111;201812;715
139;201812;273
140;201812;832
142;201812;212
143;201812;173
145;201812;273
146;201812;187
148;201812;161
149;201812;105
151;201812;44
152;201812;113
153;201812;1348
165;201812;475
167;201812;4593
169;201812;151
171;201812;117
172;201812;165
176;201812;236
177;201812;47
178;201812;142
179;201812;7420
181;201812;60
182;201812;844
186;201812;1442
199;201812;106
202;201812;807
204;201812;108
205;201812;1536
208;201812;302
211;201812;776
213;201812;166
214;201812;470
216;201812;42
217;201812;147
218;201812;22
224;201812;299
226;201812;122
230;201812;86
231;201812;18
232;201812;375
233;201812;334
235;201812;198
236;201812;114
239;201812;61
240;201812;1015
241;201812;201
244;201812;390
245;201812;1420
249;201812;324
250;201812;59
256;201812;47
257;201812;1046
260;201812;430
261;201812;123
263;201812;260
265;201812;34
271;201812;283
272;201812;1510
273;201812;94
275;201812;72
276;201812;484
280;201812;35
284;201812;52
285;201812;3034
286;201812;3529
287;201812;108
288;201812;113
290;201812;269
291;201812;70
297;201812;4600
300;201812;47
301;201812;519
304;201812;18
305;201812;535
309;201812;377
312;201812;41
316;201812;146
317;201812;84
320;201812;209
322;201812;140
398;201812;6576
399;201812;171
400;201812;126
402;201812;322
403;201812;41
405;201812;3176
407;201812;75
408;201812;301
410;201812;468
416;201812;77
418;201812;603
420;201812;287
421;201812;18
422;201812;646
423;201812;296
425;201812;176
426;201812;480
430;201812;492
433;201812;135
434;201812;472
435;201812;15
436;201812;48
440;201812;55
441;201812;131
444;201812;1536
445;201812;227
475;201812;110
480;201812;50
481;201812;120
483;201812;23
484;201812;82
489;201812;65
491;201812;2060
494;201812;281
495;201812;57
498;201812;42
499;201812;326
500;201812;236
503;201812;171
504;201812;79
505;201812;426
507;201812;152
508;201812;363
529;201812;486
531;201812;227
535;201812;249
536;201812;1160
538;201812;78
541;201812;294
543;201812;849
545;201812;129
560;201812;488
561;201812;34
562;201812;285
563;201812;218
564;201812;9858
576;201812;82
577;201812;182
578;201812;130
580;201812;151
581;201812;209
583;201812;35
584;201812;59
588;201812;53
592;201812;131
593;201812;701
595;201812;105
598;201812;687
599;201812;112
601;201812;128
604;201812;468
607;201812;183
608;201812;59
609;201812;3253
611;201812;78
614;201812;74
615;201812;234
616;201812;56
619;201812;95
620;201812;98
623;201812;63
624;201812;149
625;201812;77
626;201812;169
630;201812;24
631;201812;31
635;201812;154
636;201812;181
638;201812;1732
678;201812;938
680;201812;835
681;201812;107
683;201812;117
684;201812;1250
686;201812;82
687;201812;65
689;201812;119
691;201812;55
694;201812;1154
697;201812;38
698;201812;2232
700;201812;154
702;201812;114
704;201812;74
707;201812;118
710;201812;1011
729;201812;365
732;201812;88
734;201812;2189
738;201812;53
739;201812;73
740;201812;1451
742;201812;28
743;201812;2045
746;201812;111
747;201812;52
748;201812;142
749;201812;509
751;201812;55
753;201812;425
755;201812;138
758;201812;183
759;201812;38
761;201812;232
762;201812;120
765;201812;269
768;201812;70
777;201812;218
778;201812;201
781;201812;106
783;201812;144
785;201812;74
790;201812;542
791;201812;150
831;201812;135
832;201812;96
833;201812;23
834;201812;147
837;201812;13192
844;201812;38
845;201812;79
846;201812;110
848;201812;216
849;201812;57
850;201812;61
851;201812;758
853;201812;9719
854;201812;67
857;201812;84
858;201812;754
859;201812;157
886;201812;353
887;201812;204
889;201812;60
890;201812;30
892;201812;97
893;201812;117
895;201812;295
905;201812;2788
908;201812;758
911;201812;46
915;201812;1005
918;201812;42
921;201812;49
922;201812;88
924;201812;58
925;201812;99
927;201812;809
931;201812;149
934;201812;57
935;201812;120
936;201812;183
946;201812;158
976;201812;90
977;201812;491
980;201812;783
981;201812;68
989;201812;150
992;201812;760
005;201901;241
009;201901;56
010;201901;296
016;201901;193
018;201901;124
019;201901;93
020;201901;528
046;201901;46
047;201901;61
049;201901;10498
050;201901;279
051;201901;197
052;201901;42
061;201901;751
069;201901;242
071;201901;188
072;201901;12
074;201901;18
075;201901;804
077;201901;164
078;201901;342
079;201901;305
081;201901;107
082;201901;234
086;201901;229
090;201901;118
091;201901;29281
092;201901;10098
097;201901;69
098;201901;670
099;201901;49
102;201901;309
103;201901;66
105;201901;57
106;201901;1950
108;201901;311
109;201901;2938
111;201901;746
139;201901;305
140;201901;844
142;201901;210
143;201901;196
145;201901;290
146;201901;200
148;201901;156
149;201901;101
151;201901;44
152;201901;128
153;201901;1381
165;201901;499
167;201901;4862
169;201901;162
171;201901;118
172;201901;179
176;201901;251
177;201901;49
178;201901;143
179;201901;7851
181;201901;61
182;201901;873
186;201901;1495
199;201901;121
202;201901;840
204;201901;117
205;201901;1636
208;201901;317
211;201901;816
213;201901;173
214;201901;492
216;201901;41
217;201901;150
218;201901;27
224;201901;312
226;201901;130
230;201901;79
231;201901;17
232;201901;411
233;201901;349
235;201901;205
236;201901;117
239;201901;64
240;201901;1092
241;201901;225
244;201901;410
245;201901;1425
249;201901;355
250;201901;53
256;201901;49
257;201901;1099
260;201901;448
261;201901;117
263;201901;272
265;201901;36
271;201901;293
272;201901;1632
273;201901;78
275;201901;78
276;201901;510
280;201901;44
284;201901;51
285;201901;3119
286;201901;3653
287;201901;122
288;201901;116
290;201901;274
291;201901;74
297;201901;4764
300;201901;50
301;201901;546
304;201901;19
305;201901;527
309;201901;383
312;201901;37
316;201901;156
317;201901;80
320;201901;217
322;201901;150
398;201901;6876
399;201901;183
400;201901;122
402;201901;327
403;201901;43
405;201901;3301
407;201901;74
408;201901;324
410;201901;499
416;201901;86
418;201901;633
420;201901;294
421;201901;19
422;201901;651
423;201901;312
425;201901;192
426;201901;525
430;201901;558
433;201901;150
434;201901;500
435;201901;14
436;201901;54
440;201901;60
441;201901;132
444;201901;1621
445;201901;249
475;201901;119
480;201901;52
481;201901;137
483;201901;22
484;201901;88
489;201901;66
491;201901;2200
494;201901;293
495;201901;59
498;201901;40
499;201901;355
500;201901;249
503;201901;190
504;201901;82
505;201901;443
507;201901;162
508;201901;395
529;201901;506
531;201901;231
535;201901;260
536;201901;1224
538;201901;81
541;201901;300
543;201901;935
545;201901;139
560;201901;510
561;201901;35
562;201901;299
563;201901;217
564;201901;10501
576;201901;83
577;201901;183
578;201901;132
580;201901;161
581;201901;218
583;201901;32
584;201901;68
588;201901;52
592;201901;134
593;201901;725
595;201901;118
598;201901;697
599;201901;125
601;201901;136
604;201901;479
607;201901;205
608;201901;65
609;201901;3369
611;201901;83
614;201901;84
615;201901;265
616;201901;59
619;201901;92
620;201901;96
623;201901;67
624;201901;152
625;201901;78
626;201901;175
630;201901;30
631;201901;35
635;201901;164
636;201901;183
638;201901;1819
678;201901;1006
680;201901;850
681;201901;118
683;201901;116
684;201901;1304
686;201901;90
687;201901;63
689;201901;126
691;201901;58
694;201901;1209
697;201901;41
698;201901;2290
700;201901;151
702;201901;115
704;201901;74
707;201901;112
710;201901;1024
729;201901;391
732;201901;98
734;201901;2260
738;201901;55
739;201901;73
740;201901;1530
742;201901;26
743;201901;2111
746;201901;118
747;201901;57
748;201901;149
749;201901;521
751;201901;55
753;201901;440
755;201901;141
758;201901;195
759;201901;40
761;201901;241
762;201901;135
765;201901;273
768;201901;68
777;201901;234
778;201901;220
781;201901;117
783;201901;154
785;201901;78
790;201901;593
791;201901;167
831;201901;147
832;201901;99
833;201901;27
834;201901;144
837;201901;13878
844;201901;43
845;201901;78
846;201901;122
848;201901;236
849;201901;57
850;201901;67
851;201901;799
853;201901;10189
854;201901;64
857;201901;88
858;201901;804
859;201901;169
886;201901;353
887;201901;213
889;201901;68
890;201901;28
892;201901;108
893;201901;130
895;201901;300
905;201901;2901
908;201901;788
911;201901;52
915;201901;1070
918;201901;46
921;201901;54
922;201901;94
924;201901;58
925;201901;104
927;201901;838
931;201901;152
934;201901;63
935;201901;124
936;201901;179
946;201901;162
976;201901;98
977;201901;527
980;201901;815
981;201901;69
989;201901;149
992;201901;811
005;201902;227
009;201902;50
010;201902;307
016;201902;196
018;201902;117
019;201902;87
020;201902;533
046;201902;43
047;201902;65
049;201902;10138
050;201902;269
051;201902;181
052;201902;46
061;201902;753
069;201902;232
071;201902;185
072;201902;15
074;201902;20
075;201902;791
077;201902;159
078;201902;325
079;201902;286
081;201902;109
082;201902;226
086;201902;223
090;201902;106
091;201902;28236
092;201902;9753
097;201902;64
098;201902;643
099;201902;54
102;201902;304
103;201902;65
105;201902;61
106;201902;1902
108;201902;305
109;201902;2848
111;201902;723
139;201902;294
140;201902;824
142;201902;205
143;201902;194
145;201902;276
146;201902;189
148;201902;153
149;201902;95
151;201902;48
152;201902;121
153;201902;1319
165;201902;489
167;201902;4712
169;201902;155
171;201902;116
172;201902;175
176;201902;243
177;201902;46
178;201902;142
179;201902;7570
181;201902;61
182;201902;837
186;201902;1433
199;201902;104
202;201902;796
204;201902;114
205;201902;1593
208;201902;308
211;201902;793
213;201902;170
214;201902;492
216;201902;39
217;201902;156
218;201902;22
224;201902;309
226;201902;130
230;201902;81
231;201902;17
232;201902;386
233;201902;343
235;201902;177
236;201902;109
239;201902;68
240;201902;1021
241;201902;216
244;201902;405
245;201902;1435
249;201902;340
250;201902;55
256;201902;49
257;201902;1068
260;201902;443
261;201902;111
263;201902;263
265;201902;36
271;201902;299
272;201902;1578
273;201902;74
275;201902;77
276;201902;482
280;201902;42
284;201902;47
285;201902;3020
286;201902;3550
287;201902;116
288;201902;116
290;201902;271
291;201902;78
297;201902;4678
300;201902;52
301;201902;540
304;201902;20
305;201902;505
309;201902;372
312;201902;36
316;201902;156
317;201902;70
320;201902;219
322;201902;143
398;201902;6785
399;201902;179
400;201902;131
402;201902;316
403;201902;45
405;201902;3177
407;201902;78
408;201902;322
410;201902;470
416;201902;85
418;201902;611
420;201902;292
421;201902;16
422;201902;642
423;201902;322
425;201902;185
426;201902;495
430;201902;537
433;201902;147
434;201902;478
435;201902;15
436;201902;54
440;201902;50
441;201902;126
444;201902;1574
445;201902;247
475;201902;107
480;201902;53
481;201902;131
483;201902;24
484;201902;87
489;201902;63
491;201902;2114
494;201902;294
495;201902;56
498;201902;32
499;201902;325
500;201902;230
503;201902;181
504;201902;78
505;201902;429
507;201902;149
508;201902;393
529;201902;479
531;201902;227
535;201902;242
536;201902;1199
538;201902;78
541;201902;298
543;201902;894
545;201902;133
560;201902;516
561;201902;33
562;201902;295
563;201902;222
564;201902;10146
576;201902;84
577;201902;174
578;201902;135
580;201902;149
581;201902;210
583;201902;29
584;201902;67
588;201902;51
592;201902;121
593;201902;711
595;201902;120
598;201902;677
599;201902;126
601;201902;135
604;201902;463
607;201902;195
608;201902;62
609;201902;3278
611;201902;93
614;201902;73
615;201902;255
616;201902;53
619;201902;86
620;201902;99
623;201902;68
624;201902;135
625;201902;83
626;201902;160
630;201902;29
631;201902;34
635;201902;159
636;201902;170
638;201902;1799
678;201902;979
680;201902;826
681;201902;109
683;201902;118
684;201902;1258
686;201902;85
687;201902;72
689;201902;106
691;201902;60
694;201902;1181
697;201902;37
698;201902;2272
700;201902;148
702;201902;114
704;201902;79
707;201902;112
710;201902;998
729;201902;376
732;201902;100
734;201902;2177
738;201902;55
739;201902;76
740;201902;1489
742;201902;27
743;201902;2095
746;201902;110
747;201902;54
748;201902;151
749;201902;511
751;201902;55
753;201902;422
755;201902;133
758;201902;177
759;201902;41
761;201902;244
762;201902;127
765;201902;281
768;201902;71
777;201902;226
778;201902;201
781;201902;115
783;201902;147
785;201902;70
790;201902;577
791;201902;153
831;201902;144
832;201902;104
833;201902;26
834;201902;152
837;201902;13616
844;201902;44
845;201902;79
846;201902;118
848;201902;217
849;201902;61
850;201902;63
851;201902;785
853;201902;9885
854;201902;68
857;201902;86
858;201902;795
859;201902;157
886;201902;357
887;201902;209
889;201902;60
890;201902;35
892;201902;105
893;201902;130
895;201902;284
905;201902;2812
908;201902;758
911;201902;52
915;201902;1044
918;201902;45
921;201902;53
922;201902;91
924;201902;56
925;201902;103
927;201902;821
931;201902;142
934;201902;58
935;201902;119
936;201902;177
946;201902;164
976;201902;96
977;201902;496
980;201902;800
981;201902;68
989;201902;151
992;201902;774
005;201903;218
009;201903;53
010;201903;309
016;201903;191
018;201903;126
019;201903;100
020;201903;530
046;201903;44
047;201903;67
049;201903;10293
050;201903;285
051;201903;188
052;201903;47
061;201903;766
069;201903;222
071;201903;195
072;201903;12
074;201903;22
075;201903;802
077;201903;160
078;201903;323
079;201903;299
081;201903;104
082;201903;220
086;201903;226
090;201903;107
091;201903;28719
092;201903;9893
097;201903;72
098;201903;638
099;201903;53
102;201903;315
103;201903;66
105;201903;59
106;201903;1927
108;201903;306
109;201903;2869
111;201903;727
139;201903;292
140;201903;863
142;201903;208
143;201903;194
145;201903;277
146;201903;186
148;201903;152
149;201903;98
151;201903;42
152;201903;118
153;201903;1349
165;201903;490
167;201903;4766
169;201903;165
171;201903;120
172;201903;170
176;201903;245
177;201903;49
178;201903;138
179;201903;7795
181;201903;57
182;201903;882
186;201903;1455
199;201903;113
202;201903;816
204;201903;109
205;201903;1591
208;201903;318
211;201903;793
213;201903;185
214;201903;492
216;201903;46
217;201903;153
218;201903;23
224;201903;317
226;201903;131
230;201903;84
231;201903;18
232;201903;383
233;201903;345
235;201903;199
236;201903;118
239;201903;71
240;201903;1028
241;201903;198
244;201903;382
245;201903;1439
249;201903;377
250;201903;53
256;201903;50
257;201903;1102
260;201903;466
261;201903;101
263;201903;268
265;201903;35
271;201903;283
272;201903;1577
273;201903;69
275;201903;75
276;201903;500
280;201903;41
284;201903;54
285;201903;3113
286;201903;3612
287;201903;117
288;201903;114
290;201903;288
291;201903;74
297;201903;4745
300;201903;56
301;201903;557
304;201903;22
305;201903;495
309;201903;381
312;201903;38
316;201903;157
317;201903;64
320;201903;223
322;201903;159
398;201903;6887
399;201903;169
400;201903;134
402;201903;319
403;201903;51
405;201903;3218
407;201903;78
408;201903;325
410;201903;482
416;201903;83
418;201903;621
420;201903;295
421;201903;22
422;201903;680
423;201903;317
425;201903;185
426;201903;495
430;201903;548
433;201903;138
434;201903;486
435;201903;15
436;201903;52
440;201903;50
441;201903;130
444;201903;1579
445;201903;248
475;201903;112
480;201903;52
481;201903;131
483;201903;23
484;201903;84
489;201903;67
491;201903;2160
494;201903;299
495;201903;60
498;201903;25
499;201903;338
500;201903;234
503;201903;179
504;201903;82
505;201903;432
507;201903;146
508;201903;382
529;201903;481
531;201903;231
535;201903;245
536;201903;1206
538;201903;80
541;201903;294
543;201903;922
545;201903;134
560;201903;516
561;201903;33
562;201903;303
563;201903;220
564;201903;10318
576;201903;85
577;201903;189
578;201903;142
580;201903;163
581;201903;216
583;201903;29
584;201903;70
588;201903;51
592;201903;125
593;201903;718
595;201903;122
598;201903;712
599;201903;133
601;201903;135
604;201903;484
607;201903;190
608;201903;64
609;201903;3350
611;201903;86
614;201903;77
615;201903;254
616;201903;66
619;201903;86
620;201903;100
623;201903;65
624;201903;137
625;201903;82
626;201903;174
630;201903;26
631;201903;38
635;201903;160
636;201903;181
638;201903;1791
678;201903;970
680;201903;835
681;201903;125
683;201903;115
684;201903;1258
686;201903;89
687;201903;70
689;201903;114
691;201903;56
694;201903;1166
697;201903;41
698;201903;2248
700;201903;150
702;201903;113
704;201903;79
707;201903;111
710;201903;1030
729;201903;382
732;201903;93
734;201903;2214
738;201903;55
739;201903;70
740;201903;1530
742;201903;28
743;201903;2116
746;201903;116
747;201903;51
748;201903;151
749;201903;518
751;201903;52
753;201903;443
755;201903;136
758;201903;174
759;201903;46
761;201903;262
762;201903;124
765;201903;275
768;201903;71
777;201903;234
778;201903;203
781;201903;120
783;201903;149
785;201903;71
790;201903;594
791;201903;162
831;201903;132
832;201903;108
833;201903;28
834;201903;153
837;201903;13852
844;201903;45
845;201903;80
846;201903;122
848;201903;217
849;201903;67
850;201903;65
851;201903;772
853;201903;10084
854;201903;75
857;201903;89
858;201903;842
859;201903;153
886;201903;357
887;201903;211
889;201903;63
890;201903;34
892;201903;107
893;201903;131
895;201903;296
905;201903;2851
908;201903;783
911;201903;53
915;201903;1044
918;201903;45
921;201903;59
922;201903;98
924;201903;64
925;201903;104
927;201903;830
931;201903;143
934;201903;63
935;201903;123
936;201903;175
946;201903;164
976;201903;102
977;201903;511
980;201903;794
981;201903;66
989;201903;150
992;201903;802
005;201904;222
009;201904;50
010;201904;302
016;201904;197
018;201904;128
019;201904;90
020;201904;534
046;201904;43
047;201904;59
049;201904;10335
050;201904;275
051;201904;165
052;201904;37
061;201904;744
069;201904;216
071;201904;192
072;201904;15
074;201904;22
075;201904;809
077;201904;155
078;201904;335
079;201904;289
081;201904;98
082;201904;216
086;201904;215
090;201904;106
091;201904;28773
092;201904;9912
097;201904;75
098;201904;645
099;201904;48
102;201904;306
103;201904;66
105;201904;51
106;201904;1911
108;201904;313
109;201904;2833
111;201904;749
139;201904;293
140;201904;844
142;201904;225
143;201904;197
145;201904;272
146;201904;184
148;201904;165
149;201904;107
151;201904;46
152;201904;119
153;201904;1349
165;201904;491
167;201904;4776
169;201904;163
171;201904;121
172;201904;177
176;201904;246
177;201904;49
178;201904;132
179;201904;7697
181;201904;58
182;201904;878
186;201904;1450
199;201904;119
202;201904;770
204;201904;118
205;201904;1607
208;201904;318
211;201904;790
213;201904;176
214;201904;475
216;201904;42
217;201904;150
218;201904;21
224;201904;308
226;201904;130
230;201904;77
231;201904;17
232;201904;379
233;201904;338
235;201904;208
236;201904;125
239;201904;74
240;201904;1047
241;201904;199
244;201904;387
245;201904;1445
249;201904;395
250;201904;50
256;201904;51
257;201904;1082
260;201904;466
261;201904;102
263;201904;257
265;201904;37
271;201904;284
272;201904;1574
273;201904;65
275;201904;75
276;201904;509
280;201904;43
284;201904;52
285;201904;3140
286;201904;3600
287;201904;112
288;201904;120
290;201904;286
291;201904;76
297;201904;4741
300;201904;58
301;201904;534
304;201904;19
305;201904;489
309;201904;384
312;201904;38
316;201904;147
317;201904;65
320;201904;222
322;201904;149
398;201904;6886
399;201904;164
400;201904;128
402;201904;308
403;201904;52
405;201904;3227
407;201904;80
408;201904;333
410;201904;490
416;201904;89
418;201904;612
420;201904;290
421;201904;23
422;201904;679
423;201904;304
425;201904;175
426;201904;491
430;201904;549
433;201904;132
434;201904;471
435;201904;16
436;201904;50
440;201904;55
441;201904;132
444;201904;1553
445;201904;258
475;201904;108
480;201904;53
481;201904;123
483;201904;24
484;201904;88
489;201904;61
491;201904;2144
494;201904;289
495;201904;59
498;201904;25
499;201904;320
500;201904;244
503;201904;178
504;201904;81
505;201904;445
507;201904;150
508;201904;375
529;201904;472
531;201904;235
535;201904;249
536;201904;1202
538;201904;74
541;201904;306
543;201904;907
545;201904;137
560;201904;527
561;201904;32
562;201904;303
563;201904;216
564;201904;10278
576;201904;85
577;201904;178
578;201904;135
580;201904;155
581;201904;215
583;201904;27
584;201904;62
588;201904;51
592;201904;127
593;201904;697
595;201904;121
598;201904;709
599;201904;131
601;201904;130
604;201904;478
607;201904;187
608;201904;64
609;201904;3325
611;201904;86
614;201904;61
615;201904;260
616;201904;68
619;201904;81
620;201904;96
623;201904;70
624;201904;142
625;201904;80
626;201904;174
630;201904;28
631;201904;34
635;201904;157
636;201904;167
638;201904;1815
678;201904;972
680;201904;784
681;201904;125
683;201904;115
684;201904;1219
686;201904;95
687;201904;68
689;201904;113
691;201904;60
694;201904;1154
697;201904;38
698;201904;2271
700;201904;150
702;201904;117
704;201904;70
707;201904;108
710;201904;1044
729;201904;386
732;201904;92
734;201904;2096
738;201904;52
739;201904;73
740;201904;1544
742;201904;29
743;201904;2092
746;201904;113
747;201904;52
748;201904;147
749;201904;523
751;201904;55
753;201904;443
755;201904;147
758;201904;185
759;201904;46
761;201904;253
762;201904;124
765;201904;274
768;201904;66
777;201904;245
778;201904;208
781;201904;120
783;201904;146
785;201904;73
790;201904;574
791;201904;169
831;201904;132
832;201904;108
833;201904;30
834;201904;149
837;201904;13826
844;201904;47
845;201904;71
846;201904;113
848;201904;217
849;201904;68
850;201904;65
851;201904;742
853;201904;9880
854;201904;67
857;201904;86
858;201904;832
859;201904;147
886;201904;346
887;201904;216
889;201904;62
890;201904;31
892;201904;103
893;201904;121
895;201904;289
905;201904;2799
908;201904;775
911;201904;52
915;201904;1023
918;201904;44
921;201904;60
922;201904;102
924;201904;64
925;201904;103
927;201904;817
931;201904;140
934;201904;61
935;201904;124
936;201904;166
946;201904;150
976;201904;95
977;201904;493
980;201904;789
981;201904;68
989;201904;164
992;201904;805
005;201905;225
009;201905;51
010;201905;300
016;201905;194
018;201905;133
019;201905;97
020;201905;542
046;201905;45
047;201905;66
049;201905;10458
050;201905;297
051;201905;192
052;201905;36
061;201905;762
069;201905;219
071;201905;187
072;201905;16
074;201905;24
075;201905;812
077;201905;168
078;201905;329
079;201905;297
081;201905;99
082;201905;224
086;201905;227
090;201905;105
091;201905;29096
092;201905;9950
097;201905;71
098;201905;638
099;201905;54
102;201905;299
103;201905;67
105;201905;57
106;201905;1884
108;201905;308
109;201905;2848
111;201905;729
139;201905;298
140;201905;825
142;201905;216
143;201905;196
145;201905;279
146;201905;191
148;201905;177
149;201905;108
151;201905;45
152;201905;121
153;201905;1361
165;201905;492
167;201905;4782
169;201905;171
171;201905;127
172;201905;171
176;201905;250
177;201905;56
178;201905;139
179;201905;7848
181;201905;56
182;201905;866
186;201905;1462
199;201905;132
202;201905;793
204;201905;113
205;201905;1574
208;201905;319
211;201905;810
213;201905;169
214;201905;465
216;201905;42
217;201905;159
218;201905;23
224;201905;320
226;201905;126
230;201905;84
231;201905;20
232;201905;382
233;201905;338
235;201905;209
236;201905;124
239;201905;74
240;201905;1068
241;201905;202
244;201905;414
245;201905;1464
249;201905;369
250;201905;45
256;201905;57
257;201905;1072
260;201905;455
261;201905;107
263;201905;250
265;201905;36
271;201905;296
272;201905;1609
273;201905;80
275;201905;72
276;201905;493
280;201905;43
284;201905;57
285;201905;3109
286;201905;3595
287;201905;106
288;201905;123
290;201905;288
291;201905;74
297;201905;4778
300;201905;59
301;201905;537
304;201905;20
305;201905;511
309;201905;378
312;201905;39
316;201905;150
317;201905;64
320;201905;223
322;201905;154
398;201905;6994
399;201905;170
400;201905;130
402;201905;291
403;201905;49
405;201905;3228
407;201905;79
408;201905;329
410;201905;486
416;201905;85
418;201905;655
420;201905;291
421;201905;22
422;201905;687
423;201905;319
425;201905;185
426;201905;484
430;201905;532
433;201905;135
434;201905;486
435;201905;15
436;201905;52
440;201905;54
441;201905;124
444;201905;1560
445;201905;257
475;201905;106
480;201905;54
481;201905;129
483;201905;22
484;201905;94
489;201905;67
491;201905;2081
494;201905;301
495;201905;60
498;201905;32
499;201905;332
500;201905;246
503;201905;183
504;201905;73
505;201905;450
507;201905;142
508;201905;389
529;201905;458
531;201905;233
535;201905;261
536;201905;1204
538;201905;74
541;201905;290
543;201905;924
545;201905;136
560;201905;522
561;201905;31
562;201905;301
563;201905;211
564;201905;10407
576;201905;83
577;201905;173
578;201905;140
580;201905;152
581;201905;223
583;201905;24
584;201905;65
588;201905;52
592;201905;124
593;201905;711
595;201905;114
598;201905;719
599;201905;137
601;201905;131
604;201905;471
607;201905;195
608;201905;66
609;201905;3380
611;201905;85
614;201905;71
615;201905;244
616;201905;72
619;201905;86
620;201905;99
623;201905;64
624;201905;144
625;201905;81
626;201905;173
630;201905;25
631;201905;35
635;201905;166
636;201905;171
638;201905;1817
678;201905;1014
680;201905;797
681;201905;121
683;201905;115
684;201905;1251
686;201905;94
687;201905;66
689;201905;120
691;201905;55
694;201905;1158
697;201905;42
698;201905;2330
700;201905;152
702;201905;113
704;201905;74
707;201905;109
710;201905;1029
729;201905;391
732;201905;88
734;201905;2132
738;201905;54
739;201905;73
740;201905;1539
742;201905;32
743;201905;2099
746;201905;105
747;201905;53
748;201905;145
749;201905;524
751;201905;54
753;201905;434
755;201905;148
758;201905;183
759;201905;38
761;201905;266
762;201905;118
765;201905;276
768;201905;69
777;201905;249
778;201905;219
781;201905;110
783;201905;153
785;201905;68
790;201905;579
791;201905;170
831;201905;132
832;201905;115
833;201905;33
834;201905;157
837;201905;14134
844;201905;45
845;201905;77
846;201905;117
848;201905;216
849;201905;74
850;201905;68
851;201905;738
853;201905;10085
854;201905;69
857;201905;85
858;201905;817
859;201905;143
886;201905;343
887;201905;214
889;201905;59
890;201905;31
892;201905;104
893;201905;132
895;201905;301
905;201905;2839
908;201905;795
911;201905;52
915;201905;1028
918;201905;40
921;201905;60
922;201905;104
924;201905;70
925;201905;91
927;201905;802
931;201905;133
934;201905;58
935;201905;119
936;201905;173
946;201905;148
976;201905;99
977;201905;490
980;201905;805
981;201905;76
989;201905;169
992;201905;794
005;201906;221
009;201906;48
010;201906;270
016;201906;184
018;201906;118
019;201906;94
020;201906;504
046;201906;44
047;201906;63
049;201906;10066
050;201906;261
051;201906;173
052;201906;37
061;201906;734
069;201906;204
071;201906;162
072;201906;14
074;201906;21
075;201906;772
077;201906;144
078;201906;314
079;201906;283
081;201906;93
082;201906;206
086;201906;215
090;201906;94
091;201906;27992
092;201906;9560
097;201906;63
098;201906;578
099;201906;50
102;201906;286
103;201906;59
105;201906;55
106;201906;1782
108;201906;280
109;201906;2742
111;201906;672
139;201906;278
140;201906;774
142;201906;200
143;201906;194
145;201906;261
146;201906;181
148;201906;182
149;201906;95
151;201906;39
152;201906;117
153;201906;1239
165;201906;467
167;201906;4607
169;201906;155
171;201906;115
172;201906;155
176;201906;214
177;201906;56
178;201906;128
179;201906;7558
181;201906;49
182;201906;805
186;201906;1384
199;201906;109
202;201906;761
204;201906;109
205;201906;1516
208;201906;276
211;201906;786
213;201906;159
214;201906;438
216;201906;37
217;201906;148
218;201906;20
224;201906;305
226;201906;113
230;201906;79
231;201906;16
232;201906;366
233;201906;312
235;201906;207
236;201906;109
239;201906;67
240;201906;1004
241;201906;187
244;201906;376
245;201906;1389
249;201906;358
250;201906;43
256;201906;49
257;201906;1039
260;201906;428
261;201906;124
263;201906;240
265;201906;36
271;201906;291
272;201906;1493
273;201906;77
275;201906;76
276;201906;480
280;201906;38
284;201906;54
285;201906;2937
286;201906;3326
287;201906;105
288;201906;112
290;201906;269
291;201906;71
297;201906;4540
300;201906;56
301;201906;496
304;201906;18
305;201906;466
309;201906;350
312;201906;39
316;201906;143
317;201906;59
320;201906;209
322;201906;133
398;201906;6605
399;201906;157
400;201906;120
402;201906;287
403;201906;41
405;201906;2988
407;201906;78
408;201906;307
410;201906;442
416;201906;85
418;201906;620
420;201906;284
421;201906;19
422;201906;661
423;201906;288
425;201906;180
426;201906;469
430;201906;502
433;201906;123
434;201906;453
435;201906;12
436;201906;55
440;201906;49
441;201906;112
444;201906;1475
445;201906;223
475;201906;102
480;201906;52
481;201906;130
483;201906;20
484;201906;88
489;201906;62
491;201906;1967
494;201906;276
495;201906;58
498;201906;35
499;201906;310
500;201906;230
503;201906;178
504;201906;70
505;201906;404
507;201906;138
508;201906;363
529;201906;446
531;201906;225
535;201906;232
536;201906;1159
538;201906;70
541;201906;270
543;201906;879
545;201906;126
560;201906;497
561;201906;32
562;201906;290
563;201906;197
564;201906;9972
576;201906;76
577;201906;163
578;201906;125
580;201906;143
581;201906;205
583;201906;27
584;201906;59
588;201906;50
592;201906;117
593;201906;672
595;201906;114
598;201906;672
599;201906;125
601;201906;129
604;201906;459
607;201906;179
608;201906;60
609;201906;3220
611;201906;86
614;201906;64
615;201906;248
616;201906;64
619;201906;77
620;201906;89
623;201906;56
624;201906;136
625;201906;76
626;201906;164
630;201906;21
631;201906;29
635;201906;159
636;201906;170
638;201906;1720
678;201906;948
680;201906;778
681;201906;118
683;201906;112
684;201906;1186
686;201906;82
687;201906;58
689;201906;109
691;201906;50
694;201906;1124
697;201906;42
698;201906;2280
700;201906;139
702;201906;102
704;201906;71
707;201906;102
710;201906;990
729;201906;361
732;201906;85
734;201906;1990
738;201906;46
739;201906;59
740;201906;1416
742;201906;34
743;201906;1976
746;201906;106
747;201906;49
748;201906;135
749;201906;492
751;201906;44
753;201906;397
755;201906;140
758;201906;172
759;201906;40
761;201906;254
762;201906;117
765;201906;242
768;201906;59
777;201906;215
778;201906;191
781;201906;94
783;201906;143
785;201906;65
790;201906;529
791;201906;159
831;201906;126
832;201906;103
833;201906;27
834;201906;147
837;201906;13459
844;201906;43
845;201906;74
846;201906;106
848;201906;206
849;201906;64
850;201906;65
851;201906;702
853;201906;9699
854;201906;61
857;201906;76
858;201906;791
859;201906;143
886;201906;332
887;201906;196
889;201906;50
890;201906;30
892;201906;105
893;201906;123
895;201906;283
905;201906;2671
908;201906;758
911;201906;46
915;201906;964
918;201906;36
921;201906;56
922;201906;99
924;201906;69
925;201906;90
927;201906;762
931;201906;132
934;201906;57
935;201906;113
936;201906;157
946;201906;144
976;201906;91
977;201906;447
980;201906;759
981;201906;68
989;201906;140
992;201906;735
005;201907;217
009;201907;49
010;201907;268
016;201907;188
018;201907;117
019;201907;99
020;201907;512
046;201907;44
047;201907;64
049;201907;10512
050;201907;264
051;201907;172
052;201907;37
061;201907;717
069;201907;209
071;201907;165
072;201907;14
074;201907;20
075;201907;796
077;201907;137
078;201907;314
079;201907;281
081;201907;96
082;201907;204
086;201907;212
090;201907;92
091;201907;29007
092;201907;9940
097;201907;61
098;201907;621
099;201907;44
102;201907;284
103;201907;62
105;201907;58
106;201907;1878
108;201907;292
109;201907;2789
111;201907;699
139;201907;292
140;201907;800
142;201907;212
143;201907;198
145;201907;263
146;201907;188
148;201907;183
149;201907;100
151;201907;38
152;201907;115
153;201907;1293
165;201907;465
167;201907;4807
169;201907;140
171;201907;119
172;201907;165
176;201907;221
177;201907;54
178;201907;123
179;201907;7870
181;201907;52
182;201907;820
186;201907;1430
199;201907;131
202;201907;764
204;201907;115
205;201907;1563
208;201907;266
211;201907;810
213;201907;159
214;201907;456
216;201907;40
217;201907;140
218;201907;17
224;201907;327
226;201907;106
230;201907;74
231;201907;16
232;201907;362
233;201907;315
235;201907;218
236;201907;117
239;201907;60
240;201907;990
241;201907;204
244;201907;404
245;201907;1445
249;201907;342
250;201907;44
256;201907;52
257;201907;1078
260;201907;425
261;201907;130
263;201907;260
265;201907;35
271;201907;281
272;201907;1528
273;201907;74
275;201907;81
276;201907;502
280;201907;35
284;201907;50
285;201907;2989
286;201907;3456
287;201907;102
288;201907;116
290;201907;263
291;201907;74
297;201907;4678
300;201907;59
301;201907;518
304;201907;12
305;201907;478
309;201907;366
312;201907;36
316;201907;142
317;201907;55
320;201907;214
322;201907;128
398;201907;6836
399;201907;165
400;201907;132
402;201907;277
403;201907;41
405;201907;3089
407;201907;87
408;201907;308
410;201907;491
416;201907;88
418;201907;631
420;201907;281
421;201907;16
422;201907;638
423;201907;300
425;201907;199
426;201907;499
430;201907;522
433;201907;140
434;201907;453
435;201907;14
436;201907;51
440;201907;57
441;201907;116
444;201907;1525
445;201907;225
475;201907;102
480;201907;52
481;201907;128
483;201907;18
484;201907;96
489;201907;61
491;201907;2045
494;201907;284
495;201907;53
498;201907;35
499;201907;335
500;201907;237
503;201907;183
504;201907;76
505;201907;428
507;201907;141
508;201907;356
529;201907;446
531;201907;235
535;201907;243
536;201907;1199
538;201907;69
541;201907;275
543;201907;898
545;201907;126
560;201907;505
561;201907;28
562;201907;272
563;201907;206
564;201907;10254
576;201907;69
577;201907;175
578;201907;128
580;201907;138
581;201907;195
583;201907;28
584;201907;59
588;201907;51
592;201907;121
593;201907;671
595;201907;119
598;201907;678
599;201907;123
601;201907;128
604;201907;485
607;201907;182
608;201907;61
609;201907;3366
611;201907;92
614;201907;74
615;201907;221
616;201907;60
619;201907;78
620;201907;83
623;201907;49
624;201907;138
625;201907;78
626;201907;168
630;201907;22
631;201907;32
635;201907;165
636;201907;168
638;201907;1766
678;201907;971
680;201907;810
681;201907;117
683;201907;109
684;201907;1197
686;201907;72
687;201907;55
689;201907;108
691;201907;55
694;201907;1158
697;201907;46
698;201907;2328
700;201907;143
702;201907;96
704;201907;80
707;201907;100
710;201907;1008
729;201907;366
732;201907;80
734;201907;1995
738;201907;47
739;201907;61
740;201907;1404
742;201907;31
743;201907;1993
746;201907;118
747;201907;52
748;201907;142
749;201907;511
751;201907;46
753;201907;428
755;201907;158
758;201907;169
759;201907;39
761;201907;248
762;201907;111
765;201907;251
768;201907;62
777;201907;208
778;201907;184
781;201907;105
783;201907;144
785;201907;65
790;201907;562
791;201907;150
831;201907;131
832;201907;100
833;201907;32
834;201907;146
837;201907;13815
844;201907;38
845;201907;79
846;201907;107
848;201907;211
849;201907;70
850;201907;71
851;201907;708
853;201907;9868
854;201907;65
857;201907;72
858;201907;825
859;201907;154
886;201907;339
887;201907;195
889;201907;50
890;201907;27
892;201907;102
893;201907;128
895;201907;279
905;201907;2744
908;201907;799
911;201907;53
915;201907;963
918;201907;36
921;201907;56
922;201907;109
924;201907;67
925;201907;88
927;201907;806
931;201907;133
934;201907;54
935;201907;116
936;201907;163
946;201907;148
976;201907;91
977;201907;457
980;201907;800
981;201907;69
989;201907;140
992;201907;768
005;201908;219
009;201908;48
010;201908;279
016;201908;195
018;201908;117
019;201908;90
020;201908;501
046;201908;48
047;201908;62
049;201908;10812
050;201908;251
051;201908;169
052;201908;37
061;201908;728
069;201908;200
071;201908;171
072;201908;14
074;201908;22
075;201908;777
077;201908;139
078;201908;309
079;201908;287
081;201908;98
082;201908;209
086;201908;209
090;201908;91
091;201908;29366
092;201908;10112
097;201908;70
098;201908;617
099;201908;47
102;201908;293
103;201908;60
105;201908;54
106;201908;1888
108;201908;291
109;201908;2791
111;201908;681
139;201908;274
140;201908;771
142;201908;204
143;201908;199
145;201908;272
146;201908;188
148;201908;170
149;201908;104
151;201908;39
152;201908;116
153;201908;1262
165;201908;466
167;201908;4742
169;201908;146
171;201908;115
172;201908;151
176;201908;218
177;201908;54
178;201908;127
179;201908;7760
181;201908;54
182;201908;805
186;201908;1469
199;201908;139
202;201908;788
204;201908;110
205;201908;1566
208;201908;256
211;201908;814
213;201908;171
214;201908;470
216;201908;39
217;201908;140
218;201908;19
224;201908;328
226;201908;111
230;201908;67
231;201908;15
232;201908;356
233;201908;326
235;201908;222
236;201908;98
239;201908;55
240;201908;981
241;201908;193
244;201908;384
245;201908;1457
249;201908;343
250;201908;46
256;201908;52
257;201908;1111
260;201908;424
261;201908;130
263;201908;243
265;201908;37
271;201908;268
272;201908;1512
273;201908;74
275;201908;79
276;201908;496
280;201908;35
284;201908;46
285;201908;2950
286;201908;3425
287;201908;101
288;201908;120
290;201908;265
291;201908;65
297;201908;4613
300;201908;58
301;201908;506
304;201908;16
305;201908;460
309;201908;371
312;201908;35
316;201908;154
317;201908;58
320;201908;210
322;201908;138
398;201908;6796
399;201908;159
400;201908;122
402;201908;282
403;201908;42
405;201908;3124
407;201908;86
408;201908;310
410;201908;466
416;201908;86
418;201908;656
420;201908;290
421;201908;19
422;201908;619
423;201908;317
425;201908;195
426;201908;473
430;201908;539
433;201908;130
434;201908;481
435;201908;14
436;201908;47
440;201908;63
441;201908;121
444;201908;1542
445;201908;228
475;201908;107
480;201908;47
481;201908;132
483;201908;16
484;201908;96
489;201908;64
491;201908;2046
494;201908;293
495;201908;51
498;201908;32
499;201908;337
500;201908;235
503;201908;181
504;201908;77
505;201908;432
507;201908;142
508;201908;359
529;201908;443
531;201908;244
535;201908;237
536;201908;1167
538;201908;74
541;201908;276
543;201908;917
545;201908;124
560;201908;525
561;201908;30
562;201908;276
563;201908;199
564;201908;10138
576;201908;69
577;201908;162
578;201908;128
580;201908;134
581;201908;201
583;201908;30
584;201908;63
588;201908;50
592;201908;123
593;201908;664
595;201908;121
598;201908;665
599;201908;136
601;201908;129
604;201908;492
607;201908;181
608;201908;58
609;201908;3418
611;201908;94
614;201908;71
615;201908;215
616;201908;64
619;201908;81
620;201908;87
623;201908;42
624;201908;134
625;201908;79
626;201908;165
630;201908;20
631;201908;31
635;201908;157
636;201908;169
638;201908;1781
678;201908;946
680;201908;811
681;201908;111
683;201908;96
684;201908;1216
686;201908;67
687;201908;53
689;201908;112
691;201908;52
694;201908;1155
697;201908;48
698;201908;2308
700;201908;144
702;201908;98
704;201908;83
707;201908;105
710;201908;1007
729;201908;360
732;201908;79
734;201908;2025
738;201908;47
739;201908;68
740;201908;1355
742;201908;33
743;201908;2021
746;201908;112
747;201908;54
748;201908;138
749;201908;510
751;201908;48
753;201908;444
755;201908;153
758;201908;175
759;201908;41
761;201908;248
762;201908;112
765;201908;240
768;201908;65
777;201908;190
778;201908;197
781;201908;97
783;201908;139
785;201908;63
790;201908;570
791;201908;146
831;201908;128
832;201908;103
833;201908;34
834;201908;150
837;201908;13810
844;201908;40
845;201908;74
846;201908;98
848;201908;203
849;201908;61
850;201908;72
851;201908;697
853;201908;9942
854;201908;69
857;201908;76
858;201908;819
859;201908;139
886;201908;336
887;201908;180
889;201908;54
890;201908;22
892;201908;104
893;201908;124
895;201908;280
905;201908;2762
908;201908;768
911;201908;50
915;201908;947
918;201908;35
921;201908;58
922;201908;103
924;201908;72
925;201908;88
927;201908;839
931;201908;138
934;201908;49
935;201908;118
936;201908;166
946;201908;144
976;201908;93
977;201908;471
980;201908;820
981;201908;70
989;201908;143
992;201908;770
005;201909;207
009;201909;43
010;201909;265
016;201909;193
018;201909;109
019;201909;79
020;201909;491
046;201909;44
047;201909;56
049;201909;10512
050;201909;248
051;201909;173
052;201909;32
061;201909;690
069;201909;199
071;201909;165
072;201909;18
074;201909;23
075;201909;743
077;201909;142
078;201909;312
079;201909;275
081;201909;101
082;201909;199
086;201909;205
090;201909;95
091;201909;28651
092;201909;9848
097;201909;66
098;201909;606
099;201909;50
102;201909;282
103;201909;59
105;201909;56
106;201909;1850
108;201909;276
109;201909;2674
111;201909;705
139;201909;257
140;201909;767
142;201909;195
143;201909;198
145;201909;259
146;201909;195
148;201909;161
149;201909;101
151;201909;41
152;201909;116
153;201909;1270
165;201909;457
167;201909;4582
169;201909;159
171;201909;111
172;201909;149
176;201909;211
177;201909;55
178;201909;135
179;201909;7584
181;201909;48
182;201909;791
186;201909;1401
199;201909;162
202;201909;740
204;201909;112
205;201909;1493
208;201909;263
211;201909;767
213;201909;163
214;201909;459
216;201909;30
217;201909;124
218;201909;18
224;201909;318
226;201909;106
230;201909;69
231;201909;19
232;201909;354
233;201909;285
235;201909;201
236;201909;101
239;201909;56
240;201909;962
241;201909;183
244;201909;357
245;201909;1394
249;201909;339
250;201909;41
256;201909;52
257;201909;1090
260;201909;421
261;201909;117
263;201909;238
265;201909;34
271;201909;265
272;201909;1459
273;201909;69
275;201909;79
276;201909;474
280;201909;38
284;201909;43
285;201909;2895
286;201909;3310
287;201909;92
288;201909;114
290;201909;260
291;201909;65
297;201909;4479
300;201909;61
301;201909;507
304;201909;15
305;201909;458
309;201909;374
312;201909;35
316;201909;149
317;201909;67
320;201909;198
322;201909;139
398;201909;6767
399;201909;147
400;201909;120
402;201909;273
403;201909;42
405;201909;2986
407;201909;77
408;201909;308
410;201909;474
416;201909;85
418;201909;613
420;201909;283
421;201909;17
422;201909;609
423;201909;304
425;201909;187
426;201909;438
430;201909;511
433;201909;132
434;201909;480
435;201909;11
436;201909;50
440;201909;58
441;201909;120
444;201909;1492
445;201909;236
475;201909;90
480;201909;48
481;201909;130
483;201909;18
484;201909;93
489;201909;60
491;201909;1993
494;201909;283
495;201909;53
498;201909;32
499;201909;322
500;201909;217
503;201909;174
504;201909;73
505;201909;417
507;201909;145
508;201909;346
529;201909;419
531;201909;232
535;201909;222
536;201909;1105
538;201909;67
541;201909;283
543;201909;903
545;201909;111
560;201909;496
561;201909;31
562;201909;266
563;201909;193
564;201909;9715
576;201909;64
577;201909;156
578;201909;122
580;201909;134
581;201909;188
583;201909;27
584;201909;57
588;201909;52
592;201909;113
593;201909;648
595;201909;117
598;201909;654
599;201909;131
601;201909;119
604;201909;450
607;201909;185
608;201909;46
609;201909;3358
611;201909;83
614;201909;71
615;201909;207
616;201909;55
619;201909;75
620;201909;87
623;201909;45
624;201909;139
625;201909;75
626;201909;160
630;201909;17
631;201909;31
635;201909;153
636;201909;170
638;201909;1735
678;201909;934
680;201909;764
681;201909;103
683;201909;98
684;201909;1154
686;201909;70
687;201909;54
689;201909;110
691;201909;53
694;201909;1124
697;201909;44
698;201909;2237
700;201909;146
702;201909;102
704;201909;86
707;201909;100
710;201909;971
729;201909;356
732;201909;81
734;201909;1951
738;201909;50
739;201909;77
740;201909;1356
742;201909;30
743;201909;1967
746;201909;103
747;201909;57
748;201909;127
749;201909;483
751;201909;48
753;201909;429
755;201909;144
758;201909;167
759;201909;38
761;201909;226
762;201909;104
765;201909;242
768;201909;62
777;201909;193
778;201909;199
781;201909;99
783;201909;126
785;201909;59
790;201909;536
791;201909;147
831;201909;126
832;201909;103
833;201909;30
834;201909;148
837;201909;13233
844;201909;41
845;201909;70
846;201909;93
848;201909;200
849;201909;55
850;201909;69
851;201909;672
853;201909;9560
854;201909;70
857;201909;75
858;201909;779
859;201909;144
886;201909;325
887;201909;188
889;201909;54
890;201909;20
892;201909;100
893;201909;133
895;201909;275
905;201909;2683
908;201909;715
911;201909;50
915;201909;932
918;201909;34
921;201909;60
922;201909;92
924;201909;68
925;201909;85
927;201909;819
931;201909;143
934;201909;48
935;201909;107
936;201909;149
946;201909;144
976;201909;84
977;201909;444
980;201909;781
981;201909;66
989;201909;130
992;201909;725
005;201910;228
009;201910;42
010;201910;276
016;201910;189
018;201910;115
019;201910;80
020;201910;508
046;201910;45
047;201910;56
049;201910;10573
050;201910;261
051;201910;184
052;201910;33
061;201910;721
069;201910;206
071;201910;166
072;201910;17
074;201910;20
075;201910;767
077;201910;136
078;201910;321
079;201910;277
081;201910;102
082;201910;197
086;201910;220
090;201910;97
091;201910;28636
092;201910;9916
097;201910;69
098;201910;616
099;201910;49
102;201910;279
103;201910;58
105;201910;63
106;201910;1856
108;201910;282
109;201910;2749
111;201910;709
139;201910;258
140;201910;755
142;201910;205
143;201910;206
145;201910;267
146;201910;184
148;201910;163
149;201910;105
151;201910;44
152;201910;115
153;201910;1275
165;201910;470
167;201910;4482
169;201910;160
171;201910;116
172;201910;153
176;201910;209
177;201910;57
178;201910;127
179;201910;7557
181;201910;48
182;201910;798
186;201910;1408
199;201910;129
202;201910;756
204;201910;107
205;201910;1504
208;201910;262
211;201910;795
213;201910;167
214;201910;467
216;201910;29
217;201910;127
218;201910;17
224;201910;315
226;201910;106
230;201910;72
231;201910;17
232;201910;351
233;201910;310
235;201910;210
236;201910;99
239;201910;58
240;201910;971
241;201910;174
244;201910;345
245;201910;1417
249;201910;344
250;201910;45
256;201910;54
257;201910;1081
260;201910;433
261;201910;121
263;201910;245
265;201910;36
271;201910;268
272;201910;1503
273;201910;74
275;201910;76
276;201910;465
280;201910;33
284;201910;50
285;201910;2941
286;201910;3336
287;201910;90
288;201910;116
290;201910;261
291;201910;68
297;201910;4373
300;201910;69
301;201910;511
304;201910;17
305;201910;462
309;201910;379
312;201910;33
316;201910;146
317;201910;76
320;201910;198
322;201910;137
398;201910;6675
399;201910;154
400;201910;126
402;201910;282
403;201910;46
405;201910;2982
407;201910;83
408;201910;336
410;201910;456
416;201910;86
418;201910;627
420;201910;287
421;201910;15
422;201910;619
423;201910;310
425;201910;192
426;201910;450
430;201910;521
433;201910;137
434;201910;469
435;201910;13
436;201910;48
440;201910;54
441;201910;122
444;201910;1518
445;201910;255
475;201910;102
478;201910;4
480;201910;46
481;201910;129
483;201910;20
484;201910;86
489;201910;61
491;201910;2001
494;201910;271
495;201910;59
498;201910;30
499;201910;337
500;201910;220
503;201910;173
504;201910;75
505;201910;427
507;201910;146
508;201910;351
529;201910;426
531;201910;226
535;201910;226
536;201910;1135
538;201910;63
541;201910;293
543;201910;901
545;201910;124
560;201910;512
561;201910;30
562;201910;260
563;201910;197
564;201910;9647
576;201910;69
577;201910;162
578;201910;120
580;201910;131
581;201910;183
583;201910;25
584;201910;60
588;201910;49
592;201910;119
593;201910;658
595;201910;119
598;201910;661
599;201910;136
601;201910;120
604;201910;457
607;201910;177
608;201910;51
609;201910;3391
611;201910;77
614;201910;68
615;201910;215
616;201910;62
619;201910;71
620;201910;88
623;201910;50
624;201910;140
625;201910;63
626;201910;156
630;201910;24
631;201910;30
635;201910;153
636;201910;168
638;201910;1736
678;201910;969
680;201910;772
681;201910;105
683;201910;101
684;201910;1185
686;201910;79
687;201910;49
689;201910;111
691;201910;50
694;201910;1125
697;201910;44
698;201910;2201
700;201910;150
702;201910;108
704;201910;85
707;201910;105
710;201910;987
729;201910;370
732;201910;82
734;201910;2008
738;201910;49
739;201910;72
740;201910;1369
742;201910;28
743;201910;2020
746;201910;95
747;201910;52
748;201910;136
749;201910;488
751;201910;45
753;201910;446
755;201910;143
758;201910;177
759;201910;40
761;201910;237
762;201910;105
765;201910;252
768;201910;63
777;201910;208
778;201910;201
781;201910;101
783;201910;132
785;201910;64
790;201910;537
791;201910;143
831;201910;124
832;201910;110
833;201910;30
834;201910;152
837;201910;13352
844;201910;38
845;201910;79
846;201910;101
848;201910;208
849;201910;61
850;201910;70
851;201910;675
853;201910;9469
854;201910;66
857;201910;79
858;201910;758
859;201910;140
886;201910;339
887;201910;189
889;201910;61
890;201910;25
892;201910;101
893;201910;139
895;201910;280
905;201910;2654
908;201910;749
911;201910;56
915;201910;930
918;201910;37
921;201910;52
922;201910;99
924;201910;75
925;201910;88
927;201910;796
931;201910;138
934;201910;51
935;201910;118
936;201910;162
946;201910;144
976;201910;91
977;201910;474
980;201910;789
981;201910;72
989;201910;144
992;201910;742
005;201911;225
009;201911;43
010;201911;266
016;201911;191
018;201911;106
019;201911;72
020;201911;494
046;201911;40
047;201911;48
049;201911;10116
050;201911;259
051;201911;171
052;201911;32
061;201911;700
069;201911;206
071;201911;163
072;201911;17
074;201911;20
075;201911;746
077;201911;143
078;201911;308
079;201911;285
081;201911;91
082;201911;188
086;201911;209
090;201911;88
091;201911;27740
092;201911;9601
097;201911;72
098;201911;590
099;201911;46
102;201911;268
103;201911;61
105;201911;53
106;201911;1813
108;201911;266
109;201911;2665
111;201911;711
139;201911;242
140;201911;781
142;201911;193
143;201911;215
145;201911;257
146;201911;183
148;201911;154
149;201911;98
151;201911;42
152;201911;105
153;201911;1280
165;201911;458
167;201911;4398
169;201911;152
171;201911;119
172;201911;144
176;201911;198
177;201911;52
178;201911;126
179;201911;7314
181;201911;47
182;201911;798
186;201911;1345
199;201911;100
202;201911;710
204;201911;111
205;201911;1449
208;201911;269
211;201911;767
213;201911;165
214;201911;444
216;201911;28
217;201911;134
218;201911;12
224;201911;304
226;201911;109
230;201911;69
231;201911;16
232;201911;348
233;201911;299
235;201911;202
236;201911;98
239;201911;55
240;201911;988
241;201911;172
244;201911;325
245;201911;1353
249;201911;336
250;201911;45
256;201911;52
257;201911;1036
260;201911;410
261;201911;112
263;201911;240
265;201911;36
271;201911;257
272;201911;1455
273;201911;72
275;201911;69
276;201911;474
280;201911;33
284;201911;38
285;201911;2865
286;201911;3227
287;201911;91
288;201911;116
290;201911;255
291;201911;66
297;201911;4307
300;201911;66
301;201911;481
304;201911;17
305;201911;452
309;201911;374
312;201911;32
316;201911;148
317;201911;73
320;201911;209
322;201911;143
398;201911;6521
399;201911;152
400;201911;125
402;201911;280
403;201911;46
405;201911;2933
407;201911;83
408;201911;339
410;201911;473
416;201911;80
418;201911;609
420;201911;287
421;201911;13
422;201911;599
423;201911;281
425;201911;194
426;201911;428
430;201911;503
433;201911;123
434;201911;456
435;201911;13
436;201911;45
440;201911;54
441;201911;122
444;201911;1485
445;201911;249
475;201911;96
480;201911;49
481;201911;123
483;201911;21
484;201911;88
489;201911;62
491;201911;1977
494;201911;264
495;201911;51
498;201911;31
499;201911;344
500;201911;216
503;201911;169
504;201911;77
505;201911;416
507;201911;137
508;201911;346
529;201911;413
531;201911;220
535;201911;234
536;201911;1135
538;201911;58
541;201911;296
543;201911;873
545;201911;124
560;201911;494
561;201911;26
562;201911;259
563;201911;189
564;201911;9470
576;201911;71
577;201911;160
578;201911;120
580;201911;124
581;201911;179
583;201911;29
584;201911;58
588;201911;49
592;201911;111
593;201911;656
595;201911;117
598;201911;664
599;201911;136
601;201911;121
604;201911;443
607;201911;171
608;201911;54
609;201911;3324
611;201911;79
614;201911;62
615;201911;211
616;201911;59
619;201911;71
620;201911;81
623;201911;47
624;201911;136
625;201911;66
626;201911;158
630;201911;23
631;201911;31
635;201911;138
636;201911;153
638;201911;1643
678;201911;963
680;201911;742
681;201911;104
683;201911;99
684;201911;1157
686;201911;77
687;201911;46
689;201911;111
691;201911;51
694;201911;1114
697;201911;41
698;201911;2075
700;201911;151
702;201911;106
704;201911;75
707;201911;104
710;201911;976
729;201911;357
732;201911;87
734;201911;1962
738;201911;55
739;201911;75
740;201911;1338
742;201911;22
743;201911;1996
746;201911;89
747;201911;52
748;201911;128
749;201911;486
751;201911;45
753;201911;431
755;201911;129
758;201911;168
759;201911;41
761;201911;224
762;201911;104
765;201911;245
768;201911;64
777;201911;211
778;201911;201
781;201911;108
783;201911;136
785;201911;69
790;201911;528
791;201911;138
831;201911;117
832;201911;107
833;201911;32
834;201911;144
837;201911;12999
844;201911;45
845;201911;82
846;201911;94
848;201911;195
849;201911;60
850;201911;70
851;201911;680
853;201911;9145
854;201911;64
857;201911;75
858;201911;726
859;201911;136
886;201911;323
887;201911;174
889;201911;62
890;201911;23
892;201911;95
893;201911;129
895;201911;275
905;201911;2609
908;201911;723
911;201911;52
915;201911;940
918;201911;36
921;201911;52
922;201911;97
924;201911;66
925;201911;89
927;201911;784
931;201911;139
934;201911;46
935;201911;114
936;201911;157
946;201911;132
976;201911;93
977;201911;454
980;201911;764
981;201911;73
989;201911;148
992;201911;737
005;201912;222
009;201912;44
010;201912;278
016;201912;184
018;201912;109
019;201912;69
020;201912;507
046;201912;43
047;201912;47
049;201912;10249
050;201912;254
051;201912;165
052;201912;30
061;201912;730
069;201912;211
071;201912;165
072;201912;17
074;201912;19
075;201912;757
077;201912;145
078;201912;310
079;201912;284
081;201912;100
082;201912;182
086;201912;207
090;201912;95
091;201912;27990
092;201912;9842
097;201912;66
098;201912;601
099;201912;49
102;201912;277
103;201912;65
105;201912;65
106;201912;1857
108;201912;274
109;201912;2723
111;201912;704
139;201912;248
140;201912;759
142;201912;207
143;201912;208
145;201912;251
146;201912;194
148;201912;134
149;201912;109
151;201912;45
152;201912;112
153;201912;1322
165;201912;472
167;201912;4422
169;201912;149
171;201912;118
172;201912;141
176;201912;208
177;201912;53
178;201912;132
179;201912;7296
181;201912;49
182;201912;787
186;201912;1350
199;201912;144
202;201912;736
204;201912;113
205;201912;1415
208;201912;265
211;201912;776
213;201912;164
214;201912;468
216;201912;32
217;201912;137
218;201912;18
224;201912;297
226;201912;107
230;201912;67
231;201912;15
232;201912;361
233;201912;313
235;201912;204
236;201912;96
239;201912;58
240;201912;1016
241;201912;170
244;201912;330
245;201912;1353
249;201912;344
250;201912;48
256;201912;55
257;201912;1047
260;201912;432
261;201912;99
263;201912;236
265;201912;37
271;201912;264
272;201912;1448
273;201912;74
275;201912;74
276;201912;476
280;201912;38
284;201912;45
285;201912;2939
286;201912;3355
287;201912;97
288;201912;121
290;201912;242
291;201912;61
297;201912;4330
300;201912;65
301;201912;496
304;201912;18
305;201912;439
309;201912;368
312;201912;35
316;201912;157
317;201912;72
320;201912;190
322;201912;131
398;201912;6630
399;201912;151
400;201912;140
402;201912;273
403;201912;46
405;201912;2996
407;201912;84
408;201912;324
410;201912;468
416;201912;81
418;201912;596
420;201912;283
421;201912;11
422;201912;600
423;201912;286
425;201912;181
426;201912;424
430;201912;511
433;201912;129
434;201912;454
435;201912;14
436;201912;46
440;201912;55
441;201912;133
444;201912;1515
445;201912;250
475;201912;106
480;201912;54
481;201912;133
483;201912;23
484;201912;87
489;201912;59
491;201912;1966
494;201912;265
495;201912;52
498;201912;26
499;201912;361
500;201912;214
503;201912;172
504;201912;71
505;201912;420
507;201912;142
508;201912;352
529;201912;416
531;201912;227
535;201912;235
536;201912;1145
538;201912;65
541;201912;289
543;201912;873
545;201912;124
560;201912;495
561;201912;30
562;201912;262
563;201912;192
564;201912;9505
576;201912;61
577;201912;174
578;201912;121
580;201912;150
581;201912;196
583;201912;25
584;201912;61
588;201912;50
592;201912;118
593;201912;657
595;201912;115
598;201912;669
599;201912;136
601;201912;118
604;201912;441
607;201912;162
608;201912;53
609;201912;3373
611;201912;80
614;201912;68
615;201912;219
616;201912;59
619;201912;67
620;201912;79
623;201912;47
624;201912;152
625;201912;65
626;201912;151
630;201912;23
631;201912;34
635;201912;152
636;201912;159
638;201912;1711
678;201912;964
680;201912;736
681;201912;102
683;201912;98
684;201912;1192
686;201912;72
687;201912;47
689;201912;123
691;201912;55
694;201912;1083
697;201912;34
698;201912;2017
700;201912;142
702;201912;108
704;201912;72
707;201912;101
710;201912;982
729;201912;357
732;201912;88
734;201912;2005
738;201912;54
739;201912;74
740;201912;1344
742;201912;28
743;201912;1985
746;201912;102
747;201912;57
748;201912;127
749;201912;480
751;201912;45
753;201912;438
755;201912;133
758;201912;154
759;201912;42
761;201912;223
762;201912;104
765;201912;244
768;201912;63
777;201912;222
778;201912;199
781;201912;101
783;201912;146
785;201912;75
790;201912;537
791;201912;147
831;201912;116
832;201912;106
833;201912;32
834;201912;148
837;201912;13043
844;201912;42
845;201912;84
846;201912;90
848;201912;192
849;201912;62
850;201912;63
851;201912;696
853;201912;9135
854;201912;68
857;201912;80
858;201912;734
859;201912;143
886;201912;333
887;201912;173
889;201912;55
890;201912;25
892;201912;97
893;201912;128
895;201912;343
905;201912;2655
908;201912;733
911;201912;54
915;201912;959
918;201912;38
921;201912;52
922;201912;104
924;201912;71
925;201912;94
927;201912;801
931;201912;136
934;201912;45
935;201912;118
936;201912;164
946;201912;143
976;201912;98
977;201912;445
980;201912;774
981;201912;76
989;201912;157
992;201912;720
005;202001;230
009;202001;45
010;202001;288
016;202001;186
018;202001;118
019;202001;71
020;202001;530
046;202001;47
047;202001;42
049;202001;10526
050;202001;266
051;202001;169
052;202001;32
061;202001;751
069;202001;214
071;202001;168
072;202001;20
074;202001;19
075;202001;761
077;202001;152
078;202001;327
079;202001;302
081;202001;96
082;202001;205
086;202001;219
090;202001;98
091;202001;28710
092;202001;10071
097;202001;67
098;202001;592
099;202001;53
102;202001;290
103;202001;66
105;202001;64
106;202001;1882
108;202001;288
109;202001;2829
111;202001;726
139;202001;269
140;202001;805
142;202001;204
143;202001;216
145;202001;259
146;202001;191
148;202001;132
149;202001;105
151;202001;47
152;202001;117
153;202001;1354
165;202001;476
167;202001;4648
169;202001;154
171;202001;124
172;202001;158
176;202001;221
177;202001;54
178;202001;140
179;202001;7624
181;202001;48
182;202001;828
186;202001;1406
199;202001;180
202;202001;766
204;202001;113
205;202001;1496
208;202001;271
211;202001;798
213;202001;174
214;202001;468
216;202001;28
217;202001;145
218;202001;19
224;202001;302
226;202001;113
230;202001;72
231;202001;16
232;202001;363
233;202001;328
235;202001;210
236;202001;101
239;202001;63
240;202001;1059
241;202001;169
244;202001;375
245;202001;1397
249;202001;354
250;202001;50
256;202001;52
257;202001;1064
260;202001;444
261;202001;103
263;202001;252
265;202001;37
271;202001;285
272;202001;1532
273;202001;69
275;202001;72
276;202001;509
280;202001;42
284;202001;46
285;202001;3001
286;202001;3447
287;202001;113
288;202001;118
290;202001;255
291;202001;60
297;202001;4591
300;202001;67
301;202001;507
304;202001;20
305;202001;482
309;202001;372
312;202001;41
316;202001;157
317;202001;82
320;202001;204
322;202001;147
398;202001;6851
399;202001;149
400;202001;155
402;202001;284
403;202001;52
405;202001;3094
407;202001;78
408;202001;349
410;202001;510
416;202001;83
418;202001;619
420;202001;298
421;202001;12
422;202001;625
423;202001;303
425;202001;201
426;202001;466
430;202001;532
433;202001;131
434;202001;474
435;202001;16
436;202001;53
440;202001;55
441;202001;137
444;202001;1540
445;202001;265
475;202001;116
480;202001;56
481;202001;143
483;202001;24
484;202001;90
489;202001;63
491;202001;2090
494;202001;286
495;202001;54
498;202001;21
499;202001;363
500;202001;231
503;202001;176
504;202001;71
505;202001;408
507;202001;153
508;202001;363
529;202001;438
531;202001;234
535;202001;238
536;202001;1180
538;202001;67
541;202001;376
543;202001;893
545;202001;131
560;202001;525
561;202001;30
562;202001;278
563;202001;202
564;202001;9892
576;202001;67
577;202001;179
578;202001;122
580;202001;153
581;202001;196
583;202001;21
584;202001;67
588;202001;50
592;202001;123
593;202001;688
595;202001;123
598;202001;681
599;202001;131
601;202001;126
604;202001;456
607;202001;175
608;202001;59
609;202001;3492
611;202001;86
614;202001;63
615;202001;238
616;202001;57
619;202001;74
620;202001;86
623;202001;47
624;202001;143
625;202001;74
626;202001;151
630;202001;26
631;202001;38
635;202001;155
636;202001;163
638;202001;1756
678;202001;996
680;202001;780
681;202001;106
683;202001;101
684;202001;1228
686;202001;82
687;202001;50
689;202001;125
691;202001;55
694;202001;1131
697;202001;37
698;202001;2051
700;202001;148
702;202001;111
704;202001;80
707;202001;106
710;202001;1008
729;202001;383
732;202001;93
734;202001;2057
738;202001;51
739;202001;80
740;202001;1419
742;202001;27
743;202001;2053
746;202001;108
747;202001;60
748;202001;130
749;202001;508
751;202001;50
753;202001;465
755;202001;125
758;202001;170
759;202001;54
761;202001;230
762;202001;106
765;202001;247
768;202001;66
777;202001;223
778;202001;207
781;202001;111
783;202001;149
785;202001;81
790;202001;555
791;202001;155
831;202001;122
832;202001;106
833;202001;32
834;202001;160
837;202001;13461
844;202001;51
845;202001;81
846;202001;96
848;202001;198
849;202001;64
850;202001;61
851;202001;724
853;202001;9472
854;202001;73
857;202001;81
858;202001;767
859;202001;158
886;202001;338
887;202001;183
889;202001;57
890;202001;28
892;202001;95
893;202001;140
895;202001;377
905;202001;2728
908;202001;757
915;202001;994
918;202001;39
921;202001;62
922;202001;110
924;202001;70
925;202001;101
927;202001;816
931;202001;144
934;202001;49
935;202001;126
936;202001;171
946;202001;140
976;202001;106
977;202001;484
980;202001;817
981;202001;78
989;202001;166
992;202001;755
005;202002;234
009;202002;47
010;202002;287
016;202002;183
018;202002;113
019;202002;73
020;202002;514
046;202002;47
047;202002;44
049;202002;10248
050;202002;279
051;202002;174
052;202002;45
061;202002;754
069;202002;208
071;202002;166
072;202002;19
074;202002;20
075;202002;735
077;202002;151
078;202002;316
079;202002;291
081;202002;99
082;202002;202
086;202002;206
090;202002;94
091;202002;28098
092;202002;9878
097;202002;64
098;202002;604
099;202002;49
102;202002;297
103;202002;65
105;202002;66
106;202002;1835
108;202002;281
109;202002;2758
111;202002;733
139;202002;257
140;202002;772
142;202002;189
143;202002;214
145;202002;261
146;202002;193
148;202002;136
149;202002;97
151;202002;47
152;202002;105
153;202002;1321
165;202002;471
167;202002;4522
169;202002;147
171;202002;109
172;202002;155
176;202002;216
177;202002;59
178;202002;134
179;202002;7456
181;202002;44
182;202002;817
186;202002;1395
199;202002;184
202;202002;733
204;202002;112
205;202002;1417
208;202002;277
211;202002;756
213;202002;161
214;202002;473
216;202002;29
217;202002;145
218;202002;18
224;202002;296
226;202002;115
230;202002;71
231;202002;17
232;202002;369
233;202002;314
235;202002;210
236;202002;92
239;202002;59
240;202002;1020
241;202002;187
244;202002;353
245;202002;1363
249;202002;332
250;202002;52
256;202002;43
257;202002;1014
260;202002;419
261;202002;102
263;202002;255
265;202002;35
271;202002;280
272;202002;1491
273;202002;67
275;202002;69
276;202002;487
280;202002;40
284;202002;47
285;202002;2918
286;202002;3389
287;202002;116
288;202002;117
290;202002;259
291;202002;58
297;202002;4524
300;202002;63
301;202002;499
304;202002;19
305;202002;456
309;202002;372
312;202002;37
316;202002;157
317;202002;80
320;202002;202
322;202002;137
398;202002;6775
399;202002;153
400;202002;151
402;202002;280
403;202002;51
405;202002;3020
407;202002;79
408;202002;344
410;202002;482
416;202002;78
418;202002;637
420;202002;293
421;202002;15
422;202002;620
423;202002;298
425;202002;207
426;202002;456
430;202002;526
433;202002;130
434;202002;469
435;202002;15
436;202002;49
440;202002;56
441;202002;132
444;202002;1502
445;202002;260
475;202002;107
480;202002;55
481;202002;141
483;202002;23
484;202002;87
489;202002;66
491;202002;2038
494;202002;273
495;202002;52
498;202002;19
499;202002;339
500;202002;230
503;202002;164
504;202002;72
505;202002;406
507;202002;159
508;202002;364
529;202002;420
531;202002;241
535;202002;237
536;202002;1158
538;202002;65
541;202002;365
543;202002;882
545;202002;127
560;202002;496
561;202002;33
562;202002;272
563;202002;196
564;202002;9700
576;202002;64
577;202002;179
578;202002;117
580;202002;159
581;202002;196
583;202002;21
584;202002;66
588;202002;54
592;202002;122
593;202002;655
595;202002;118
598;202002;659
599;202002;132
601;202002;128
604;202002;440
607;202002;182
608;202002;55
609;202002;3415
611;202002;89
614;202002;58
615;202002;230
616;202002;55
619;202002;71
620;202002;90
623;202002;45
624;202002;149
625;202002;73
626;202002;157
630;202002;24
631;202002;38
635;202002;142
636;202002;160
638;202002;1720
678;202002;983
680;202002;754
681;202002;105
683;202002;95
684;202002;1190
686;202002;90
687;202002;58
689;202002;123
691;202002;47
694;202002;1113
697;202002;36
698;202002;2015
700;202002;141
702;202002;115
704;202002;76
707;202002;108
710;202002;985
729;202002;376
732;202002;85
734;202002;1978
738;202002;55
739;202002;79
740;202002;1406
742;202002;32
743;202002;2016
746;202002;109
747;202002;62
748;202002;127
749;202002;493
751;202002;51
753;202002;442
755;202002;132
758;202002;169
759;202002;52
761;202002;222
762;202002;106
765;202002;251
768;202002;61
777;202002;227
778;202002;194
781;202002;109
783;202002;150
785;202002;70
790;202002;576
791;202002;149
831;202002;128
832;202002;98
833;202002;32
834;202002;158
837;202002;13195
844;202002;48
845;202002;78
846;202002;93
848;202002;192
849;202002;70
850;202002;62
851;202002;707
853;202002;9343
854;202002;67
857;202002;79
858;202002;744
859;202002;144
886;202002;339
887;202002;185
889;202002;57
890;202002;29
892;202002;93
893;202002;138
895;202002;349
905;202002;2664
908;202002;736
915;202002;972
918;202002;38
921;202002;62
922;202002;101
924;202002;71
925;202002;96
927;202002;791
931;202002;147
934;202002;50
935;202002;121
936;202002;175
946;202002;136
976;202002;95
977;202002;464
980;202002;806
981;202002;79
989;202002;166
992;202002;725
005;202003;251
009;202003;49
010;202003;299
016;202003;191
018;202003;117
019;202003;77
020;202003;525
046;202003;48
047;202003;50
049;202003;10702
050;202003;290
051;202003;177
052;202003;41
061;202003;763
069;202003;216
071;202003;172
072;202003;18
074;202003;24
075;202003;774
077;202003;155
078;202003;314
079;202003;285
081;202003;105
082;202003;209
086;202003;207
090;202003;105
091;202003;29203
092;202003;10226
097;202003;68
098;202003;638
099;202003;53
102;202003;311
103;202003;64
105;202003;64
106;202003;1851
108;202003;301
109;202003;2834
111;202003;740
139;202003;258
140;202003;783
142;202003;199
143;202003;228
145;202003;278
146;202003;191
148;202003;143
149;202003;105
151;202003;45
152;202003;112
153;202003;1376
165;202003;500
167;202003;4685
169;202003;157
171;202003;124
172;202003;153
176;202003;224
177;202003;52
178;202003;136
179;202003;7750
181;202003;50
182;202003;845
186;202003;1462
199;202003;216
202;202003;761
204;202003;113
205;202003;1456
208;202003;282
211;202003;782
213;202003;169
214;202003;475
216;202003;34
217;202003;149
218;202003;20
224;202003;308
226;202003;120
230;202003;75
231;202003;17
232;202003;385
233;202003;329
235;202003;221
236;202003;106
239;202003;62
240;202003;1052
241;202003;191
244;202003;376
245;202003;1417
249;202003;349
250;202003;53
256;202003;43
257;202003;1067
260;202003;425
261;202003;92
263;202003;262
265;202003;36
271;202003;302
272;202003;1554
273;202003;66
275;202003;64
276;202003;507
280;202003;42
284;202003;48
285;202003;3005
286;202003;3509
287;202003;124
288;202003;123
290;202003;269
291;202003;61
297;202003;4662
300;202003;67
301;202003;515
304;202003;19
305;202003;458
309;202003;376
312;202003;36
316;202003;157
317;202003;80
320;202003;211
322;202003;146
398;202003;6960
399;202003;156
400;202003;157
402;202003;292
403;202003;45
405;202003;3095
407;202003;87
408;202003;350
410;202003;497
416;202003;75
418;202003;672
420;202003;300
421;202003;15
422;202003;624
423;202003;308
425;202003;211
426;202003;469
430;202003;540
433;202003;133
434;202003;474
435;202003;15
436;202003;54
440;202003;53
441;202003;130
444;202003;1559
445;202003;260
475;202003;104
480;202003;59
481;202003;152
483;202003;20
484;202003;84
489;202003;70
491;202003;2105
494;202003;277
495;202003;53
498;202003;16
499;202003;363
500;202003;242
503;202003;179
504;202003;75
505;202003;418
507;202003;160
508;202003;370
529;202003;452
531;202003;250
535;202003;248
536;202003;1183
538;202003;64
541;202003;362
543;202003;941
545;202003;134
560;202003;528
561;202003;35
562;202003;277
563;202003;218
564;202003;9958
576;202003;63
577;202003;193
578;202003;115
580;202003;170
581;202003;194
583;202003;20
584;202003;71
588;202003;50
592;202003;126
593;202003;652
595;202003;123
598;202003;694
599;202003;143
601;202003;133
604;202003;476
607;202003;180
608;202003;58
609;202003;3544
611;202003;84
614;202003;56
615;202003;254
616;202003;57
619;202003;73
620;202003;96
623;202003;45
624;202003;151
625;202003;72
626;202003;154
630;202003;24
631;202003;39
635;202003;146
636;202003;167
638;202003;1810
678;202003;1001
680;202003;788
681;202003;112
683;202003;98
684;202003;1240
686;202003;96
687;202003;57
689;202003;128
691;202003;54
694;202003;1119
697;202003;41
698;202003;2138
700;202003;145
702;202003;124
704;202003;75
707;202003;101
710;202003;1020
729;202003;394
732;202003;87
734;202003;2039
738;202003;57
739;202003;78
740;202003;1450
742;202003;34
743;202003;2027
746;202003;107
747;202003;64
748;202003;134
749;202003;511
751;202003;52
753;202003;455
755;202003;142
758;202003;175
759;202003;46
761;202003;232
762;202003;110
765;202003;253
768;202003;65
777;202003;218
778;202003;198
781;202003;114
783;202003;151
785;202003;86
790;202003;574
791;202003;151
831;202003;129
832;202003;106
833;202003;32
834;202003;168
837;202003;13745
844;202003;44
845;202003;72
846;202003;99
848;202003;189
849;202003;73
850;202003;60
851;202003;729
853;202003;9613
854;202003;64
857;202003;82
858;202003;771
859;202003;152
886;202003;354
887;202003;188
889;202003;67
890;202003;34
892;202003;92
893;202003;141
895;202003;324
905;202003;2744
908;202003;761
915;202003;992
918;202003;37
921;202003;61
922;202003;107
924;202003;71
925;202003;96
927;202003;834
931;202003;148
934;202003;54
935;202003;122
936;202003;187
946;202003;144
976;202003;102
977;202003;480
980;202003;829
981;202003;82
989;202003;167
992;202003;758
005;202004;292
009;202004;52
010;202004;344
016;202004;195
018;202004;127
019;202004;84
020;202004;548
046;202004;50
047;202004;76
049;202004;11501
050;202004;333
051;202004;209
052;202004;59
061;202004;803
069;202004;231
071;202004;184
072;202004;21
074;202004;26
075;202004;802
077;202004;172
078;202004;318
079;202004;314
081;202004;107
082;202004;202
086;202004;225
090;202004;120
091;202004;32596
092;202004;11385
097;202004;74
098;202004;671
099;202004;63
102;202004;370
103;202004;70
105;202004;78
106;202004;1928
108;202004;304
109;202004;2957
111;202004;743
139;202004;284
140;202004;884
142;202004;205
143;202004;238
145;202004;318
146;202004;207
148;202004;224
149;202004;105
151;202004;59
152;202004;125
153;202004;1409
165;202004;525
167;202004;5027
169;202004;163
171;202004;141
172;202004;166
176;202004;244
177;202004;58
178;202004;153
179;202004;8511
181;202004;56
182;202004;922
186;202004;1555
199;202004;235
202;202004;912
204;202004;115
205;202004;1638
208;202004;353
211;202004;800
213;202004;191
214;202004;550
216;202004;32
217;202004;187
218;202004;29
224;202004;311
226;202004;150
230;202004;80
231;202004;18
232;202004;439
233;202004;433
235;202004;231
236;202004;136
239;202004;68
240;202004;1127
241;202004;229
244;202004;436
245;202004;1513
249;202004;381
250;202004;60
256;202004;47
257;202004;1119
260;202004;477
261;202004;194
263;202004;293
265;202004;40
271;202004;332
272;202004;1801
273;202004;120
275;202004;73
276;202004;561
280;202004;58
284;202004;58
285;202004;3050
286;202004;3571
287;202004;138
288;202004;137
290;202004;282
291;202004;67
297;202004;5273
300;202004;88
301;202004;599
304;202004;23
305;202004;547
309;202004;384
312;202004;40
316;202004;156
317;202004;91
320;202004;238
322;202004;169
398;202004;7183
399;202004;177
400;202004;172
402;202004;320
403;202004;74
405;202004;3187
407;202004;90
408;202004;414
410;202004;571
416;202004;89
418;202004;693
420;202004;325
421;202004;16
422;202004;649
423;202004;391
425;202004;222
426;202004;498
430;202004;597
433;202004;150
434;202004;495
435;202004;15
436;202004;59
440;202004;60
441;202004;135
444;202004;1588
445;202004;308
475;202004;117
480;202004;67
481;202004;194
483;202004;21
484;202004;99
489;202004;73
491;202004;2314
494;202004;301
495;202004;59
498;202004;39
499;202004;437
500;202004;267
503;202004;195
504;202004;77
505;202004;441
507;202004;183
508;202004;379
529;202004;538
531;202004;266
535;202004;274
536;202004;1239
538;202004;74
541;202004;400
543;202004;1027
545;202004;145
560;202004;526
561;202004;43
562;202004;290
563;202004;239
564;202004;11004
576;202004;66
577;202004;235
578;202004;134
580;202004;169
581;202004;196
583;202004;34
584;202004;74
588;202004;57
592;202004;140
593;202004;724
595;202004;136
598;202004;758
599;202004;165
601;202004;134
604;202004;499
607;202004;212
608;202004;71
609;202004;3968
611;202004;89
614;202004;88
615;202004;263
616;202004;58
619;202004;76
620;202004;102
623;202004;57
624;202004;157
625;202004;85
626;202004;170
630;202004;26
631;202004;37
635;202004;164
636;202004;203
638;202004;1890
678;202004;1045
680;202004;874
681;202004;122
683;202004;120
684;202004;1442
686;202004;110
687;202004;64
689;202004;129
691;202004;55
694;202004;1212
697;202004;46
698;202004;2636
700;202004;148
702;202004;123
704;202004;103
707;202004;112
710;202004;1056
729;202004;402
732;202004;100
734;202004;2232
738;202004;63
739;202004;84
740;202004;1577
742;202004;37
743;202004;2407
746;202004;119
747;202004;69
748;202004;135
749;202004;594
751;202004;65
753;202004;483
755;202004;148
758;202004;214
759;202004;59
761;202004;278
762;202004;126
765;202004;338
768;202004;70
777;202004;252
778;202004;202
781;202004;122
783;202004;173
785;202004;84
790;202004;638
791;202004;168
831;202004;135
832;202004;112
833;202004;35
834;202004;165
837;202004;14585
844;202004;53
845;202004;82
846;202004;124
848;202004;215
849;202004;88
850;202004;73
851;202004;837
853;202004;10708
854;202004;77
857;202004;77
858;202004;849
859;202004;172
886;202004;406
887;202004;197
889;202004;71
890;202004;44
892;202004;98
893;202004;167
895;202004;344
905;202004;3031
908;202004;822
915;202004;1048
918;202004;42
921;202004;72
922;202004;121
924;202004;86
925;202004;109
927;202004;844
931;202004;166
934;202004;65
935;202004;119
936;202004;190
946;202004;168
976;202004;114
977;202004;535
980;202004;891
981;202004;88
989;202004;197
992;202004;807
005;202005;341
009;202005;60
010;202005;381
016;202005;259
018;202005;169
019;202005;108
020;202005;643
046;202005;63
047;202005;103
049;202005;14863
050;202005;389
051;202005;245
052;202005;79
061;202005;879
069;202005;266
071;202005;206
072;202005;24
074;202005;31
075;202005;919
077;202005;199
078;202005;376
079;202005;329
081;202005;122
082;202005;259
086;202005;271
090;202005;133
091;202005;42685
092;202005;14571
097;202005;81
098;202005;807
099;202005;69
102;202005;413
103;202005;78
105;202005;82
106;202005;2307
108;202005;378
109;202005;3347
111;202005;873
139;202005;327
140;202005;1007
142;202005;236
143;202005;290
145;202005;344
146;202005;230
148;202005;328
149;202005;161
151;202005;61
152;202005;138
153;202005;1601
165;202005;612
167;202005;5292
169;202005;183
171;202005;153
172;202005;190
176;202005;258
177;202005;61
178;202005;183
179;202005;9493
181;202005;55
182;202005;1034
186;202005;2011
199;202005;415
202;202005;1151
204;202005;122
205;202005;1692
208;202005;426
211;202005;1023
213;202005;204
214;202005;597
216;202005;42
217;202005;194
218;202005;28
224;202005;383
226;202005;153
230;202005;85
231;202005;29
232;202005;467
233;202005;479
235;202005;325
236;202005;173
239;202005;68
240;202005;1169
241;202005;255
244;202005;517
245;202005;1891
249;202005;432
250;202005;70
256;202005;57
257;202005;1540
260;202005;505
261;202005;289
263;202005;328
265;202005;48
271;202005;348
272;202005;1957
273;202005;174
275;202005;87
276;202005;626
280;202005;71
284;202005;69
285;202005;3346
286;202005;4174
287;202005;154
288;202005;169
290;202005;308
291;202005;81
297;202005;5996
300;202005;103
301;202005;635
304;202005;34
305;202005;636
309;202005;404
312;202005;40
316;202005;177
317;202005;98
320;202005;271
322;202005;212
398;202005;8181
399;202005;195
400;202005;235
402;202005;370
403;202005;78
405;202005;3778
407;202005;117
408;202005;453
410;202005;704
416;202005;104
418;202005;865
420;202005;377
421;202005;17
422;202005;649
423;202005;535
425;202005;260
426;202005;535
430;202005;661
433;202005;203
434;202005;611
435;202005;19
436;202005;62
440;202005;72
441;202005;172
444;202005;1919
445;202005;395
475;202005;138
478;202005;4
480;202005;75
481;202005;245
483;202005;20
484;202005;110
489;202005;85
491;202005;2505
494;202005;344
495;202005;60
498;202005;64
499;202005;524
500;202005;317
503;202005;233
504;202005;91
505;202005;621
507;202005;203
508;202005;430
529;202005;685
531;202005;279
535;202005;306
536;202005;1516
538;202005;107
541;202005;411
543;202005;1418
545;202005;178
560;202005;619
561;202005;43
562;202005;349
563;202005;265
564;202005;12120
576;202005;71
577;202005;294
578;202005;142
580;202005;195
581;202005;236
583;202005;41
584;202005;80
588;202005;69
592;202005;163
593;202005;826
595;202005;150
598;202005;848
599;202005;227
601;202005;147
604;202005;644
607;202005;223
608;202005;72
609;202005;4343
611;202005;146
614;202005;87
615;202005;297
616;202005;80
619;202005;84
620;202005;111
623;202005;73
624;202005;197
625;202005;96
626;202005;180
630;202005;32
631;202005;46
635;202005;199
636;202005;247
638;202005;2334
678;202005;1129
680;202005;1052
681;202005;148
683;202005;136
684;202005;1587
686;202005;124
687;202005;67
689;202005;163
691;202005;60
694;202005;1354
697;202005;44
698;202005;3005
700;202005;185
702;202005;141
704;202005;138
707;202005;126
710;202005;1257
729;202005;449
732;202005;110
734;202005;2503
738;202005;79
739;202005;99
740;202005;1716
742;202005;37
743;202005;2612
746;202005;131
747;202005;71
748;202005;151
749;202005;691
751;202005;79
753;202005;764
755;202005;204
758;202005;262
759;202005;70
761;202005;314
762;202005;144
765;202005;372
768;202005;88
777;202005;262
778;202005;249
781;202005;141
783;202005;207
785;202005;91
790;202005;821
791;202005;172
831;202005;183
832;202005;127
833;202005;49
834;202005;189
837;202005;16582
844;202005;55
845;202005;91
846;202005;144
848;202005;226
849;202005;93
850;202005;78
851;202005;930
853;202005;12487
854;202005;91
857;202005;86
858;202005;1232
859;202005;189
886;202005;465
887;202005;237
889;202005;77
890;202005;50
892;202005;114
893;202005;226
895;202005;502
905;202005;3383
908;202005;901
915;202005;1107
918;202005;61
921;202005;74
922;202005;154
924;202005;99
925;202005;129
927;202005;1141
931;202005;189
934;202005;71
935;202005;140
936;202005;210
946;202005;203
976;202005;117
977;202005;582
980;202005;1159
981;202005;103
989;202005;210
992;202005;882
005;202006;365
009;202006;59
010;202006;386
016;202006;288
018;202006;171
019;202006;105
020;202006;678
046;202006;65
047;202006;109
049;202006;15999
050;202006;376
051;202006;253
052;202006;81
061;202006;897
069;202006;268
071;202006;203
072;202006;21
074;202006;28
075;202006;913
077;202006;195
078;202006;393
079;202006;345
081;202006;116
082;202006;266
086;202006;285
090;202006;140
091;202006;45291
092;202006;15573
097;202006;80
098;202006;875
099;202006;66
102;202006;408
103;202006;85
105;202006;83
106;202006;2433
108;202006;403
109;202006;3467
111;202006;902
139;202006;329
140;202006;1012
142;202006;245
143;202006;306
145;202006;359
146;202006;223
148;202006;339
149;202006;161
151;202006;65
152;202006;148
153;202006;1635
165;202006;642
167;202006;5462
169;202006;178
171;202006;157
172;202006;188
176;202006;255
177;202006;62
178;202006;180
179;202006;9757
181;202006;60
182;202006;1058
186;202006;2110
199;202006;536
202;202006;1213
204;202006;124
205;202006;1725
208;202006;417
211;202006;1082
213;202006;207
214;202006;613
216;202006;39
217;202006;201
218;202006;27
224;202006;390
226;202006;162
230;202006;90
231;202006;31
232;202006;483
233;202006;486
235;202006;339
236;202006;172
239;202006;69
240;202006;1184
241;202006;246
244;202006;535
245;202006;1999
249;202006;425
250;202006;68
256;202006;58
257;202006;1627
260;202006;494
261;202006;290
263;202006;316
265;202006;46
271;202006;355
272;202006;1984
273;202006;171
275;202006;91
276;202006;635
280;202006;72
284;202006;72
285;202006;3421
286;202006;4269
287;202006;146
288;202006;187
290;202006;299
291;202006;74
297;202006;6147
300;202006;106
301;202006;636
304;202006;32
305;202006;658
309;202006;421
312;202006;44
316;202006;200
317;202006;98
320;202006;287
322;202006;222
398;202006;8623
399;202006;203
400;202006;232
402;202006;372
403;202006;74
405;202006;3885
407;202006;113
408;202006;452
410;202006;713
416;202006;111
418;202006;922
420;202006;381
421;202006;18
422;202006;662
423;202006;545
425;202006;263
426;202006;540
430;202006;716
433;202006;210
434;202006;650
435;202006;19
436;202006;70
440;202006;82
441;202006;187
444;202006;1996
445;202006;417
475;202006;148
478;202006;4
480;202006;80
481;202006;250
483;202006;24
484;202006;118
489;202006;86
491;202006;2538
494;202006;349
495;202006;64
498;202006;66
499;202006;524
500;202006;328
503;202006;245
504;202006;99
505;202006;669
507;202006;207
508;202006;440
529;202006;722
531;202006;290
535;202006;301
536;202006;1570
538;202006;119
541;202006;430
543;202006;1510
545;202006;182
560;202006;689
561;202006;46
562;202006;346
563;202006;278
564;202006;12412
576;202006;78
577;202006;311
578;202006;144
580;202006;193
581;202006;237
583;202006;45
584;202006;84
588;202006;74
592;202006;166
593;202006;822
595;202006;154
598;202006;903
599;202006;228
601;202006;152
604;202006;691
607;202006;221
608;202006;78
609;202006;4512
611;202006;154
614;202006;94
615;202006;309
616;202006;82
619;202006;87
620;202006;104
623;202006;73
624;202006;200
625;202006;97
626;202006;183
630;202006;29
631;202006;50
635;202006;205
636;202006;263
638;202006;2498
678;202006;1142
680;202006;1119
681;202006;142
683;202006;132
684;202006;1637
686;202006;126
687;202006;60
689;202006;165
691;202006;62
694;202006;1434
697;202006;46
698;202006;3101
700;202006;179
702;202006;154
704;202006;154
707;202006;125
710;202006;1299
729;202006;458
732;202006;110
734;202006;2551
738;202006;79
739;202006;105
740;202006;1707
742;202006;41
743;202006;2710
746;202006;131
747;202006;77
748;202006;160
749;202006;695
751;202006;80
753;202006;809
755;202006;224
758;202006;261
759;202006;72
761;202006;326
762;202006;140
765;202006;373
768;202006;81
777;202006;272
778;202006;251
781;202006;154
783;202006;207
785;202006;93
790;202006;848
791;202006;177
831;202006;197
832;202006;130
833;202006;50
834;202006;195
837;202006;17487
844;202006;61
845;202006;89
846;202006;147
848;202006;225
849;202006;95
850;202006;81
851;202006;893
853;202006;13116
854;202006;93
857;202006;95
858;202006;1301
859;202006;206
886;202006;477
887;202006;247
889;202006;81
890;202006;55
892;202006;126
893;202006;244
895;202006;490
905;202006;3611
908;202006;955
915;202006;1139
918;202006;65
921;202006;70
922;202006;157
924;202006;91
925;202006;133
927;202006;1229
931;202006;183
934;202006;73
935;202006;139
936;202006;213
946;202006;209
976;202006;118
977;202006;576
980;202006;1231
981;202006;102
989;202006;205
992;202006;922
005;202007;333
009;202007;59
010;202007;357
016;202007;280
018;202007;169
019;202007;100
020;202007;668
046;202007;61
047;202007;96
049;202007;15686
050;202007;367
051;202007;243
052;202007;70
061;202007;891
069;202007;256
071;202007;202
072;202007;23
074;202007;25
075;202007;906
077;202007;194
078;202007;360
079;202007;334
081;202007;114
082;202007;269
086;202007;281
090;202007;127
091;202007;43783
092;202007;15200
097;202007;81
098;202007;847
099;202007;65
102;202007;404
103;202007;83
105;202007;78
106;202007;2386
108;202007;380
109;202007;3391
111;202007;893
139;202007;328
140;202007;1006
142;202007;227
143;202007;298
145;202007;340
146;202007;219
148;202007;322
149;202007;145
151;202007;60
152;202007;137
153;202007;1603
165;202007;635
167;202007;5466
169;202007;177
171;202007;146
172;202007;188
176;202007;244
177;202007;57
178;202007;163
179;202007;9648
181;202007;65
182;202007;1009
186;202007;2091
199;202007;459
202;202007;1121
204;202007;120
205;202007;1740
208;202007;390
211;202007;1086
213;202007;190
214;202007;611
216;202007;35
217;202007;195
218;202007;29
224;202007;398
226;202007;150
230;202007;94
231;202007;28
232;202007;488
233;202007;444
235;202007;338
236;202007;182
239;202007;62
240;202007;1138
241;202007;253
244;202007;526
245;202007;1957
249;202007;428
250;202007;65
256;202007;58
257;202007;1596
260;202007;463
261;202007;276
263;202007;326
265;202007;46
271;202007;355
272;202007;1946
273;202007;160
275;202007;90
276;202007;635
280;202007;77
284;202007;75
285;202007;3326
286;202007;4204
287;202007;146
288;202007;191
290;202007;302
291;202007;71
297;202007;5944
300;202007;91
301;202007;630
304;202007;34
305;202007;598
309;202007;429
312;202007;45
316;202007;194
317;202007;96
320;202007;277
322;202007;186
398;202007;8353
399;202007;203
400;202007;214
402;202007;359
403;202007;77
405;202007;3819
407;202007;108
408;202007;433
410;202007;699
416;202007;102
418;202007;914
420;202007;370
421;202007;20
422;202007;653
423;202007;526
425;202007;256
426;202007;535
430;202007;708
433;202007;191
434;202007;644
435;202007;16
436;202007;69
440;202007;86
441;202007;181
444;202007;1937
445;202007;370
475;202007;144
480;202007;72
481;202007;223
483;202007;28
484;202007;110
489;202007;76
491;202007;2478
494;202007;343
495;202007;61
498;202007;57
499;202007;517
500;202007;325
503;202007;234
504;202007;95
505;202007;638
507;202007;180
508;202007;428
529;202007;696
531;202007;290
535;202007;285
536;202007;1547
538;202007;117
541;202007;428
543;202007;1492
545;202007;168
560;202007;683
561;202007;44
562;202007;338
563;202007;283
564;202007;12185
576;202007;77
577;202007;275
578;202007;133
580;202007;187
581;202007;221
583;202007;42
584;202007;82
588;202007;67
592;202007;157
593;202007;816
595;202007;152
598;202007;891
599;202007;243
601;202007;156
604;202007;693
607;202007;216
608;202007;76
609;202007;4330
611;202007;151
614;202007;97
615;202007;308
616;202007;89
619;202007;84
620;202007;101
623;202007;61
624;202007;192
625;202007;93
626;202007;180
630;202007;27
631;202007;49
635;202007;190
636;202007;250
638;202007;2430
678;202007;1122
680;202007;1062
681;202007;137
683;202007;118
684;202007;1619
686;202007;117
687;202007;63
689;202007;164
691;202007;60
694;202007;1431
697;202007;43
698;202007;3085
700;202007;179
702;202007;150
704;202007;140
707;202007;126
710;202007;1237
729;202007;444
732;202007;110
734;202007;2512
738;202007;72
739;202007;95
740;202007;1653
742;202007;39
743;202007;2615
746;202007;120
747;202007;74
748;202007;155
749;202007;656
751;202007;80
753;202007;784
755;202007;223
758;202007;250
759;202007;70
761;202007;303
762;202007;134
765;202007;332
768;202007;80
777;202007;243
778;202007;249
781;202007;144
783;202007;203
785;202007;95
790;202007;839
791;202007;178
831;202007;189
832;202007;124
833;202007;50
834;202007;197
837;202007;17278
844;202007;56
845;202007;87
846;202007;140
848;202007;222
849;202007;95
850;202007;83
851;202007;910
853;202007;12769
854;202007;82
857;202007;87
858;202007;1237
859;202007;197
886;202007;468
887;202007;232
889;202007;80
890;202007;43
892;202007;126
893;202007;223
895;202007;447
905;202007;3566
908;202007;936
915;202007;1119
918;202007;64
921;202007;67
922;202007;166
924;202007;92
925;202007;120
927;202007;1208
931;202007;176
934;202007;73
935;202007;138
936;202007;198
946;202007;199
976;202007;123
977;202007;561
980;202007;1170
981;202007;99
989;202007;192
992;202007;917
005;202008;302
009;202008;54
010;202008;323
016;202008;250
018;202008;161
019;202008;89
020;202008;593
046;202008;48
047;202008;79
049;202008;14505
050;202008;340
051;202008;219
052;202008;62
061;202008;840
069;202008;237
071;202008;187
072;202008;21
074;202008;25
075;202008;830
077;202008;177
078;202008;342
079;202008;323
081;202008;105
082;202008;247
086;202008;259
090;202008;107
091;202008;39858
092;202008;13909
097;202008;75
098;202008;781
099;202008;57
102;202008;355
103;202008;78
105;202008;72
106;202008;2230
108;202008;348
109;202008;3182
111;202008;819
139;202008;283
140;202008;898
142;202008;213
143;202008;272
145;202008;308
146;202008;198
148;202008;281
149;202008;132
151;202008;52
152;202008;128
153;202008;1453
165;202008;586
167;202008;5140
169;202008;158
171;202008;136
172;202008;168
176;202008;223
177;202008;50
178;202008;138
179;202008;8936
181;202008;58
182;202008;955
186;202008;1910
199;202008;393
202;202008;986
204;202008;115
205;202008;1598
208;202008;362
211;202008;973
213;202008;174
214;202008;580
216;202008;30
217;202008;171
218;202008;25
224;202008;363
226;202008;137
230;202008;75
231;202008;23
232;202008;439
233;202008;410
235;202008;313
236;202008;156
239;202008;65
240;202008;1067
241;202008;241
244;202008;485
245;202008;1817
249;202008;384
250;202008;54
256;202008;49
257;202008;1490
260;202008;433
261;202008;211
263;202008;301
265;202008;40
271;202008;329
272;202008;1774
273;202008;128
275;202008;77
276;202008;594
280;202008;68
284;202008;66
285;202008;3169
286;202008;3847
287;202008;123
288;202008;166
290;202008;276
291;202008;60
297;202008;5522
300;202008;78
301;202008;566
304;202008;29
305;202008;528
309;202008;397
312;202008;36
316;202008;186
317;202008;87
320;202008;254
322;202008;150
398;202008;7761
399;202008;186
400;202008;190
402;202008;335
403;202008;67
405;202008;3572
407;202008;100
408;202008;393
410;202008;635
416;202008;92
418;202008;826
420;202008;337
421;202008;16
422;202008;593
423;202008;433
425;202008;233
426;202008;499
430;202008;657
433;202008;187
434;202008;582
435;202008;16
436;202008;60
440;202008;77
441;202008;157
444;202008;1800
445;202008;324
475;202008;141
478;202008;5
480;202008;65
481;202008;193
483;202008;20
484;202008;101
489;202008;67
491;202008;2264
494;202008;310
495;202008;51
498;202008;46
499;202008;472
500;202008;308
503;202008;209
504;202008;84
505;202008;545
507;202008;174
508;202008;385
529;202008;572
531;202008;258
535;202008;266
536;202008;1396
538;202008;95
541;202008;388
543;202008;1343
545;202008;157
560;202008;615
561;202008;37
562;202008;328
563;202008;248
564;202008;11243
576;202008;75
577;202008;245
578;202008;122
580;202008;158
581;202008;199
583;202008;34
584;202008;78
588;202008;57
592;202008;148
593;202008;729
595;202008;138
598;202008;824
599;202008;205
601;202008;138
604;202008;613
607;202008;206
608;202008;63
609;202008;3934
611;202008;134
614;202008;82
615;202008;286
616;202008;78
619;202008;79
620;202008;92
623;202008;46
624;202008;169
625;202008;92
626;202008;169
630;202008;29
631;202008;49
635;202008;154
636;202008;212
638;202008;2241
678;202008;1024
680;202008;954
681;202008;119
683;202008;118
684;202008;1491
686;202008;102
687;202008;56
689;202008;142
691;202008;56
694;202008;1332
697;202008;43
698;202008;2820
700;202008;159
702;202008;142
704;202008;115
707;202008;112
710;202008;1146
729;202008;426
732;202008;98
734;202008;2219
738;202008;54
739;202008;87
740;202008;1488
742;202008;33
743;202008;2377
746;202008;104
747;202008;74
748;202008;134
749;202008;604
751;202008;71
753;202008;672
755;202008;196
758;202008;223
759;202008;47
761;202008;271
762;202008;127
765;202008;293
768;202008;75
777;202008;235
778;202008;211
781;202008;126
783;202008;188
785;202008;82
790;202008;775
791;202008;166
831;202008;180
832;202008;97
833;202008;40
834;202008;155
837;202008;16003
844;202008;52
845;202008;60
846;202008;120
848;202008;201
849;202008;87
850;202008;73
851;202008;817
853;202008;11641
854;202008;74
857;202008;80
858;202008;1113
859;202008;185
886;202008;428
887;202008;219
889;202008;72
890;202008;37
892;202008;119
893;202008;209
895;202008;428
905;202008;3244
908;202008;884
915;202008;1031
918;202008;55
921;202008;57
922;202008;147
924;202008;84
925;202008;117
927;202008;1077
931;202008;165
934;202008;68
935;202008;130
936;202008;198
946;202008;182
976;202008;115
977;202008;521
980;202008;1057
981;202008;97
989;202008;177
992;202008;846
005;202009;298
009;202009;54
010;202009;324
016;202009;241
018;202009;162
019;202009;98
020;202009;588
046;202009;44
047;202009;76
049;202009;13959
050;202009;327
051;202009;218
052;202009;65
061;202009;820
069;202009;230
071;202009;184
072;202009;22
074;202009;25
075;202009;809
077;202009;176
078;202009;350
079;202009;321
081;202009;100
082;202009;240
086;202009;250
090;202009;105
091;202009;38345
092;202009;13447
097;202009;82
098;202009;756
099;202009;51
102;202009;355
103;202009;77
105;202009;75
106;202009;2196
108;202009;348
109;202009;3089
111;202009;805
139;202009;288
140;202009;895
142;202009;218
143;202009;261
145;202009;295
146;202009;191
148;202009;251
149;202009;147
151;202009;48
152;202009;121
153;202009;1435
165;202009;569
167;202009;4970
169;202009;153
171;202009;119
172;202009;167
176;202009;211
177;202009;49
178;202009;131
179;202009;8643
181;202009;60
182;202009;919
186;202009;1819
199;202009;376
202;202009;967
204;202009;106
205;202009;1506
208;202009;347
211;202009;945
213;202009;170
214;202009;554
216;202009;29
217;202009;165
218;202009;26
224;202009;352
226;202009;141
230;202009;78
231;202009;22
232;202009;426
233;202009;405
235;202009;303
236;202009;163
239;202009;62
240;202009;1052
241;202009;237
244;202009;441
245;202009;1759
249;202009;387
250;202009;58
256;202009;47
257;202009;1433
260;202009;447
261;202009;210
263;202009;301
265;202009;43
271;202009;321
272;202009;1723
273;202009;130
275;202009;75
276;202009;552
280;202009;67
284;202009;63
285;202009;3097
286;202009;3762
287;202009;114
288;202009;161
290;202009;260
291;202009;59
297;202009;5385
300;202009;84
301;202009;570
304;202009;24
305;202009;521
309;202009;380
312;202009;37
316;202009;182
317;202009;90
320;202009;256
322;202009;167
398;202009;7570
399;202009;203
400;202009;171
402;202009;316
403;202009;59
405;202009;3428
407;202009;101
408;202009;389
410;202009;606
416;202009;95
418;202009;788
420;202009;330
421;202009;16
422;202009;595
423;202009;408
425;202009;220
426;202009;471
430;202009;649
433;202009;176
434;202009;574
435;202009;17
436;202009;58
440;202009;68
441;202009;153
444;202009;1733
445;202009;329
475;202009;137
480;202009;65
481;202009;190
483;202009;20
484;202009;98
489;202009;68
491;202009;2213
494;202009;299
495;202009;44
498;202009;41
499;202009;455
500;202009;284
503;202009;204
504;202009;91
505;202009;501
507;202009;168
508;202009;382
529;202009;567
531;202009;258
535;202009;248
536;202009;1333
538;202009;93
541;202009;384
543;202009;1327
545;202009;151
560;202009;602
561;202009;39
562;202009;314
563;202009;242
564;202009;10787
576;202009;70
577;202009;246
578;202009;118
580;202009;169
581;202009;195
583;202009;38
584;202009;73
588;202009;63
592;202009;147
593;202009;716
595;202009;140
598;202009;772
599;202009;184
601;202009;128
604;202009;596
607;202009;202
608;202009;66
609;202009;3833
611;202009;126
614;202009;79
615;202009;273
616;202009;74
619;202009;82
620;202009;89
623;202009;50
624;202009;177
625;202009;85
626;202009;170
630;202009;29
631;202009;50
635;202009;160
636;202009;205
638;202009;2157
678;202009;1000
680;202009;934
681;202009;122
683;202009;106
684;202009;1414
686;202009;98
687;202009;57
689;202009;137
691;202009;56
694;202009;1296
697;202009;40
698;202009;2720
700;202009;158
702;202009;143
704;202009;111
707;202009;113
710;202009;1109
729;202009;418
732;202009;97
734;202009;2202
738;202009;55
739;202009;81
740;202009;1451
742;202009;34
743;202009;2339
746;202009;93
747;202009;72
748;202009;132
749;202009;603
751;202009;69
753;202009;681
755;202009;195
758;202009;219
759;202009;52
761;202009;271
762;202009;130
765;202009;281
768;202009;83
777;202009;230
778;202009;208
781;202009;117
783;202009;185
785;202009;82
790;202009;741
791;202009;162
831;202009;162
832;202009;97
833;202009;36
834;202009;163
837;202009;15305
844;202009;47
845;202009;60
846;202009;125
848;202009;195
849;202009;78
850;202009;69
851;202009;803
853;202009;11298
854;202009;71
857;202009;74
858;202009;1038
859;202009;178
886;202009;411
887;202009;234
889;202009;70
890;202009;34
892;202009;106
893;202009;203
895;202009;430
905;202009;3196
908;202009;857
915;202009;1007
918;202009;57
921;202009;63
922;202009;136
924;202009;88
925;202009;102
927;202009;1040
931;202009;158
934;202009;68
935;202009;131
936;202009;192
946;202009;182
976;202009;114
977;202009;491
980;202009;1009
981;202009;92
989;202009;168
992;202009;817
005;202010;297
009;202010;54
010;202010;314
016;202010;239
018;202010;154
019;202010;93
020;202010;574
046;202010;51
047;202010;73
049;202010;13531
050;202010;323
051;202010;215
052;202010;59
061;202010;804
069;202010;227
071;202010;171
072;202010;21
074;202010;25
075;202010;821
077;202010;182
078;202010;340
079;202010;311
081;202010;98
082;202010;248
086;202010;242
090;202010;104
091;202010;36993
092;202010;13052
097;202010;78
098;202010;718
099;202010;57
102;202010;341
103;202010;80
105;202010;71
106;202010;2156
108;202010;359
109;202010;2993
111;202010;801
139;202010;275
140;202010;875
142;202010;221
143;202010;262
145;202010;281
146;202010;180
148;202010;251
149;202010;141
151;202010;56
152;202010;117
153;202010;1395
165;202010;550
167;202010;4732
169;202010;155
171;202010;124
172;202010;171
176;202010;220
177;202010;54
178;202010;134
179;202010;8284
181;202010;59
182;202010;897
186;202010;1750
199;202010;355
202;202010;954
204;202010;107
205;202010;1471
208;202010;348
211;202010;914
213;202010;171
214;202010;523
216;202010;31
217;202010;163
218;202010;23
224;202010;346
226;202010;138
230;202010;73
231;202010;24
232;202010;429
233;202010;411
235;202010;283
236;202010;147
239;202010;60
240;202010;1029
241;202010;225
244;202010;419
245;202010;1719
249;202010;374
250;202010;49
256;202010;46
257;202010;1410
260;202010;404
261;202010;207
263;202010;302
265;202010;44
271;202010;319
272;202010;1628
273;202010;131
275;202010;76
276;202010;541
280;202010;73
284;202010;62
285;202010;3035
286;202010;3678
287;202010;104
288;202010;157
290;202010;255
291;202010;59
297;202010;5117
300;202010;87
301;202010;561
304;202010;26
305;202010;499
309;202010;383
312;202010;40
316;202010;181
317;202010;85
320;202010;250
322;202010;172
398;202010;7423
399;202010;195
400;202010;169
402;202010;319
403;202010;62
405;202010;3294
407;202010;104
408;202010;372
410;202010;592
416;202010;89
418;202010;761
420;202010;332
421;202010;17
422;202010;601
423;202010;401
425;202010;211
426;202010;464
430;202010;638
433;202010;167
434;202010;570
435;202010;16
436;202010;52
440;202010;61
441;202010;150
444;202010;1719
445;202010;317
475;202010;128
480;202010;62
481;202010;177
483;202010;19
484;202010;94
489;202010;73
491;202010;2168
494;202010;293
495;202010;45
498;202010;38
499;202010;450
500;202010;274
503;202010;195
504;202010;87
505;202010;484
507;202010;168
508;202010;375
529;202010;565
531;202010;255
535;202010;238
536;202010;1302
538;202010;90
541;202010;387
543;202010;1292
545;202010;151
560;202010;580
561;202010;38
562;202010;317
563;202010;231
564;202010;10305
576;202010;77
577;202010;239
578;202010;115
580;202010;165
581;202010;197
583;202010;34
584;202010;75
588;202010;56
592;202010;141
593;202010;722
595;202010;126
598;202010;726
599;202010;162
601;202010;131
604;202010;566
607;202010;194
608;202010;67
609;202010;3697
611;202010;124
614;202010;69
615;202010;260
616;202010;66
619;202010;80
620;202010;85
623;202010;51
624;202010;174
625;202010;82
626;202010;158
630;202010;29
631;202010;42
635;202010;154
636;202010;212
638;202010;2136
678;202010;979
680;202010;924
681;202010;111
683;202010;100
684;202010;1404
686;202010;92
687;202010;54
689;202010;145
691;202010;52
694;202010;1255
697;202010;38
698;202010;2580
700;202010;153
702;202010;141
704;202010;102
707;202010;108
710;202010;1081
729;202010;416
732;202010;92
734;202010;2173
738;202010;55
739;202010;83
740;202010;1434
742;202010;35
743;202010;2275
746;202010;94
747;202010;67
748;202010;137
749;202010;567
751;202010;64
753;202010;660
755;202010;185
758;202010;199
759;202010;48
761;202010;268
762;202010;126
765;202010;265
768;202010;78
777;202010;223
778;202010;205
781;202010;120
783;202010;178
785;202010;67
790;202010;699
791;202010;157
831;202010;157
832;202010;95
833;202010;35
834;202010;158
837;202010;14930
844;202010;44
845;202010;56
846;202010;132
848;202010;192
849;202010;79
850;202010;73
851;202010;778
853;202010;10869
854;202010;69
857;202010;84
858;202010;1016
859;202010;166
886;202010;413
887;202010;229
889;202010;66
890;202010;39
892;202010;96
893;202010;200
895;202010;404
905;202010;3013
908;202010;833
915;202010;995
918;202010;56
921;202010;67
922;202010;134
924;202010;81
925;202010;101
927;202010;1014
931;202010;153
934;202010;66
935;202010;132
936;202010;199
946;202010;169
976;202010;110
977;202010;471
980;202010;966
981;202010;89
989;202010;161
992;202010;799
005;202011;301
009;202011;52
010;202011;321
016;202011;245
018;202011;146
019;202011;99
020;202011;577
046;202011;53
047;202011;78
049;202011;13169
050;202011;313
051;202011;207
052;202011;61
061;202011;793
069;202011;219
071;202011;167
072;202011;21
074;202011;26
075;202011;817
077;202011;171
078;202011;338
079;202011;316
081;202011;92
082;202011;247
086;202011;243
090;202011;88
091;202011;36094
092;202011;12829
097;202011;76
098;202011;707
099;202011;58
102;202011;324
103;202011;78
105;202011;71
106;202011;2133
108;202011;348
109;202011;2955
111;202011;778
139;202011;251
140;202011;860
142;202011;214
143;202011;256
145;202011;269
146;202011;180
148;202011;244
149;202011;135
151;202011;50
152;202011;115
153;202011;1376
165;202011;540
167;202011;4627
169;202011;151
171;202011;116
172;202011;159
176;202011;213
177;202011;48
178;202011;129
179;202011;8208
181;202011;53
182;202011;869
186;202011;1728
199;202011;316
202;202011;916
204;202011;104
205;202011;1416
208;202011;345
211;202011;894
213;202011;172
214;202011;513
216;202011;35
217;202011;155
218;202011;26
224;202011;340
226;202011;132
230;202011;64
231;202011;24
232;202011;429
233;202011;400
235;202011;285
236;202011;147
239;202011;63
240;202011;982
241;202011;216
244;202011;397
245;202011;1689
249;202011;343
250;202011;50
256;202011;44
257;202011;1392
260;202011;400
261;202011;204
263;202011;293
265;202011;43
271;202011;317
272;202011;1625
273;202011;122
275;202011;70
276;202011;536
280;202011;71
284;202011;56
285;202011;2978
286;202011;3547
287;202011;108
288;202011;154
290;202011;244
291;202011;64
297;202011;4999
300;202011;82
301;202011;560
304;202011;29
305;202011;506
309;202011;376
312;202011;37
316;202011;170
317;202011;79
320;202011;243
322;202011;171
398;202011;7265
399;202011;199
400;202011;174
402;202011;308
403;202011;66
405;202011;3164
407;202011;111
408;202011;374
410;202011;592
416;202011;84
418;202011;730
420;202011;313
421;202011;18
422;202011;570
423;202011;395
425;202011;210
426;202011;471
430;202011;614
433;202011;162
434;202011;570
435;202011;14
436;202011;52
440;202011;66
441;202011;157
444;202011;1679
445;202011;316
475;202011;121
480;202011;66
481;202011;170
483;202011;20
484;202011;92
489;202011;73
491;202011;2150
494;202011;302
495;202011;48
498;202011;42
499;202011;436
500;202011;264
503;202011;204
504;202011;84
505;202011;489
507;202011;166
508;202011;373
529;202011;561
531;202011;254
535;202011;233
536;202011;1298
538;202011;92
541;202011;382
543;202011;1239
545;202011;153
560;202011;594
561;202011;41
562;202011;317
563;202011;227
564;202011;10102
576;202011;71
577;202011;244
578;202011;108
580;202011;156
581;202011;202
583;202011;35
584;202011;71
588;202011;55
592;202011;134
593;202011;708
595;202011;123
598;202011;702
599;202011;161
601;202011;124
604;202011;557
607;202011;195
608;202011;64
609;202011;3654
611;202011;120
614;202011;71
615;202011;259
616;202011;68
619;202011;82
620;202011;82
623;202011;53
624;202011;169
625;202011;89
626;202011;162
630;202011;28
631;202011;50
635;202011;150
636;202011;214
638;202011;2071
678;202011;967
680;202011;908
681;202011;109
683;202011;99
684;202011;1381
686;202011;84
687;202011;56
689;202011;134
691;202011;55
694;202011;1232
697;202011;35
698;202011;2546
700;202011;144
702;202011;141
704;202011;101
707;202011;115
710;202011;1068
729;202011;404
732;202011;94
734;202011;2141
738;202011;55
739;202011;80
740;202011;1434
742;202011;34
743;202011;2285
746;202011;90
747;202011;64
748;202011;138
749;202011;551
751;202011;64
753;202011;656
755;202011;176
758;202011;201
759;202011;45
761;202011;281
762;202011;123
765;202011;260
768;202011;83
777;202011;220
778;202011;202
781;202011;118
783;202011;184
785;202011;73
790;202011;687
791;202011;160
831;202011;149
832;202011;88
833;202011;35
834;202011;169
837;202011;14579
844;202011;46
845;202011;62
846;202011;119
848;202011;194
849;202011;84
850;202011;72
851;202011;768
853;202011;10661
854;202011;71
857;202011;82
858;202011;992
859;202011;149
886;202011;410
887;202011;229
889;202011;66
890;202011;38
892;202011;97
893;202011;195
895;202011;393
905;202011;2991
908;202011;814
915;202011;980
918;202011;57
921;202011;63
922;202011;128
924;202011;86
925;202011;101
927;202011;989
931;202011;149
934;202011;62
935;202011;125
936;202011;180
946;202011;169
976;202011;110
977;202011;463
980;202011;942
981;202011;93
989;202011;166
992;202011;793
005;202012;309
009;202012;55
010;202012;320
016;202012;241
018;202012;144
019;202012;98
020;202012;579
046;202012;51
047;202012;75
049;202012;13496
050;202012;328
051;202012;215
052;202012;63
061;202012;772
069;202012;228
071;202012;172
072;202012;22
074;202012;28
075;202012;832
077;202012;186
078;202012;340
079;202012;314
081;202012;98
082;202012;248
086;202012;246
090;202012;104
091;202012;37116
092;202012;13191
097;202012;79
098;202012;713
099;202012;60
102;202012;326
103;202012;73
105;202012;73
106;202012;2176
108;202012;347
109;202012;2981
111;202012;784
139;202012;260
140;202012;864
142;202012;217
143;202012;258
145;202012;276
146;202012;183
148;202012;259
149;202012;133
151;202012;55
152;202012;120
153;202012;1420
165;202012;557
167;202012;4728
169;202012;150
171;202012;122
172;202012;169
176;202012;212
177;202012;47
178;202012;136
179;202012;8408
181;202012;56
182;202012;891
186;202012;1784
199;202012;361
202;202012;902
204;202012;113
205;202012;1451
208;202012;353
211;202012;911
213;202012;174
214;202012;527
216;202012;32
217;202012;159
218;202012;28
224;202012;352
226;202012;139
230;202012;71
231;202012;23
232;202012;450
233;202012;405
235;202012;288
236;202012;147
239;202012;61
240;202012;977
241;202012;220
244;202012;402
245;202012;1752
249;202012;350
250;202012;52
256;202012;47
257;202012;1408
260;202012;407
261;202012;211
263;202012;297
265;202012;45
271;202012;324
272;202012;1645
273;202012;138
275;202012;75
276;202012;528
280;202012;73
284;202012;59
285;202012;3037
286;202012;3630
287;202012;115
288;202012;153
290;202012;250
291;202012;66
297;202012;5110
300;202012;90
301;202012;578
304;202012;29
305;202012;525
309;202012;359
312;202012;37
316;202012;173
317;202012;79
320;202012;249
322;202012;181
398;202012;7417
399;202012;193
400;202012;168
402;202012;318
403;202012;66
405;202012;3245
407;202012;112
408;202012;382
410;202012;618
416;202012;82
418;202012;750
420;202012;316
421;202012;17
422;202012;592
423;202012;409
425;202012;237
426;202012;490
430;202012;651
433;202012;166
434;202012;592
435;202012;19
436;202012;52
440;202012;61
441;202012;157
444;202012;1715
445;202012;323
475;202012;117
478;202012;5
480;202012;68
481;202012;171
483;202012;20
484;202012;102
489;202012;69
491;202012;2202
494;202012;309
495;202012;50
498;202012;40
499;202012;436
500;202012;273
503;202012;198
504;202012;91
505;202012;508
507;202012;175
508;202012;379
529;202012;565
531;202012;258
535;202012;237
536;202012;1323
538;202012;92
541;202012;388
543;202012;1281
545;202012;157
560;202012;607
561;202012;40
562;202012;324
563;202012;224
564;202012;10423
576;202012;70
577;202012;249
578;202012;114
580;202012;162
581;202012;205
583;202012;33
584;202012;72
588;202012;60
592;202012;140
593;202012;733
595;202012;127
598;202012;727
599;202012;165
601;202012;127
604;202012;567
607;202012;203
608;202012;66
609;202012;3724
611;202012;128
614;202012;72
615;202012;259
616;202012;69
619;202012;88
620;202012;87
623;202012;54
624;202012;180
625;202012;88
626;202012;163
630;202012;31
631;202012;49
635;202012;151
636;202012;218
638;202012;2178
678;202012;964
680;202012;917
681;202012;116
683;202012;101
684;202012;1375
686;202012;88
687;202012;62
689;202012;136
691;202012;53
694;202012;1240
697;202012;34
698;202012;2562
700;202012;150
702;202012;139
704;202012;100
707;202012;115
710;202012;1124
729;202012;406
732;202012;102
734;202012;2176
738;202012;56
739;202012;84
740;202012;1462
742;202012;28
743;202012;2290
746;202012;87
747;202012;63
748;202012;144
749;202012;580
751;202012;63
753;202012;650
755;202012;185
758;202012;224
759;202012;46
761;202012;289
762;202012;121
765;202012;266
768;202012;93
777;202012;222
778;202012;202
781;202012;123
783;202012;179
785;202012;77
790;202012;690
791;202012;159
831;202012;165
832;202012;95
833;202012;35
834;202012;162
837;202012;14835
844;202012;48
845;202012;62
846;202012;128
848;202012;194
849;202012;81
850;202012;74
851;202012;786
853;202012;10788
854;202012;72
857;202012;75
858;202012;1007
859;202012;156
886;202012;406
887;202012;234
889;202012;68
890;202012;41
892;202012;95
893;202012;191
895;202012;394
905;202012;3050
908;202012;822
915;202012;996
918;202012;56
921;202012;62
922;202012;139
924;202012;85
925;202012;105
927;202012;1021
931;202012;152
934;202012;61
935;202012;132
936;202012;190
946;202012;167
976;202012;113
977;202012;468
980;202012;963
981;202012;93
989;202012;172
992;202012;783
005;202101;309
009;202101;56
010;202101;319
016;202101;238
018;202101;145
019;202101;95
020;202101;560
046;202101;52
047;202101;80
049;202101;13350
050;202101;336
051;202101;215
052;202101;60
061;202101;775
069;202101;233
071;202101;182
072;202101;22
074;202101;28
075;202101;820
077;202101;172
078;202101;339
079;202101;320
081;202101;103
082;202101;247
086;202101;247
090;202101;97
091;202101;36702
092;202101;13082
097;202101;77
098;202101;702
102;202101;328
103;202101;68
105;202101;70
106;202101;2152
108;202101;345
109;202101;3006
111;202101;766
139;202101;276
140;202101;884
142;202101;204
143;202101;261
145;202101;283
146;202101;193
148;202101;251
149;202101;137
151;202101;52
152;202101;124
153;202101;1409
165;202101;555
167;202101;4733
169;202101;152
171;202101;125
172;202101;169
176;202101;208
177;202101;47
178;202101;136
179;202101;8329
181;202101;54
182;202101;892
186;202101;1775
199;202101;387
202;202101;908
204;202101;114
205;202101;1483
208;202101;367
211;202101;911
213;202101;172
214;202101;597
216;202101;37
217;202101;161
218;202101;29
224;202101;347
226;202101;140
230;202101;76
231;202101;22
232;202101;418
233;202101;421
235;202101;287
236;202101;150
239;202101;63
240;202101;963
241;202101;222
244;202101;416
245;202101;1745
249;202101;351
250;202101;54
256;202101;51
257;202101;1398
260;202101;408
261;202101;207
263;202101;290
265;202101;44
271;202101;324
272;202101;1671
273;202101;123
275;202101;76
276;202101;527
280;202101;76
284;202101;65
285;202101;3001
286;202101;3622
287;202101;119
288;202101;163
290;202101;256
291;202101;61
297;202101;5158
300;202101;93
301;202101;589
304;202101;27
305;202101;501
309;202101;364
312;202101;35
316;202101;179
317;202101;80
320;202101;238
322;202101;170
398;202101;7391
399;202101;206
400;202101;178
402;202101;305
403;202101;65
405;202101;3260
407;202101;116
408;202101;383
410;202101;605
416;202101;84
418;202101;750
420;202101;320
421;202101;15
422;202101;587
423;202101;410
425;202101;230
426;202101;505
430;202101;647
433;202101;177
434;202101;590
435;202101;20
436;202101;49
440;202101;60
441;202101;154
444;202101;1699
445;202101;317
475;202101;117
478;202101;5
480;202101;68
481;202101;174
483;202101;22
484;202101;95
489;202101;66
491;202101;2183
494;202101;309
495;202101;51
498;202101;40
499;202101;435
500;202101;277
503;202101;201
504;202101;92
505;202101;506
507;202101;165
508;202101;369
529;202101;554
531;202101;253
535;202101;238
536;202101;1316
538;202101;94
541;202101;386
543;202101;1284
545;202101;162
560;202101;611
561;202101;40
562;202101;326
563;202101;230
564;202101;10458
576;202101;71
577;202101;248
578;202101;112
580;202101;160
581;202101;213
583;202101;30
584;202101;73
588;202101;64
592;202101;142
593;202101;755
595;202101;128
598;202101;722
599;202101;166
601;202101;134
604;202101;568
607;202101;203
608;202101;67
609;202101;3717
611;202101;133
614;202101;68
615;202101;258
616;202101;69
619;202101;91
620;202101;89
623;202101;55
624;202101;186
625;202101;93
626;202101;166
630;202101;27
631;202101;49
635;202101;160
636;202101;215
638;202101;2147
678;202101;970
680;202101;917
681;202101;115
683;202101;103
684;202101;1394
686;202101;87
687;202101;57
689;202101;136
691;202101;57
694;202101;1232
697;202101;34
698;202101;2635
700;202101;152
702;202101;146
704;202101;106
707;202101;119
710;202101;1123
729;202101;404
732;202101;101
734;202101;2190
738;202101;57
739;202101;94
740;202101;1480
742;202101;25
743;202101;2333
746;202101;94
747;202101;65
748;202101;141
749;202101;575
751;202101;65
753;202101;671
755;202101;183
758;202101;229
759;202101;48
761;202101;282
762;202101;121
765;202101;267
768;202101;92
777;202101;228
778;202101;206
781;202101;122
783;202101;183
785;202101;84
790;202101;710
791;202101;158
831;202101;158
832;202101;97
833;202101;34
834;202101;167
837;202101;14797
844;202101;48
845;202101;62
846;202101;127
848;202101;186
849;202101;80
850;202101;73
851;202101;788
853;202101;10840
854;202101;73
857;202101;75
858;202101;1015
859;202101;167
886;202101;406
887;202101;238
889;202101;68
890;202101;41
892;202101;107
893;202101;201
895;202101;401
905;202101;3046
908;202101;830
915;202101;998
918;202101;57
921;202101;64
922;202101;139
924;202101;89
925;202101;109
927;202101;1000
931;202101;152
934;202101;61
935;202101;137
936;202101;184
946;202101;166
976;202101;103
977;202101;473
980;202101;972
981;202101;94
989;202101;182
992;202101;807
005;202102;310
009;202102;56
010;202102;337
016;202102;239
018;202102;141
019;202102;93
020;202102;566
046;202102;49
047;202102;91
049;202102;13202
050;202102;318
051;202102;212
052;202102;58
061;202102;779
069;202102;229
071;202102;191
072;202102;22
074;202102;25
075;202102;797
077;202102;178
078;202102;342
079;202102;314
081;202102;102
082;202102;245
086;202102;252
090;202102;99
091;202102;36312
092;202102;13061
097;202102;77
098;202102;681
102;202102;334
103;202102;72
105;202102;66
106;202102;2124
108;202102;351
109;202102;3010
111;202102;762
139;202102;270
140;202102;858
142;202102;209
143;202102;248
145;202102;293
146;202102;185
148;202102;259
149;202102;130
151;202102;48
152;202102;119
153;202102;1407
165;202102;558
167;202102;4709
169;202102;143
171;202102;117
172;202102;166
176;202102;207
177;202102;51
178;202102;131
179;202102;8345
181;202102;55
182;202102;860
186;202102;1755
199;202102;400
202;202102;873
204;202102;107
205;202102;1465
208;202102;360
211;202102;888
213;202102;173
214;202102;604
216;202102;37
217;202102;161
218;202102;29
224;202102;347
226;202102;138
230;202102;73
231;202102;24
232;202102;430
233;202102;425
235;202102;283
236;202102;125
239;202102;59
240;202102;982
241;202102;214
244;202102;400
245;202102;1737
249;202102;347
250;202102;59
256;202102;44
257;202102;1370
260;202102;405
261;202102;197
263;202102;277
265;202102;44
271;202102;323
272;202102;1639
273;202102;122
275;202102;66
276;202102;500
280;202102;70
284;202102;62
285;202102;2988
286;202102;3565
287;202102;117
288;202102;159
290;202102;261
291;202102;58
297;202102;5087
300;202102;86
301;202102;567
304;202102;31
305;202102;510
309;202102;353
312;202102;33
316;202102;175
317;202102;78
320;202102;235
322;202102;180
398;202102;7395
399;202102;191
400;202102;178
402;202102;297
403;202102;68
405;202102;3206
407;202102;109
408;202102;371
410;202102;581
416;202102;84
418;202102;744
420;202102;310
421;202102;15
422;202102;578
423;202102;379
425;202102;214
426;202102;503
430;202102;625
433;202102;171
434;202102;589
435;202102;18
436;202102;51
440;202102;55
441;202102;150
444;202102;1690
445;202102;319
475;202102;111
480;202102;67
481;202102;160
483;202102;23
484;202102;99
489;202102;68
491;202102;2190
494;202102;314
495;202102;46
498;202102;37
499;202102;439
500;202102;259
503;202102;193
504;202102;90
505;202102;508
507;202102;171
508;202102;369
529;202102;525
531;202102;248
535;202102;239
536;202102;1309
538;202102;95
541;202102;390
543;202102;1270
545;202102;150
560;202102;599
561;202102;37
562;202102;325
563;202102;229
564;202102;10414
576;202102;67
577;202102;217
578;202102;109
580;202102;159
581;202102;209
583;202102;26
584;202102;72
588;202102;65
592;202102;136
593;202102;733
595;202102;123
598;202102;698
599;202102;159
601;202102;119
604;202102;520
607;202102;205
608;202102;65
609;202102;3725
611;202102;129
614;202102;70
615;202102;267
616;202102;67
619;202102;90
620;202102;85
623;202102;52
624;202102;183
625;202102;92
626;202102;152
630;202102;34
631;202102;42
635;202102;161
636;202102;195
638;202102;2083
678;202102;978
680;202102;891
681;202102;117
683;202102;104
684;202102;1398
686;202102;86
687;202102;58
689;202102;140
691;202102;59
694;202102;1239
697;202102;33
698;202102;2642
700;202102;150
702;202102;139
704;202102;99
707;202102;122
710;202102;1116
729;202102;408
732;202102;105
734;202102;2132
738;202102;54
739;202102;93
740;202102;1449
742;202102;26
743;202102;2271
746;202102;91
747;202102;66
748;202102;149
749;202102;556
751;202102;56
753;202102;657
755;202102;184
758;202102;238
759;202102;49
761;202102;274
762;202102;117
765;202102;250
768;202102;87
777;202102;241
778;202102;202
781;202102;129
783;202102;186
785;202102;75
790;202102;724
791;202102;157
831;202102;159
832;202102;89
833;202102;41
834;202102;170
837;202102;14557
844;202102;52
845;202102;65
846;202102;117
848;202102;176
849;202102;82
850;202102;67
851;202102;780
853;202102;10675
854;202102;82
857;202102;72
858;202102;1021
859;202102;162
886;202102;396
887;202102;233
889;202102;66
890;202102;49
892;202102;99
893;202102;197
895;202102;376
905;202102;2971
908;202102;811
915;202102;970
918;202102;58
921;202102;60
922;202102;141
924;202102;88
925;202102;104
927;202102;992
931;202102;155
934;202102;61
935;202102;134
936;202102;185
946;202102;167
976;202102;117
977;202102;475
980;202102;947
981;202102;87
989;202102;179
992;202102;780
005;202103;313
009;202103;60
010;202103;349
016;202103;243
018;202103;149
019;202103;105
020;202103;611
046;202103;57
047;202103;88
049;202103;13878
050;202103;346
051;202103;218
052;202103;64
061;202103;786
069;202103;213
071;202103;189
072;202103;24
074;202103;25
075;202103;835
077;202103;186
078;202103;352
079;202103;331
081;202103;108
082;202103;267
086;202103;255
090;202103;104
091;202103;38268
092;202103;13794
097;202103;78
098;202103;725
102;202103;347
103;202103;74
105;202103;75
106;202103;2190
108;202103;347
109;202103;3152
111;202103;806
139;202103;281
140;202103;851
142;202103;213
143;202103;259
145;202103;297
146;202103;188
148;202103;281
149;202103;138
151;202103;46
152;202103;117
153;202103;1467
165;202103;583
167;202103;4864
169;202103;147
171;202103;127
172;202103;179
176;202103;214
177;202103;49
178;202103;134
179;202103;8692
181;202103;55
182;202103;870
186;202103;1853
199;202103;432
202;202103;961
204;202103;109
205;202103;1525
208;202103;356
211;202103;918
213;202103;177
214;202103;625
216;202103;36
217;202103;166
218;202103;27
224;202103;360
226;202103;145
230;202103;72
231;202103;27
232;202103;445
233;202103;434
235;202103;285
236;202103;138
239;202103;63
240;202103;1025
241;202103;224
244;202103;424
245;202103;1815
249;202103;361
250;202103;62
256;202103;49
257;202103;1431
260;202103;422
261;202103;217
263;202103;301
265;202103;46
271;202103;332
272;202103;1764
273;202103;126
275;202103;74
276;202103;512
280;202103;73
284;202103;66
285;202103;3095
286;202103;3718
287;202103;116
288;202103;165
290;202103;270
291;202103;66
297;202103;5290
300;202103;86
301;202103;605
304;202103;34
305;202103;522
309;202103;361
312;202103;35
316;202103;187
317;202103;81
320;202103;245
322;202103;187
398;202103;7700
399;202103;192
400;202103;195
402;202103;312
403;202103;67
405;202103;3379
407;202103;113
408;202103;384
410;202103;609
416;202103;83
418;202103;772
420;202103;330
421;202103;15
422;202103;597
423;202103;432
425;202103;225
426;202103;506
430;202103;658
433;202103;173
434;202103;616
435;202103;18
436;202103;56
440;202103;61
441;202103;162
444;202103;1788
445;202103;347
475;202103;120
480;202103;65
481;202103;174
483;202103;22
484;202103;105
489;202103;65
491;202103;2268
494;202103;325
495;202103;48
498;202103;39
499;202103;454
500;202103;276
503;202103;209
504;202103;94
505;202103;548
507;202103;177
508;202103;362
529;202103;576
531;202103;251
535;202103;254
536;202103;1369
538;202103;104
541;202103;407
543;202103;1354
545;202103;169
560;202103;616
561;202103;42
562;202103;355
563;202103;249
564;202103;10731
576;202103;72
577;202103;247
578;202103;112
580;202103;160
581;202103;223
583;202103;29
584;202103;77
588;202103;65
592;202103;143
593;202103;759
595;202103;129
598;202103;745
599;202103;164
601;202103;125
604;202103;561
607;202103;199
608;202103;66
609;202103;3919
611;202103;149
614;202103;77
615;202103;270
616;202103;67
619;202103;91
620;202103;87
623;202103;57
624;202103;196
625;202103;96
626;202103;154
630;202103;30
631;202103;51
635;202103;169
636;202103;205
638;202103;2216
678;202103;1000
680;202103;929
681;202103;122
683;202103;108
684;202103;1449
686;202103;90
687;202103;59
689;202103;151
691;202103;64
694;202103;1309
697;202103;34
698;202103;2711
700;202103;164
702;202103;148
704;202103;106
707;202103;120
710;202103;1172
729;202103;416
732;202103;111
734;202103;2228
738;202103;62
739;202103;96
740;202103;1520
742;202103;26
743;202103;2358
746;202103;91
747;202103;70
748;202103;162
749;202103;570
751;202103;62
753;202103;674
755;202103;182
758;202103;241
759;202103;52
761;202103;294
762;202103;126
765;202103;258
768;202103;81
777;202103;246
778;202103;221
781;202103;136
783;202103;190
785;202103;79
790;202103;762
791;202103;153
831;202103;163
832;202103;96
833;202103;43
834;202103;178
837;202103;15253
844;202103;52
845;202103;70
846;202103;126
848;202103;183
849;202103;85
850;202103;71
851;202103;815
853;202103;11252
854;202103;75
857;202103;81
858;202103;1084
859;202103;167
886;202103;419
887;202103;237
889;202103;70
890;202103;52
892;202103;94
893;202103;210
895;202103;414
905;202103;3109
908;202103;830
915;202103;1011
918;202103;59
921;202103;65
922;202103;141
924;202103;93
925;202103;106
927;202103;1039
931;202103;168
934;202103;57
935;202103;142
936;202103;188
946;202103;171
976;202103;117
977;202103;504
980;202103;1012
981;202103;89
989;202103;187
992;202103;811
005;202104;312
009;202104;61
010;202104;328
016;202104;233
018;202104;145
019;202104;110
020;202104;624
046;202104;56
047;202104;93
049;202104;13576
050;202104;334
051;202104;216
052;202104;57
061;202104;783
069;202104;198
071;202104;184
072;202104;22
074;202104;24
075;202104;808
077;202104;182
078;202104;346
079;202104;320
081;202104;102
082;202104;253
086;202104;257
090;202104;114
091;202104;37726
092;202104;13548
097;202104;80
098;202104;716
102;202104;326
103;202104;71
105;202104;64
106;202104;2162
108;202104;350
109;202104;3066
111;202104;773
139;202104;285
140;202104;828
142;202104;212
143;202104;251
145;202104;307
146;202104;181
148;202104;272
149;202104;141
151;202104;52
152;202104;116
153;202104;1390
165;202104;573
167;202104;4776
169;202104;150
171;202104;124
172;202104;174
176;202104;207
177;202104;46
178;202104;138
179;202104;8588
181;202104;55
182;202104;874
186;202104;1816
199;202104;407
202;202104;957
204;202104;103
205;202104;1465
208;202104;370
211;202104;940
213;202104;171
214;202104;610
216;202104;37
217;202104;159
218;202104;27
224;202104;378
226;202104;134
230;202104;66
231;202104;27
232;202104;440
233;202104;404
235;202104;277
236;202104;136
239;202104;63
240;202104;1005
241;202104;219
244;202104;414
245;202104;1776
249;202104;356
250;202104;61
256;202104;51
257;202104;1402
260;202104;415
261;202104;216
263;202104;295
265;202104;47
271;202104;324
272;202104;1721
273;202104;124
275;202104;72
276;202104;510
280;202104;68
284;202104;63
285;202104;3011
286;202104;3596
287;202104;110
288;202104;151
290;202104;257
291;202104;60
297;202104;5190
300;202104;77
301;202104;582
304;202104;36
305;202104;492
309;202104;350
312;202104;32
316;202104;182
317;202104;76
320;202104;239
322;202104;199
398;202104;7518
399;202104;186
400;202104;187
402;202104;311
403;202104;66
405;202104;3300
407;202104;103
408;202104;372
410;202104;607
416;202104;74
418;202104;768
420;202104;325
421;202104;16
422;202104;596
423;202104;451
425;202104;214
426;202104;509
430;202104;658
433;202104;180
434;202104;601
435;202104;17
436;202104;54
440;202104;58
441;202104;154
444;202104;1723
445;202104;347
475;202104;118
480;202104;64
481;202104;177
483;202104;22
484;202104;104
489;202104;65
491;202104;2228
494;202104;317
495;202104;51
498;202104;36
499;202104;431
500;202104;274
503;202104;203
504;202104;94
505;202104;531
507;202104;173
508;202104;359
529;202104;568
531;202104;253
535;202104;252
536;202104;1339
538;202104;101
541;202104;395
543;202104;1313
545;202104;165
560;202104;598
561;202104;43
562;202104;342
563;202104;240
564;202104;10602
576;202104;75
577;202104;245
578;202104;108
580;202104;155
581;202104;217
583;202104;26
584;202104;68
588;202104;62
592;202104;152
593;202104;762
595;202104;123
598;202104;744
599;202104;164
601;202104;116
604;202104;560
607;202104;192
608;202104;61
609;202104;3849
611;202104;144
614;202104;84
615;202104;259
616;202104;64
619;202104;92
620;202104;87
623;202104;57
624;202104;191
625;202104;93
626;202104;158
630;202104;33
631;202104;49
635;202104;176
636;202104;199
638;202104;2178
678;202104;991
680;202104;917
681;202104;121
683;202104;109
684;202104;1435
686;202104;82
687;202104;53
689;202104;146
691;202104;60
694;202104;1277
697;202104;34
698;202104;2654
700;202104;164
702;202104;132
704;202104;112
707;202104;119
710;202104;1137
729;202104;403
732;202104;104
734;202104;2193
738;202104;67
739;202104;91
740;202104;1509
742;202104;27
743;202104;2325
746;202104;92
747;202104;72
748;202104;154
749;202104;555
751;202104;63
753;202104;683
755;202104;182
758;202104;242
759;202104;53
761;202104;282
762;202104;123
765;202104;251
768;202104;78
777;202104;229
778;202104;212
781;202104;127
783;202104;185
785;202104;71
790;202104;750
791;202104;153
831;202104;148
832;202104;101
833;202104;50
834;202104;170
837;202104;15117
844;202104;52
845;202104;60
846;202104;122
848;202104;186
849;202104;83
850;202104;71
851;202104;819
853;202104;11004
854;202104;71
857;202104;84
858;202104;1023
859;202104;165
886;202104;417
887;202104;228
889;202104;62
890;202104;51
892;202104;96
893;202104;213
895;202104;426
905;202104;3021
908;202104;822
915;202104;1021
918;202104;53
921;202104;63
922;202104;136
924;202104;95
925;202104;107
927;202104;1004
931;202104;166
934;202104;49
935;202104;143
936;202104;175
946;202104;175
976;202104;116
977;202104;489
980;202104;1009
981;202104;89
989;202104;187
992;202104;805
005;202105;298
009;202105;53
010;202105;323
016;202105;233
018;202105;147
019;202105;101
020;202105;600
046;202105;52
047;202105;89
049;202105;13469
050;202105;333
051;202105;214
052;202105;52
061;202105;763
069;202105;199
071;202105;181
072;202105;25
074;202105;27
075;202105;795
077;202105;178
078;202105;340
079;202105;323
081;202105;103
082;202105;242
086;202105;249
090;202105;111
091;202105;37296
092;202105;13458
097;202105;72
098;202105;702
102;202105;328
103;202105;66
105;202105;66
106;202105;2136
108;202105;345
109;202105;2985
111;202105;753
139;202105;271
140;202105;824
142;202105;216
143;202105;238
145;202105;281
146;202105;176
148;202105;281
149;202105;134
151;202105;57
152;202105;111
153;202105;1401
165;202105;567
167;202105;4670
169;202105;141
171;202105;123
172;202105;151
176;202105;203
177;202105;50
178;202105;144
179;202105;8390
181;202105;55
182;202105;844
186;202105;1809
199;202105;369
202;202105;943
204;202105;107
205;202105;1465
208;202105;343
211;202105;909
213;202105;162
214;202105;579
216;202105;37
217;202105;153
218;202105;23
224;202105;354
226;202105;134
230;202105;69
231;202105;24
232;202105;417
233;202105;399
235;202105;291
236;202105;131
239;202105;63
240;202105;980
241;202105;220
244;202105;392
245;202105;1754
249;202105;349
250;202105;52
256;202105;50
257;202105;1408
260;202105;394
261;202105;210
263;202105;289
265;202105;46
271;202105;327
272;202105;1656
273;202105;125
275;202105;73
276;202105;499
280;202105;63
284;202105;66
285;202105;2954
286;202105;3539
287;202105;114
288;202105;139
290;202105;253
291;202105;63
297;202105;5041
300;202105;73
301;202105;583
304;202105;33
305;202105;467
309;202105;358
312;202105;32
316;202105;176
317;202105;70
320;202105;231
322;202105;179
398;202105;7447
399;202105;183
400;202105;179
402;202105;301
403;202105;65
405;202105;3238
407;202105;104
408;202105;370
410;202105;572
416;202105;75
418;202105;738
420;202105;303
421;202105;19
422;202105;579
423;202105;431
425;202105;204
426;202105;500
430;202105;649
433;202105;172
434;202105;610
435;202105;17
436;202105;53
440;202105;58
441;202105;145
444;202105;1729
445;202105;332
475;202105;114
480;202105;67
481;202105;168
483;202105;19
484;202105;103
489;202105;68
491;202105;2172
494;202105;328
495;202105;44
498;202105;36
499;202105;404
500;202105;267
503;202105;199
504;202105;88
505;202105;517
507;202105;171
508;202105;358
529;202105;544
531;202105;239
535;202105;229
536;202105;1312
538;202105;98
541;202105;383
543;202105;1304
545;202105;158
560;202105;586
561;202105;41
562;202105;336
563;202105;232
564;202105;10385
576;202105;74
577;202105;237
578;202105;105
580;202105;151
581;202105;210
583;202105;26
584;202105;70
588;202105;59
592;202105;146
593;202105;711
595;202105;122
598;202105;735
599;202105;161
601;202105;106
604;202105;557
607;202105;194
608;202105;63
609;202105;3832
611;202105;136
614;202105;80
615;202105;267
616;202105;64
619;202105;90
620;202105;90
623;202105;58
624;202105;184
625;202105;84
626;202105;156
630;202105;30
631;202105;47
635;202105;166
636;202105;204
638;202105;2071
678;202105;928
680;202105;910
681;202105;115
683;202105;111
684;202105;1428
686;202105;82
687;202105;54
689;202105;148
691;202105;55
694;202105;1259
697;202105;34
698;202105;2622
700;202105;163
702;202105;132
704;202105;110
707;202105;111
710;202105;1105
729;202105;401
732;202105;104
734;202105;2114
738;202105;69
739;202105;85
740;202105;1459
742;202105;29
743;202105;2271
746;202105;86
747;202105;75
748;202105;138
749;202105;534
751;202105;58
753;202105;676
755;202105;175
758;202105;231
759;202105;50
761;202105;288
762;202105;127
765;202105;251
768;202105;76
777;202105;220
778;202105;209
781;202105;119
783;202105;169
785;202105;73
790;202105;724
791;202105;147
831;202105;148
832;202105;97
833;202105;48
834;202105;162
837;202105;14980
844;202105;48
845;202105;60
846;202105;122
848;202105;180
849;202105;73
850;202105;69
851;202105;778
853;202105;10971
854;202105;69
857;202105;80
858;202105;1022
859;202105;151
886;202105;409
887;202105;238
889;202105;66
890;202105;53
892;202105;99
893;202105;203
895;202105;396
905;202105;2907
908;202105;793
915;202105;969
918;202105;54
921;202105;59
922;202105;136
924;202105;91
925;202105;95
927;202105;1006
931;202105;160
934;202105;47
935;202105;140
936;202105;175
946;202105;159
976;202105;116
977;202105;464
980;202105;970
981;202105;85
989;202105;169
992;202105;766
005;202106;268
009;202106;53
010;202106;291
016;202106;232
018;202106;146
019;202106;90
020;202106;601
046;202106;50
047;202106;88
049;202106;13319
050;202106;324
051;202106;213
052;202106;54
061;202106;733
069;202106;202
071;202106;176
072;202106;25
074;202106;26
075;202106;787
077;202106;174
078;202106;348
079;202106;310
081;202106;98
082;202106;235
086;202106;240
090;202106;105
091;202106;36912
092;202106;13350
097;202106;62
098;202106;684
102;202106;304
103;202106;67
105;202106;66
106;202106;2112
108;202106;322
109;202106;2921
111;202106;750
139;202106;263
140;202106;798
142;202106;203
143;202106;240
145;202106;287
146;202106;179
148;202106;279
149;202106;138
151;202106;55
152;202106;111
153;202106;1332
165;202106;545
167;202106;4610
169;202106;141
171;202106;130
172;202106;149
176;202106;195
177;202106;50
178;202106;137
179;202106;8416
181;202106;54
182;202106;832
186;202106;1792
199;202106;345
202;202106;909
204;202106;113
205;202106;1428
208;202106;330
211;202106;890
213;202106;155
214;202106;560
216;202106;37
217;202106;142
218;202106;20
224;202106;342
226;202106;129
230;202106;67
231;202106;21
232;202106;406
233;202106;391
235;202106;280
236;202106;128
239;202106;58
240;202106;960
241;202106;209
244;202106;417
245;202106;1724
249;202106;350
250;202106;56
256;202106;50
257;202106;1355
260;202106;385
261;202106;222
263;202106;285
265;202106;51
271;202106;314
272;202106;1638
273;202106;115
275;202106;77
276;202106;483
280;202106;59
284;202106;62
285;202106;2932
286;202106;3424
287;202106;107
288;202106;141
290;202106;250
291;202106;59
297;202106;5055
300;202106;71
301;202106;578
304;202106;29
305;202106;468
309;202106;349
312;202106;31
316;202106;171
317;202106;70
320;202106;229
322;202106;168
398;202106;7300
399;202106;180
400;202106;165
402;202106;290
403;202106;59
405;202106;3199
407;202106;101
408;202106;353
410;202106;558
416;202106;74
418;202106;730
420;202106;283
421;202106;19
422;202106;560
423;202106;420
425;202106;190
426;202106;480
430;202106;609
433;202106;158
434;202106;593
435;202106;16
436;202106;52
440;202106;59
441;202106;140
444;202106;1689
445;202106;300
475;202106;103
480;202106;68
481;202106;154
483;202106;20
484;202106;106
489;202106;67
491;202106;2113
494;202106;311
495;202106;48
498;202106;35
499;202106;378
500;202106;269
503;202106;195
504;202106;87
505;202106;519
507;202106;146
508;202106;345
529;202106;520
531;202106;233
535;202106;233
536;202106;1284
538;202106;97
541;202106;375
543;202106;1272
545;202106;145
560;202106;568
561;202106;40
562;202106;310
563;202106;224
564;202106;10336
576;202106;73
577;202106;231
578;202106;106
580;202106;144
581;202106;202
583;202106;24
584;202106;66
588;202106;60
592;202106;148
593;202106;699
595;202106;120
598;202106;720
599;202106;144
601;202106;115
604;202106;532
607;202106;208
608;202106;55
609;202106;3674
611;202106;135
614;202106;74
615;202106;244
616;202106;64
619;202106;89
620;202106;93
623;202106;49
624;202106;174
625;202106;78
626;202106;150
630;202106;28
631;202106;42
635;202106;149
636;202106;186
638;202106;2024
678;202106;890
680;202106;885
681;202106;113
683;202106;106
684;202106;1366
686;202106;83
687;202106;57
689;202106;143
691;202106;56
694;202106;1232
697;202106;31
698;202106;2551
700;202106;157
702;202106;126
704;202106;105
707;202106;106
710;202106;1067
729;202106;394
732;202106;91
734;202106;2008
738;202106;63
739;202106;76
740;202106;1407
742;202106;33
743;202106;2198
746;202106;88
747;202106;66
748;202106;147
749;202106;527
751;202106;63
753;202106;643
755;202106;166
758;202106;228
759;202106;45
761;202106;271
762;202106;115
765;202106;260
768;202106;80
777;202106;214
778;202106;203
781;202106;106
783;202106;156
785;202106;69
790;202106;702
791;202106;145
831;202106;149
832;202106;93
833;202106;43
834;202106;142
837;202106;14675
844;202106;47
845;202106;68
846;202106;118
848;202106;188
849;202106;72
850;202106;71
851;202106;752
853;202106;10706
854;202106;74
857;202106;71
858;202106;989
859;202106;153
886;202106;377
887;202106;229
889;202106;63
890;202106;43
892;202106;89
893;202106;191
895;202106;384
905;202106;2834
908;202106;775
915;202106;942
918;202106;52
921;202106;60
922;202106;124
924;202106;90
925;202106;92
927;202106;958
931;202106;155
934;202106;47
935;202106;137
936;202106;176
946;202106;156
976;202106;112
977;202106;477
980;202106;952
981;202106;87
989;202106;158
992;202106;770
005;202107;257
009;202107;49
010;202107;279
016;202107;213
018;202107;151
019;202107;97
020;202107;578
046;202107;44
047;202107;79
049;202107;13035
050;202107;322
051;202107;201
052;202107;49
061;202107;706
069;202107;192
071;202107;168
072;202107;22
074;202107;26
075;202107;754
077;202107;157
078;202107;317
079;202107;299
081;202107;87
082;202107;235
086;202107;228
090;202107;105
091;202107;35685
092;202107;12918
097;202107;74
098;202107;650
102;202107;303
103;202107;69
105;202107;70
106;202107;2048
108;202107;324
109;202107;2914
111;202107;728
139;202107;263
140;202107;806
142;202107;199
143;202107;241
145;202107;282
146;202107;177
148;202107;248
149;202107;126
151;202107;51
152;202107;102
153;202107;1285
165;202107;537
167;202107;4611
169;202107;133
171;202107;120
172;202107;141
176;202107;184
177;202107;46
178;202107;110
179;202107;8382
181;202107;54
182;202107;798
186;202107;1738
199;202107;301
202;202107;903
204;202107;108
205;202107;1457
208;202107;301
211;202107;884
213;202107;149
214;202107;560
216;202107;35
217;202107;144
218;202107;26
224;202107;333
226;202107;123
230;202107;65
231;202107;21
232;202107;409
233;202107;367
235;202107;279
236;202107;126
239;202107;55
240;202107;917
241;202107;208
244;202107;416
245;202107;1669
249;202107;343
250;202107;57
256;202107;50
257;202107;1305
260;202107;390
261;202107;208
263;202107;278
265;202107;40
271;202107;309
272;202107;1620
273;202107;115
275;202107;81
276;202107;487
280;202107;61
284;202107;58
285;202107;2865
286;202107;3326
287;202107;109
288;202107;146
290;202107;247
291;202107;59
297;202107;4879
300;202107;65
301;202107;555
304;202107;27
305;202107;443
309;202107;343
312;202107;25
316;202107;157
317;202107;72
320;202107;228
322;202107;153
398;202107;7122
399;202107;170
400;202107;159
402;202107;302
403;202107;56
405;202107;3100
407;202107;101
408;202107;333
410;202107;548
416;202107;70
418;202107;744
420;202107;277
421;202107;14
422;202107;550
423;202107;392
425;202107;204
426;202107;467
430;202107;595
433;202107;168
434;202107;594
435;202107;18
436;202107;57
440;202107;58
441;202107;130
444;202107;1616
445;202107;291
475;202107;105
480;202107;64
481;202107;161
483;202107;19
484;202107;99
489;202107;61
491;202107;2064
494;202107;309
495;202107;44
498;202107;34
499;202107;369
500;202107;262
503;202107;198
504;202107;85
505;202107;505
507;202107;149
508;202107;330
529;202107;519
531;202107;249
535;202107;224
536;202107;1267
538;202107;97
541;202107;360
543;202107;1227
545;202107;130
560;202107;567
561;202107;38
562;202107;300
563;202107;225
564;202107;10284
576;202107;65
577;202107;238
578;202107;110
580;202107;136
581;202107;200
583;202107;21
584;202107;68
588;202107;59
592;202107;151
593;202107;696
595;202107;115
598;202107;707
599;202107;145
601;202107;113
604;202107;535
607;202107;201
608;202107;56
609;202107;3642
611;202107;132
614;202107;64
615;202107;234
616;202107;63
619;202107;96
620;202107;84
623;202107;49
624;202107;164
625;202107;80
626;202107;150
630;202107;26
631;202107;37
635;202107;152
636;202107;191
638;202107;2013
678;202107;890
680;202107;884
681;202107;100
683;202107;98
684;202107;1368
686;202107;73
687;202107;52
689;202107;130
691;202107;60
694;202107;1218
697;202107;31
698;202107;2521
700;202107;149
702;202107;126
704;202107;104
707;202107;101
710;202107;1063
729;202107;391
732;202107;90
734;202107;1941
738;202107;64
739;202107;77
740;202107;1325
742;202107;34
743;202107;2179
746;202107;90
747;202107;66
748;202107;144
749;202107;517
751;202107;63
753;202107;638
755;202107;156
758;202107;214
759;202107;43
761;202107;266
762;202107;108
765;202107;250
768;202107;74
777;202107;194
778;202107;185
781;202107;105
783;202107;164
785;202107;58
790;202107;713
791;202107;140
831;202107;135
832;202107;94
833;202107;36
834;202107;147
837;202107;14645
844;202107;49
845;202107;62
846;202107;112
848;202107;177
849;202107;67
850;202107;72
851;202107;763
853;202107;10552
854;202107;67
857;202107;67
858;202107;940
859;202107;150
886;202107;379
887;202107;233
889;202107;51
890;202107;38
892;202107;99
893;202107;189
895;202107;378
905;202107;2802
908;202107;770
915;202107;916
918;202107;55
921;202107;62
922;202107;127
924;202107;79
925;202107;103
927;202107;950
931;202107;151
934;202107;46
935;202107;137
936;202107;169
946;202107;145
976;202107;101
977;202107;475
980;202107;958
981;202107;84
989;202107;147
992;202107;771
005;202108;259
009;202108;49
010;202108;252
016;202108;213
018;202108;151
019;202108;88
020;202108;554
046;202108;45
047;202108;81
049;202108;13286
050;202108;310
051;202108;206
052;202108;50
061;202108;686
069;202108;187
071;202108;170
072;202108;20
074;202108;27
075;202108;781
077;202108;156
078;202108;320
079;202108;292
081;202108;90
082;202108;217
086;202108;235
090;202108;103
091;202108;35796
092;202108;13063
097;202108;72
098;202108;658
102;202108;289
103;202108;65
105;202108;66
106;202108;2079
108;202108;305
109;202108;2835
111;202108;705
139;202108;265
140;202108;795
142;202108;204
143;202108;228
145;202108;259
146;202108;172
148;202108;227
149;202108;134
151;202108;50
152;202108;99
153;202108;1297
165;202108;516
167;202108;4629
169;202108;123
171;202108;115
172;202108;140
176;202108;179
177;202108;48
178;202108;110
179;202108;8289
181;202108;47
182;202108;795
186;202108;1716
199;202108;301
202;202108;845
204;202108;106
205;202108;1393
208;202108;308
211;202108;871
213;202108;152
214;202108;559
216;202108;36
217;202108;148
218;202108;23
224;202108;353
226;202108;117
230;202108;68
231;202108;20
232;202108;393
233;202108;364
235;202108;280
236;202108;129
239;202108;52
240;202108;904
241;202108;191
244;202108;397
245;202108;1711
249;202108;330
250;202108;50
256;202108;45
257;202108;1322
260;202108;386
261;202108;202
263;202108;280
265;202108;40
271;202108;300
272;202108;1609
273;202108;85
275;202108;86
276;202108;504
280;202108;55
284;202108;61
285;202108;2867
286;202108;3331
287;202108;99
288;202108;152
290;202108;241
291;202108;55
297;202108;4862
300;202108;61
301;202108;522
304;202108;25
305;202108;435
309;202108;335
312;202108;23
316;202108;143
317;202108;77
320;202108;225
322;202108;143
398;202108;7131
399;202108;162
400;202108;148
402;202108;306
403;202108;54
405;202108;3046
407;202108;98
408;202108;335
410;202108;542
416;202108;78
418;202108;743
420;202108;271
421;202108;16
422;202108;528
423;202108;359
425;202108;190
426;202108;444
430;202108;572
433;202108;162
434;202108;609
435;202108;14
436;202108;50
440;202108;60
441;202108;127
444;202108;1624
445;202108;260
475;202108;107
480;202108;67
481;202108;157
483;202108;16
484;202108;102
489;202108;55
491;202108;2055
494;202108;293
495;202108;43
498;202108;35
499;202108;360
500;202108;267
503;202108;173
504;202108;81
505;202108;504
507;202108;138
508;202108;331
529;202108;489
531;202108;243
535;202108;225
536;202108;1236
538;202108;92
541;202108;345
543;202108;1218
545;202108;125
560;202108;563
561;202108;39
562;202108;294
563;202108;224
564;202108;10037
576;202108;67
577;202108;204
578;202108;102
580;202108;136
581;202108;192
583;202108;21
584;202108;61
588;202108;57
592;202108;142
593;202108;679
595;202108;117
598;202108;705
599;202108;154
601;202108;108
604;202108;514
607;202108;201
608;202108;55
609;202108;3554
611;202108;134
614;202108;75
615;202108;224
616;202108;63
619;202108;91
620;202108;89
623;202108;50
624;202108;162
625;202108;76
626;202108;137
630;202108;26
631;202108;39
635;202108;144
636;202108;180
638;202108;2040
678;202108;841
680;202108;837
681;202108;97
683;202108;97
684;202108;1328
686;202108;67
687;202108;49
689;202108;130
691;202108;57
694;202108;1203
697;202108;29
698;202108;2480
700;202108;139
702;202108;116
704;202108;88
707;202108;101
710;202108;1065
729;202108;388
732;202108;88
734;202108;1901
738;202108;58
739;202108;73
740;202108;1299
742;202108;27
743;202108;2144
746;202108;96
747;202108;61
748;202108;139
749;202108;502
751;202108;62
753;202108;649
755;202108;169
758;202108;199
759;202108;38
761;202108;240
762;202108;103
765;202108;241
768;202108;75
777;202108;188
778;202108;175
781;202108;105
783;202108;156
785;202108;67
790;202108;676
791;202108;131
831;202108;138
832;202108;87
833;202108;41
834;202108;137
837;202108;14254
844;202108;48
845;202108;63
846;202108;118
848;202108;177
849;202108;72
850;202108;70
851;202108;728
853;202108;10240
854;202108;67
857;202108;65
858;202108;983
859;202108;162
886;202108;366
887;202108;231
889;202108;56
890;202108;36
892;202108;95
893;202108;185
895;202108;379
905;202108;2785
908;202108;743
915;202108;912
918;202108;50
921;202108;63
922;202108;118
924;202108;84
925;202108;102
927;202108;959
931;202108;140
934;202108;48
935;202108;134
936;202108;161
946;202108;149
976;202108;97
977;202108;471
980;202108;917
981;202108;81
989;202108;139
992;202108;735
005;202109;250
009;202109;47
010;202109;250
016;202109;205
018;202109;136
019;202109;79
020;202109;530
046;202109;44
047;202109;70
049;202109;12885
050;202109;289
051;202109;189
052;202109;47
061;202109;670
069;202109;188
071;202109;172
072;202109;21
074;202109;24
075;202109;759
077;202109;158
078;202109;319
079;202109;297
081;202109;82
082;202109;206
086;202109;225
090;202109;103
091;202109;34773
092;202109;12655
097;202109;74
098;202109;631
102;202109;276
103;202109;63
105;202109;66
106;202109;1969
108;202109;306
109;202109;2788
111;202109;694
139;202109;257
140;202109;788
142;202109;209
143;202109;221
145;202109;251
146;202109;177
148;202109;212
149;202109;126
151;202109;51
152;202109;98
153;202109;1242
165;202109;509
167;202109;4476
169;202109;123
171;202109;115
172;202109;136
176;202109;177
177;202109;44
178;202109;107
179;202109;7952
181;202109;49
182;202109;785
186;202109;1648
199;202109;303
202;202109;823
204;202109;103
205;202109;1383
208;202109;300
211;202109;840
213;202109;147
214;202109;544
216;202109;34
217;202109;140
218;202109;18
224;202109;331
226;202109;121
230;202109;65
231;202109;25
232;202109;398
233;202109;354
235;202109;273
236;202109;123
239;202109;44
240;202109;908
241;202109;195
244;202109;374
245;202109;1682
249;202109;334
250;202109;49
256;202109;41
257;202109;1286
260;202109;388
261;202109;196
263;202109;265
265;202109;40
271;202109;301
272;202109;1524
273;202109;85
275;202109;83
276;202109;483
280;202109;52
284;202109;54
285;202109;2776
286;202109;3232
287;202109;108
288;202109;145
290;202109;236
291;202109;50
297;202109;4779
300;202109;68
301;202109;525
304;202109;23
305;202109;434
309;202109;337
312;202109;28
316;202109;141
317;202109;75
320;202109;224
322;202109;150
398;202109;6969
399;202109;158
400;202109;148
402;202109;284
403;202109;56
405;202109;2976
407;202109;98
408;202109;326
410;202109;514
416;202109;75
418;202109;694
420;202109;270
421;202109;19
422;202109;536
423;202109;360
425;202109;172
426;202109;449
430;202109;564
433;202109;151
434;202109;585
435;202109;17
436;202109;43
440;202109;50
441;202109;122
444;202109;1580
445;202109;251
475;202109;99
480;202109;62
481;202109;149
483;202109;19
484;202109;88
489;202109;58
491;202109;2017
494;202109;292
495;202109;40
498;202109;41
499;202109;331
500;202109;256
503;202109;173
504;202109;78
505;202109;487
507;202109;141
508;202109;321
529;202109;469
531;202109;235
535;202109;219
536;202109;1212
538;202109;80
541;202109;340
543;202109;1154
545;202109;121
560;202109;528
561;202109;36
562;202109;296
563;202109;210
564;202109;9700
576;202109;59
577;202109;193
578;202109;103
580;202109;129
581;202109;189
583;202109;20
584;202109;60
588;202109;59
592;202109;136
593;202109;656
595;202109;114
598;202109;684
599;202109;138
601;202109;108
604;202109;510
607;202109;197
608;202109;56
609;202109;3485
611;202109;124
614;202109;67
615;202109;215
616;202109;58
619;202109;90
620;202109;89
623;202109;52
624;202109;157
625;202109;75
626;202109;141
630;202109;25
631;202109;41
635;202109;140
636;202109;180
638;202109;1986
678;202109;867
680;202109;805
681;202109;104
683;202109;91
684;202109;1280
686;202109;65
687;202109;53
689;202109;134
691;202109;55
694;202109;1172
697;202109;29
698;202109;2433
700;202109;136
702;202109;117
704;202109;86
707;202109;91
710;202109;1061
729;202109;376
732;202109;87
734;202109;1845
738;202109;57
739;202109;65
740;202109;1299
742;202109;33
743;202109;2122
746;202109;82
747;202109;60
748;202109;138
749;202109;487
751;202109;53
753;202109;639
755;202109;158
758;202109;186
759;202109;35
761;202109;227
762;202109;98
765;202109;221
768;202109;74
777;202109;193
778;202109;178
781;202109;98
783;202109;158
785;202109;54
790;202109;640
791;202109;131
831;202109;136
832;202109;92
833;202109;35
834;202109;141
837;202109;13785
844;202109;41
845;202109;60
846;202109;120
848;202109;168
849;202109;69
850;202109;71
851;202109;700
853;202109;10019
854;202109;65
857;202109;63
858;202109;926
859;202109;143
886;202109;352
887;202109;226
889;202109;64
890;202109;31
892;202109;92
893;202109;172
895;202109;355
905;202109;2706
908;202109;721
915;202109;908
918;202109;51
921;202109;61
922;202109;112
924;202109;77
925;202109;102
927;202109;905
931;202109;138
934;202109;45
935;202109;135
936;202109;151
946;202109;146
976;202109;95
977;202109;443
980;202109;891
981;202109;80
989;202109;141
992;202109;715
005;202110;255
009;202110;43
010;202110;235
016;202110;206
018;202110;137
019;202110;76
020;202110;525
046;202110;45
047;202110;74
049;202110;12348
050;202110;287
051;202110;189
052;202110;44
061;202110;629
069;202110;185
071;202110;150
072;202110;18
074;202110;28
075;202110;760
077;202110;150
078;202110;308
079;202110;300
081;202110;79
082;202110;182
086;202110;214
090;202110;99
091;202110;32925
092;202110;12133
097;202110;73
098;202110;625
102;202110;285
103;202110;58
105;202110;64
106;202110;1915
108;202110;285
109;202110;2747
111;202110;673
139;202110;245
140;202110;748
142;202110;195
143;202110;201
145;202110;249
146;202110;154
148;202110;217
149;202110;118
151;202110;51
152;202110;93
153;202110;1201
165;202110;495
167;202110;4245
169;202110;116
171;202110;116
172;202110;138
176;202110;181
177;202110;50
178;202110;106
179;202110;7542
181;202110;46
182;202110;783
186;202110;1601
199;202110;265
202;202110;779
204;202110;101
205;202110;1322
208;202110;294
211;202110;807
213;202110;144
214;202110;522
216;202110;29
217;202110;138
218;202110;17
224;202110;320
226;202110;108
230;202110;68
231;202110;19
232;202110;393
233;202110;347
235;202110;252
236;202110;124
239;202110;39
240;202110;880
241;202110;185
244;202110;354
245;202110;1644
249;202110;317
250;202110;50
256;202110;45
257;202110;1242
260;202110;369
261;202110;185
263;202110;259
265;202110;44
271;202110;295
272;202110;1461
273;202110;91
275;202110;78
276;202110;475
280;202110;53
284;202110;51
285;202110;2718
286;202110;3139
287;202110;104
288;202110;131
290;202110;216
291;202110;46
297;202110;4537
300;202110;60
301;202110;512
304;202110;21
305;202110;419
309;202110;329
312;202110;24
316;202110;137
317;202110;74
320;202110;213
322;202110;155
398;202110;6769
399;202110;148
400;202110;150
402;202110;282
403;202110;56
405;202110;2895
407;202110;96
408;202110;318
410;202110;504
416;202110;75
418;202110;675
420;202110;264
421;202110;13
422;202110;531
423;202110;348
425;202110;164
426;202110;420
430;202110;547
433;202110;154
434;202110;542
435;202110;17
436;202110;40
440;202110;47
441;202110;118
444;202110;1541
445;202110;252
475;202110;94
480;202110;56
481;202110;138
483;202110;17
484;202110;91
489;202110;56
491;202110;1961
494;202110;278
495;202110;42
498;202110;44
499;202110;322
500;202110;246
503;202110;158
504;202110;68
505;202110;445
507;202110;132
508;202110;318
529;202110;450
531;202110;224
535;202110;211
536;202110;1154
538;202110;69
541;202110;338
543;202110;1097
545;202110;128
560;202110;533
561;202110;36
562;202110;293
563;202110;198
564;202110;9259
576;202110;64
577;202110;193
578;202110;96
580;202110;127
581;202110;179
583;202110;19
584;202110;61
588;202110;58
592;202110;129
593;202110;631
595;202110;114
598;202110;672
599;202110;147
601;202110;105
604;202110;501
607;202110;180
608;202110;60
609;202110;3389
611;202110;132
614;202110;61
615;202110;218
616;202110;59
619;202110;83
620;202110;84
623;202110;47
624;202110;154
625;202110;71
626;202110;139
630;202110;25
631;202110;37
635;202110;131
636;202110;172
638;202110;1925
678;202110;849
680;202110;786
681;202110;102
683;202110;92
684;202110;1218
686;202110;58
687;202110;51
689;202110;124
691;202110;51
694;202110;1118
697;202110;31
698;202110;2282
700;202110;138
702;202110;112
704;202110;85
707;202110;102
710;202110;1027
729;202110;350
732;202110;86
734;202110;1823
738;202110;58
739;202110;70
740;202110;1298
742;202110;29
743;202110;2011
746;202110;72
747;202110;57
748;202110;125
749;202110;489
751;202110;50
753;202110;598
755;202110;155
758;202110;175
759;202110;43
761;202110;226
762;202110;96
765;202110;213
768;202110;66
777;202110;183
778;202110;176
781;202110;94
783;202110;160
785;202110;50
790;202110;629
791;202110;127
831;202110;124
832;202110;90
833;202110;35
834;202110;137
837;202110;13093
844;202110;38
845;202110;60
846;202110;123
848;202110;168
849;202110;68
850;202110;68
851;202110;693
853;202110;9580
854;202110;64
857;202110;66
858;202110;908
859;202110;132
886;202110;343
887;202110;223
889;202110;57
890;202110;30
892;202110;93
893;202110;169
895;202110;344
905;202110;2552
908;202110;697
915;202110;883
918;202110;47
921;202110;58
922;202110;110
924;202110;82
925;202110;96
927;202110;859
931;202110;127
934;202110;46
935;202110;132
936;202110;147
946;202110;138
976;202110;96
977;202110;428
980;202110;830
981;202110;73
989;202110;148
992;202110;684
005;202111;253
009;202111;46
010;202111;238
016;202111;186
018;202111;139
019;202111;73
020;202111;541
046;202111;49
047;202111;65
049;202111;12376
050;202111;277
051;202111;178
052;202111;40
061;202111;619
069;202111;185
071;202111;153
072;202111;22
074;202111;25
075;202111;747
077;202111;143
078;202111;317
079;202111;302
081;202111;83
082;202111;181
086;202111;219
090;202111;101
091;202111;32568
092;202111;12140
097;202111;67
098;202111;612
102;202111;282
103;202111;56
105;202111;61
106;202111;1883
108;202111;289
109;202111;2712
111;202111;675
139;202111;244
140;202111;769
142;202111;185
143;202111;200
145;202111;255
146;202111;160
148;202111;212
149;202111;116
151;202111;49
152;202111;101
153;202111;1239
165;202111;493
167;202111;4223
169;202111;114
171;202111;119
172;202111;139
176;202111;187
177;202111;45
178;202111;119
179;202111;7546
181;202111;48
182;202111;785
186;202111;1615
199;202111;253
202;202111;768
204;202111;101
205;202111;1361
208;202111;285
211;202111;791
213;202111;141
214;202111;528
216;202111;33
217;202111;138
218;202111;17
224;202111;318
226;202111;115
230;202111;70
231;202111;22
232;202111;389
233;202111;343
235;202111;248
236;202111;113
239;202111;45
240;202111;881
241;202111;178
244;202111;348
245;202111;1645
249;202111;318
250;202111;49
256;202111;45
257;202111;1239
260;202111;366
261;202111;181
263;202111;258
265;202111;46
271;202111;294
272;202111;1479
273;202111;98
275;202111;78
276;202111;447
280;202111;46
284;202111;52
285;202111;2763
286;202111;3182
287;202111;105
288;202111;133
290;202111;217
291;202111;52
297;202111;4570
300;202111;62
301;202111;519
304;202111;20
305;202111;432
309;202111;325
312;202111;24
316;202111;137
317;202111;74
320;202111;207
322;202111;155
398;202111;6730
399;202111;150
400;202111;153
402;202111;289
403;202111;59
405;202111;2891
407;202111;100
408;202111;304
410;202111;528
416;202111;74
418;202111;670
420;202111;241
421;202111;14
422;202111;527
423;202111;323
425;202111;157
426;202111;433
430;202111;539
433;202111;138
434;202111;556
435;202111;17
436;202111;43
440;202111;48
441;202111;113
444;202111;1528
445;202111;258
475;202111;99
480;202111;53
481;202111;132
483;202111;18
484;202111;88
489;202111;56
491;202111;1993
494;202111;281
495;202111;43
498;202111;39
499;202111;312
500;202111;241
503;202111;161
504;202111;75
505;202111;452
507;202111;133
508;202111;314
529;202111;454
531;202111;220
535;202111;201
536;202111;1137
538;202111;69
541;202111;343
543;202111;1097
545;202111;126
560;202111;521
561;202111;35
562;202111;294
563;202111;192
564;202111;9239
576;202111;59
577;202111;177
578;202111;103
580;202111;141
581;202111;185
583;202111;22
584;202111;58
588;202111;59
592;202111;132
593;202111;642
595;202111;120
598;202111;664
599;202111;139
601;202111;107
604;202111;502
607;202111;182
608;202111;58
609;202111;3341
611;202111;135
614;202111;64
615;202111;222
616;202111;60
619;202111;84
620;202111;87
623;202111;46
624;202111;152
625;202111;72
626;202111;145
630;202111;26
631;202111;38
635;202111;137
636;202111;164
638;202111;1923
678;202111;846
680;202111;757
681;202111;96
683;202111;95
684;202111;1261
686;202111;61
687;202111;53
689;202111;126
691;202111;49
694;202111;1111
697;202111;32
698;202111;2280
700;202111;142
702;202111;115
704;202111;85
707;202111;103
710;202111;1004
729;202111;356
732;202111;93
734;202111;1795
738;202111;48
739;202111;77
740;202111;1293
742;202111;34
743;202111;2083
746;202111;83
747;202111;56
748;202111;120
749;202111;477
751;202111;50
753;202111;584
755;202111;154
758;202111;186
759;202111;42
761;202111;215
762;202111;95
765;202111;220
768;202111;67
777;202111;196
778;202111;187
781;202111;90
783;202111;154
785;202111;54
790;202111;632
791;202111;127
831;202111;130
832;202111;88
833;202111;36
834;202111;137
837;202111;13095
844;202111;40
845;202111;62
846;202111;120
848;202111;184
849;202111;72
850;202111;64
851;202111;676
853;202111;9448
854;202111;60
857;202111;66
858;202111;907
859;202111;131
886;202111;325
887;202111;229
889;202111;57
890;202111;31
892;202111;95
893;202111;157
895;202111;334
905;202111;2509
908;202111;687
915;202111;901
918;202111;46
921;202111;54
922;202111;118
924;202111;81
925;202111;91
927;202111;858
931;202111;124
934;202111;47
935;202111;125
936;202111;164
946;202111;123
976;202111;102
977;202111;440
980;202111;837
981;202111;74
989;202111;148
992;202111;709
005;202112;234
009;202112;49
010;202112;244
016;202112;193
018;202112;140
019;202112;78
020;202112;536
046;202112;49
047;202112;68
049;202112;12347
050;202112;289
051;202112;175
052;202112;39
061;202112;629
069;202112;192
071;202112;150
072;202112;22
074;202112;27
075;202112;767
077;202112;152
078;202112;321
079;202112;299
081;202112;89
082;202112;192
086;202112;215
090;202112;104
091;202112;32378
092;202112;12060
097;202112;59
098;202112;625
102;202112;283
103;202112;60
105;202112;62
106;202112;1892
108;202112;305
109;202112;2767
111;202112;676
139;202112;244
140;202112;800
142;202112;187
143;202112;208
145;202112;253
146;202112;166
148;202112;214
149;202112;117
151;202112;46
152;202112;99
153;202112;1265
165;202112;500
167;202112;4217
169;202112;115
171;202112;116
172;202112;132
176;202112;184
177;202112;49
178;202112;124
179;202112;7616
181;202112;49
182;202112;813
186;202112;1576
199;202112;252
202;202112;774
204;202112;109
205;202112;1362
208;202112;292
211;202112;793
213;202112;145
214;202112;523
216;202112;37
217;202112;140
218;202112;18
224;202112;327
226;202112;107
230;202112;69
231;202112;24
232;202112;394
233;202112;346
235;202112;242
236;202112;101
239;202112;45
240;202112;878
241;202112;176
244;202112;338
245;202112;1647
249;202112;323
250;202112;48
256;202112;40
257;202112;1254
260;202112;378
261;202112;160
263;202112;253
265;202112;44
271;202112;294
272;202112;1489
273;202112;91
275;202112;76
276;202112;468
280;202112;50
284;202112;54
285;202112;2769
286;202112;3164
287;202112;99
288;202112;130
290;202112;215
291;202112;55
297;202112;4649
300;202112;58
301;202112;519
304;202112;22
305;202112;427
309;202112;321
312;202112;27
316;202112;131
317;202112;75
320;202112;210
322;202112;152
398;202112;6822
399;202112;153
400;202112;155
402;202112;303
403;202112;58
405;202112;2872
407;202112;100
408;202112;306
410;202112;532
416;202112;68
418;202112;670
420;202112;243
421;202112;15
422;202112;540
423;202112;335
425;202112;166
426;202112;435
430;202112;539
433;202112;139
434;202112;560
435;202112;19
436;202112;38
440;202112;49
441;202112;120
444;202112;1549
445;202112;261
475;202112;101
480;202112;54
481;202112;119
483;202112;24
484;202112;88
489;202112;55
491;202112;1982
494;202112;285
495;202112;40
498;202112;41
499;202112;304
500;202112;234
503;202112;156
504;202112;83
505;202112;464
507;202112;132
508;202112;313
529;202112;457
531;202112;218
535;202112;203
536;202112;1158
538;202112;74
541;202112;353
543;202112;1089
545;202112;125
560;202112;526
561;202112;34
562;202112;290
563;202112;197
564;202112;9298
576;202112;57
577;202112;179
578;202112;90
580;202112;147
581;202112;182
583;202112;20
584;202112;53
588;202112;55
592;202112;133
593;202112;646
595;202112;123
598;202112;672
599;202112;133
601;202112;105
604;202112;481
607;202112;187
608;202112;53
609;202112;3349
611;202112;131
614;202112;61
615;202112;216
616;202112;63
619;202112;76
620;202112;94
623;202112;46
624;202112;149
625;202112;76
626;202112;140
630;202112;25
631;202112;40
635;202112;142
636;202112;173
638;202112;1917
678;202112;875
680;202112;785
681;202112;102
683;202112;92
684;202112;1235
686;202112;64
687;202112;52
689;202112;131
691;202112;54
694;202112;1105
697;202112;34
698;202112;2271
700;202112;149
702;202112;111
704;202112;79
707;202112;104
710;202112;1016
729;202112;365
732;202112;89
734;202112;1801
738;202112;49
739;202112;70
740;202112;1301
742;202112;32
743;202112;2069
746;202112;84
747;202112;62
748;202112;118
749;202112;468
751;202112;43
753;202112;576
755;202112;146
758;202112;180
759;202112;46
761;202112;229
762;202112;97
765;202112;230
768;202112;67
777;202112;192
778;202112;187
781;202112;101
783;202112;161
785;202112;63
790;202112;655
791;202112;132
831;202112;122
832;202112;87
833;202112;34
834;202112;128
837;202112;13163
844;202112;39
845;202112;62
846;202112;118
848;202112;180
849;202112;69
850;202112;65
851;202112;689
853;202112;9467
854;202112;66
857;202112;66
858;202112;915
859;202112;133
886;202112;329
887;202112;227
889;202112;53
890;202112;29
892;202112;103
893;202112;159
895;202112;338
905;202112;2517
908;202112;693
915;202112;913
918;202112;44
921;202112;59
922;202112;114
924;202112;80
925;202112;88
927;202112;855
931;202112;122
934;202112;44
935;202112;124
936;202112;158
946;202112;123
976;202112;102
977;202112;420
980;202112;811
981;202112;74
989;202112;147
992;202112;713
005;202201;201
009;202201;49
010;202201;221
016;202201;177
018;202201;129
019;202201;69
020;202201;499
046;202201;42
047;202201;50
049;202201;11069
050;202201;251
051;202201;151
052;202201;31
061;202201;589
069;202201;175
071;202201;140
072;202201;19
074;202201;23
075;202201;697
077;202201;135
078;202201;302
079;202201;291
081;202201;81
082;202201;181
086;202201;201
090;202201;93
091;202201;28953
092;202201;10928
097;202201;59
098;202201;568
102;202201;248
103;202201;57
105;202201;64
106;202201;1742
108;202201;257
109;202201;2576
111;202201;633
139;202201;225
140;202201;732
142;202201;167
143;202201;179
145;202201;240
146;202201;151
148;202201;160
149;202201;107
151;202201;44
152;202201;98
153;202201;1188
165;202201;449
167;202201;4045
169;202201;102
171;202201;109
172;202201;119
176;202201;171
177;202201;52
178;202201;110
179;202201;7239
181;202201;44
182;202201;747
186;202201;1436
199;202201;256
202;202201;679
204;202201;99
205;202201;1263
208;202201;247
211;202201;707
213;202201;130
214;202201;471
216;202201;36
217;202201;122
218;202201;19
224;202201;290
226;202201;104
230;202201;66
231;202201;25
232;202201;353
233;202201;296
235;202201;205
236;202201;90
239;202201;42
240;202201;808
241;202201;131
244;202201;309
245;202201;1504
249;202201;302
250;202201;41
256;202201;38
257;202201;1063
260;202201;342
261;202201;102
263;202201;221
265;202201;40
271;202201;263
272;202201;1413
273;202201;63
275;202201;71
276;202201;419
280;202201;36
284;202201;56
285;202201;2570
286;202201;2909
287;202201;94
288;202201;115
290;202201;199
291;202201;44
297;202201;4325
300;202201;50
301;202201;478
304;202201;11
305;202201;388
309;202201;313
312;202201;26
316;202201;115
317;202201;69
320;202201;194
322;202201;133
398;202201;6350
399;202201;146
400;202201;153
402;202201;272
403;202201;43
405;202201;2661
407;202201;88
408;202201;264
410;202201;473
416;202201;63
418;202201;610
420;202201;224
421;202201;15
422;202201;501
423;202201;301
425;202201;158
426;202201;408
430;202201;478
433;202201;118
434;202201;488
435;202201;17
436;202201;38
440;202201;42
441;202201;110
444;202201;1375
445;202201;234
475;202201;86
480;202201;55
481;202201;113
483;202201;23
484;202201;77
489;202201;53
491;202201;1819
494;202201;258
495;202201;38
498;202201;28
499;202201;257
500;202201;224
503;202201;152
504;202201;74
505;202201;374
507;202201;121
508;202201;299
529;202201;401
531;202201;198
535;202201;190
536;202201;1041
538;202201;67
541;202201;333
543;202201;911
545;202201;104
560;202201;473
561;202201;32
562;202201;257
563;202201;185
564;202201;8813
576;202201;52
577;202201;166
578;202201;79
580;202201;131
581;202201;168
583;202201;12
584;202201;56
588;202201;49
592;202201;121
593;202201;611
595;202201;122
598;202201;616
599;202201;123
601;202201;101
604;202201;435
607;202201;169
608;202201;49
609;202201;3132
611;202201;99
614;202201;55
615;202201;208
616;202201;57
619;202201;72
620;202201;85
623;202201;37
624;202201;117
625;202201;70
626;202201;135
630;202201;20
631;202201;42
635;202201;105
636;202201;160
638;202201;1695
678;202201;823
680;202201;717
681;202201;86
683;202201;82
684;202201;1137
686;202201;56
687;202201;47
689;202201;113
691;202201;50
694;202201;1026
697;202201;33
698;202201;2011
700;202201;126
702;202201;103
704;202201;74
707;202201;90
710;202201;915
729;202201;338
732;202201;85
734;202201;1680
738;202201;45
739;202201;59
740;202201;1220
742;202201;26
743;202201;1881
746;202201;82
747;202201;50
748;202201;112
749;202201;418
751;202201;38
753;202201;496
755;202201;130
758;202201;154
759;202201;40
761;202201;213
762;202201;95
765;202201;189
768;202201;62
777;202201;186
778;202201;167
781;202201;92
783;202201;141
785;202201;46
790;202201;574
791;202201;116
831;202201;99
832;202201;83
833;202201;25
834;202201;112
837;202201;12498
844;202201;39
845;202201;57
846;202201;103
848;202201;178
849;202201;63
850;202201;58
851;202201;626
853;202201;8981
854;202201;48
857;202201;70
858;202201;786
859;202201;123
886;202201;290
887;202201;195
889;202201;53
890;202201;30
892;202201;89
893;202201;128
895;202201;327
905;202201;2421
908;202201;638
915;202201;865
918;202201;35
921;202201;55
922;202201;90
924;202201;70
925;202201;78
927;202201;741
931;202201;102
934;202201;37
935;202201;120
936;202201;139
946;202201;106
976;202201;91
977;202201;396
980;202201;697
981;202201;66
989;202201;128
992;202201;669
005;202202;208
009;202202;51
010;202202;246
016;202202;192
018;202202;139
019;202202;70
020;202202;529
046;202202;46
047;202202;74
049;202202;11430
050;202202;263
051;202202;184
052;202202;36
061;202202;619
069;202202;183
071;202202;147
072;202202;24
074;202202;24
075;202202;742
077;202202;144
078;202202;301
079;202202;305
081;202202;82
082;202202;188
086;202202;207
090;202202;99
091;202202;30379
092;202202;11388
097;202202;63
098;202202;615
102;202202;271
103;202202;55
105;202202;58
106;202202;1795
108;202202;277
109;202202;2718
111;202202;673
139;202202;268
140;202202;779
142;202202;187
143;202202;195
145;202202;252
146;202202;148
148;202202;182
149;202202;111
151;202202;47
152;202202;92
153;202202;1208
165;202202;481
167;202202;4097
169;202202;124
171;202202;115
172;202202;133
176;202202;177
177;202202;53
178;202202;111
179;202202;7535
181;202202;49
182;202202;793
186;202202;1497
199;202202;287
202;202202;718
204;202202;97
205;202202;1330
208;202202;308
211;202202;716
213;202202;139
214;202202;505
216;202202;40
217;202202;126
218;202202;22
224;202202;310
226;202202;113
230;202202;68
231;202202;25
232;202202;366
233;202202;324
235;202202;226
236;202202;102
239;202202;43
240;202202;837
241;202202;175
244;202202;340
245;202202;1541
249;202202;303
250;202202;45
256;202202;41
257;202202;1111
260;202202;374
261;202202;122
263;202202;238
265;202202;45
271;202202;277
272;202202;1447
273;202202;72
275;202202;69
276;202202;433
280;202202;50
284;202202;56
285;202202;2670
286;202202;3026
287;202202;97
288;202202;123
290;202202;205
291;202202;45
297;202202;4540
300;202202;58
301;202202;509
304;202202;18
305;202202;403
309;202202;320
312;202202;26
316;202202;127
317;202202;69
320;202202;204
322;202202;143
398;202202;6683
399;202202;142
400;202202;162
402;202202;276
403;202202;56
405;202202;2809
407;202202;89
408;202202;290
410;202202;515
416;202202;71
418;202202;641
420;202202;237
421;202202;16
422;202202;497
423;202202;322
425;202202;159
426;202202;420
430;202202;512
433;202202;136
434;202202;508
435;202202;20
436;202202;39
440;202202;50
441;202202;121
444;202202;1450
445;202202;261
475;202202;98
480;202202;52
481;202202;117
483;202202;23
484;202202;85
489;202202;59
491;202202;1885
494;202202;293
495;202202;39
498;202202;33
499;202202;286
500;202202;241
503;202202;162
504;202202;73
505;202202;415
507;202202;135
508;202202;308
529;202202;452
531;202202;206
535;202202;196
536;202202;1086
538;202202;72
541;202202;340
543;202202;985
545;202202;122
560;202202;516
561;202202;28
562;202202;272
563;202202;184
564;202202;9122
576;202202;54
577;202202;181
578;202202;78
580;202202;134
581;202202;175
583;202202;17
584;202202;57
588;202202;49
592;202202;132
593;202202;631
595;202202;120
598;202202;644
599;202202;140
601;202202;103
604;202202;470
607;202202;176
608;202202;52
609;202202;3302
611;202202;101
614;202202;59
615;202202;218
616;202202;57
619;202202;72
620;202202;93
623;202202;44
624;202202;144
625;202202;81
626;202202;144
630;202202;25
631;202202;38
635;202202;114
636;202202;173
638;202202;1794
678;202202;879
680;202202;745
681;202202;92
683;202202;88
684;202202;1182
686;202202;75
687;202202;44
689;202202;125
691;202202;54
694;202202;1077
697;202202;33
698;202202;2091
700;202202;144
702;202202;105
704;202202;84
707;202202;94
710;202202;940
729;202202;351
732;202202;83
734;202202;1731
738;202202;48
739;202202;63
740;202202;1266
742;202202;28
743;202202;1972
746;202202;87
747;202202;52
748;202202;113
749;202202;451
751;202202;42
753;202202;527
755;202202;138
758;202202;160
759;202202;37
761;202202;221
762;202202;104
765;202202;210
768;202202;64
777;202202;200
778;202202;183
781;202202;98
783;202202;152
785;202202;53
790;202202;620
791;202202;130
831;202202;111
832;202202;86
833;202202;27
834;202202;128
837;202202;12739
844;202202;39
845;202202;58
846;202202;100
848;202202;178
849;202202;67
850;202202;61
851;202202;674
853;202202;9273
854;202202;57
857;202202;71
858;202202;857
859;202202;127
886;202202;334
887;202202;205
889;202202;57
890;202202;35
892;202202;96
893;202202;152
895;202202;352
905;202202;2490
908;202202;668
915;202202;879
918;202202;39
921;202202;53
922;202202;101
924;202202;78
925;202202;86
927;202202;781
931;202202;103
934;202202;40
935;202202;118
936;202202;144
946;202202;119
976;202202;103
977;202202;406
980;202202;733
981;202202;73
989;202202;151
992;202202;708
005;202203;238
009;202203;53
010;202203;261
016;202203;199
018;202203;148
019;202203;79
020;202203;556
046;202203;54
047;202203;72
049;202203;12144
050;202203;279
051;202203;178
052;202203;40
061;202203;639
069;202203;197
071;202203;151
072;202203;26
074;202203;23
075;202203;757
077;202203;152
078;202203;327
079;202203;303
081;202203;90
082;202203;191
086;202203;227
090;202203;106
091;202203;32334
092;202203;11975
097;202203;66
098;202203;652
102;202203;275
103;202203;63
105;202203;61
106;202203;1868
108;202203;288
109;202203;2826
111;202203;699
139;202203;277
140;202203;809
142;202203;194
143;202203;207
145;202203;255
146;202203;160
148;202203;193
149;202203;122
151;202203;46
152;202203;107
153;202203;1273
165;202203;508
167;202203;4229
169;202203;131
171;202203;119
172;202203;138
176;202203;180
177;202203;57
178;202203;117
179;202203;7862
181;202203;50
182;202203;813
186;202203;1596
199;202203;289
202;202203;767
204;202203;98
205;202203;1377
208;202203;311
211;202203;757
213;202203;142
214;202203;517
216;202203;43
217;202203;132
218;202203;23
224;202203;325
226;202203;108
230;202203;65
231;202203;26
232;202203;375
233;202203;346
235;202203;237
236;202203;103
239;202203;44
240;202203;858
241;202203;179
244;202203;349
245;202203;1650
249;202203;322
250;202203;45
256;202203;38
257;202203;1174
260;202203;379
261;202203;115
263;202203;244
265;202203;45
271;202203;286
272;202203;1538
273;202203;70
275;202203;73
276;202203;450
280;202203;50
284;202203;56
285;202203;2758
286;202203;3241
287;202203;105
288;202203;124
290;202203;213
291;202203;48
297;202203;4715
300;202203;56
301;202203;529
304;202203;17
305;202203;424
309;202203;328
312;202203;27
316;202203;131
317;202203;75
320;202203;208
322;202203;166
398;202203;6899
399;202203;153
400;202203;173
402;202203;278
403;202203;53
405;202203;2942
407;202203;94
408;202203;298
410;202203;537
416;202203;70
418;202203;685
420;202203;233
421;202203;15
422;202203;514
423;202203;336
425;202203;160
426;202203;430
430;202203;535
433;202203;135
434;202203;534
435;202203;19
436;202203;43
440;202203;47
441;202203;131
444;202203;1515
445;202203;283
475;202203;100
480;202203;55
481;202203;129
483;202203;19
484;202203;83
489;202203;62
491;202203;1944
494;202203;296
495;202203;43
498;202203;29
499;202203;310
500;202203;245
503;202203;166
504;202203;73
505;202203;445
507;202203;149
508;202203;325
529;202203;462
531;202203;217
535;202203;201
536;202203;1147
538;202203;80
541;202203;349
543;202203;1051
545;202203;133
560;202203;532
561;202203;29
562;202203;300
563;202203;203
564;202203;9520
576;202203;60
577;202203;207
578;202203;80
580;202203;143
581;202203;175
583;202203;15
584;202203;63
588;202203;51
592;202203;134
593;202203;648
595;202203;129
598;202203;682
599;202203;144
601;202203;111
604;202203;493
607;202203;169
608;202203;51
609;202203;3379
611;202203;116
614;202203;64
615;202203;234
616;202203;59
619;202203;87
620;202203;96
623;202203;47
624;202203;154
625;202203;81
626;202203;140
630;202203;26
631;202203;36
635;202203;128
636;202203;173
638;202203;1894
678;202203;913
680;202203;793
681;202203;107
683;202203;91
684;202203;1227
686;202203;73
687;202203;47
689;202203;128
691;202203;57
694;202203;1113
697;202203;33
698;202203;2218
700;202203;153
702;202203;100
704;202203;99
707;202203;98
710;202203;1020
729;202203;354
732;202203;87
734;202203;1783
738;202203;49
739;202203;71
740;202203;1320
742;202203;25
743;202203;2069
746;202203;91
747;202203;57
748;202203;128
749;202203;448
751;202203;42
753;202203;561
755;202203;151
758;202203;167
759;202203;38
761;202203;231
762;202203;113
765;202203;229
768;202203;67
777;202203;198
778;202203;191
781;202203;103
783;202203;163
785;202203;59
790;202203;659
791;202203;131
831;202203;126
832;202203;82
833;202203;32
834;202203;135
837;202203;13404
844;202203;42
845;202203;67
846;202203;113
848;202203;186
849;202203;63
850;202203;66
851;202203;703
853;202203;9769
854;202203;68
857;202203;75
858;202203;907
859;202203;134
886;202203;339
887;202203;222
889;202203;64
890;202203;33
892;202203;99
893;202203;162
895;202203;363
905;202203;2575
908;202203;710
915;202203;915
918;202203;40
921;202203;58
922;202203;101
924;202203;86
925;202203;92
927;202203;836
931;202203;119
934;202203;38
935;202203;127
936;202203;147
946;202203;125
976;202203;112
977;202203;437
980;202203;791
981;202203;78
989;202203;152
992;202203;719
005;202204;197
009;202204;49
010;202204;230
016;202204;163
018;202204;124
019;202204;64
020;202204;497
046;202204;48
047;202204;52
049;202204;11051
050;202204;241
051;202204;155
052;202204;37
061;202204;590
069;202204;178
071;202204;139
072;202204;21
074;202204;23
075;202204;665
077;202204;132
078;202204;303
079;202204;277
081;202204;85
082;202204;167
086;202204;191
090;202204;100
091;202204;28960
092;202204;10910
097;202204;57
098;202204;559
102;202204;241
103;202204;56
105;202204;49
106;202204;1723
108;202204;244
109;202204;2523
111;202204;643
139;202204;230
140;202204;740
142;202204;159
143;202204;177
145;202204;220
146;202204;145
148;202204;158
149;202204;116
151;202204;40
152;202204;91
153;202204;1131
165;202204;449
167;202204;3933
169;202204;102
171;202204;102
172;202204;119
176;202204;158
177;202204;49
178;202204;102
179;202204;7244
181;202204;43
182;202204;741
186;202204;1416
199;202204;281
202;202204;655
204;202204;95
205;202204;1275
208;202204;243
211;202204;667
213;202204;124
214;202204;469
216;202204;40
217;202204;121
218;202204;17
224;202204;304
226;202204;96
230;202204;65
231;202204;27
232;202204;352
233;202204;298
235;202204;199
236;202204;95
239;202204;43
240;202204;793
241;202204;152
244;202204;290
245;202204;1511
249;202204;293
250;202204;40
256;202204;31
257;202204;1076
260;202204;340
261;202204;92
263;202204;208
265;202204;42
271;202204;266
272;202204;1414
273;202204;62
275;202204;68
276;202204;404
280;202204;37
284;202204;51
285;202204;2505
286;202204;2903
287;202204;89
288;202204;119
290;202204;202
291;202204;45
297;202204;4242
300;202204;51
301;202204;461
304;202204;13
305;202204;369
309;202204;310
312;202204;20
316;202204;116
317;202204;69
320;202204;191
322;202204;129
398;202204;6379
399;202204;141
400;202204;165
402;202204;249
403;202204;41
405;202204;2655
407;202204;86
408;202204;263
410;202204;456
416;202204;55
418;202204;603
420;202204;212
421;202204;14
422;202204;469
423;202204;289
425;202204;140
426;202204;387
430;202204;468
433;202204;113
434;202204;461
435;202204;16
436;202204;38
440;202204;46
441;202204;114
444;202204;1394
445;202204;239
475;202204;89
480;202204;50
481;202204;103
483;202204;14
484;202204;77
489;202204;60
491;202204;1774
494;202204;263
495;202204;42
498;202204;26
499;202204;260
500;202204;209
503;202204;159
504;202204;67
505;202204;391
507;202204;121
508;202204;289
529;202204;398
531;202204;197
535;202204;185
536;202204;1059
538;202204;65
541;202204;316
543;202204;926
545;202204;108
560;202204;460
561;202204;28
562;202204;260
563;202204;158
564;202204;8746
576;202204;51
577;202204;185
578;202204;80
580;202204;120
581;202204;158
583;202204;12
584;202204;58
588;202204;46
592;202204;125
593;202204;594
595;202204;114
598;202204;639
599;202204;122
601;202204;94
604;202204;405
607;202204;158
608;202204;49
609;202204;3078
611;202204;95
614;202204;56
615;202204;211
616;202204;51
619;202204;83
620;202204;89
623;202204;39
624;202204;131
625;202204;80
626;202204;120
630;202204;22
631;202204;30
635;202204;108
636;202204;156
638;202204;1711
678;202204;837
680;202204;682
681;202204;98
683;202204;86
684;202204;1091
686;202204;57
687;202204;43
689;202204;119
691;202204;50
694;202204;1010
697;202204;29
698;202204;2024
700;202204;115
702;202204;95
704;202204;74
707;202204;83
710;202204;913
729;202204;324
732;202204;83
734;202204;1577
738;202204;47
739;202204;58
740;202204;1205
742;202204;24
743;202204;1861
746;202204;74
747;202204;45
748;202204;113
749;202204;408
751;202204;32
753;202204;490
755;202204;119
758;202204;153
759;202204;35
761;202204;195
762;202204;93
765;202204;188
768;202204;64
777;202204;178
778;202204;169
781;202204;82
783;202204;133
785;202204;47
790;202204;563
791;202204;110
831;202204;98
832;202204;74
833;202204;29
834;202204;110
837;202204;12272
844;202204;38
845;202204;56
846;202204;100
848;202204;177
849;202204;68
850;202204;59
851;202204;629
853;202204;8936
854;202204;53
857;202204;66
858;202204;772
859;202204;115
886;202204;281
887;202204;192
889;202204;46
890;202204;25
892;202204;85
893;202204;139
895;202204;336
905;202204;2378
908;202204;640
915;202204;835
918;202204;36
921;202204;49
922;202204;94
924;202204;67
925;202204;84
927;202204;712
931;202204;103
934;202204;40
935;202204;121
936;202204;136
946;202204;120
976;202204;108
977;202204;394
980;202204;671
981;202204;62
989;202204;127
992;202204;647
005;202205;191
009;202205;52
010;202205;236
016;202205;171
018;202205;115
019;202205;64
020;202205;466
046;202205;45
047;202205;58
049;202205;10968
050;202205;238
051;202205;155
052;202205;36
061;202205;589
069;202205;170
071;202205;140
072;202205;21
074;202205;22
075;202205;676
077;202205;124
078;202205;291
079;202205;280
081;202205;78
082;202205;154
086;202205;188
090;202205;109
091;202205;28733
092;202205;10880
097;202205;56
098;202205;548
102;202205;238
103;202205;58
105;202205;51
106;202205;1701
108;202205;242
109;202205;2480
111;202205;613
139;202205;228
140;202205;733
142;202205;152
143;202205;166
145;202205;229
146;202205;146
148;202205;167
149;202205;99
151;202205;44
152;202205;89
153;202205;1137
165;202205;443
167;202205;3951
169;202205;103
171;202205;100
172;202205;114
176;202205;163
177;202205;49
178;202205;92
179;202205;7278
181;202205;42
182;202205;754
186;202205;1407
199;202205;241
202;202205;630
204;202205;100
205;202205;1252
208;202205;237
211;202205;678
213;202205;125
214;202205;464
216;202205;37
217;202205;115
218;202205;18
224;202205;296
226;202205;90
230;202205;68
231;202205;25
232;202205;344
233;202205;276
235;202205;200
236;202205;91
239;202205;43
240;202205;781
241;202205;158
244;202205;288
245;202205;1525
249;202205;296
250;202205;43
256;202205;28
257;202205;1037
260;202205;333
261;202205;98
263;202205;212
265;202205;38
271;202205;258
272;202205;1372
273;202205;61
275;202205;69
276;202205;402
280;202205;40
284;202205;52
285;202205;2500
286;202205;2845
287;202205;86
288;202205;114
290;202205;196
291;202205;48
297;202205;4220
300;202205;48
301;202205;459
304;202205;11
305;202205;373
309;202205;302
312;202205;18
316;202205;116
317;202205;67
320;202205;177
322;202205;134
398;202205;6304
399;202205;132
400;202205;164
402;202205;256
403;202205;38
405;202205;2627
407;202205;89
408;202205;259
410;202205;463
416;202205;53
418;202205;605
420;202205;219
421;202205;14
422;202205;469
423;202205;289
425;202205;144
426;202205;394
430;202205;477
433;202205;108
434;202205;459
435;202205;18
436;202205;35
440;202205;46
441;202205;111
444;202205;1356
445;202205;235
475;202205;91
480;202205;49
481;202205;116
483;202205;17
484;202205;72
489;202205;54
491;202205;1747
494;202205;262
495;202205;43
498;202205;35
499;202205;258
500;202205;208
503;202205;154
504;202205;70
505;202205;381
507;202205;121
508;202205;275
529;202205;376
531;202205;192
535;202205;173
536;202205;1048
538;202205;65
541;202205;312
543;202205;918
545;202205;104
560;202205;462
561;202205;28
562;202205;250
563;202205;158
564;202205;8727
576;202205;47
577;202205;177
578;202205;80
580;202205;122
581;202205;160
583;202205;13
584;202205;56
588;202205;49
592;202205;123
593;202205;587
595;202205;117
598;202205;636
599;202205;120
601;202205;108
604;202205;411
607;202205;155
608;202205;49
609;202205;3061
611;202205;85
614;202205;58
615;202205;223
616;202205;55
619;202205;75
620;202205;83
623;202205;37
624;202205;131
625;202205;75
626;202205;122
630;202205;18
631;202205;32
635;202205;100
636;202205;152
638;202205;1694
678;202205;833
680;202205;676
681;202205;91
683;202205;89
684;202205;1097
686;202205;65
687;202205;36
689;202205;119
691;202205;50
694;202205;1010
697;202205;26
698;202205;2018
700;202205;116
702;202205;91
704;202205;69
707;202205;84
710;202205;913
729;202205;328
732;202205;83
734;202205;1617
738;202205;44
739;202205;54
740;202205;1175
742;202205;25
743;202205;1836
746;202205;72
747;202205;48
748;202205;108
749;202205;403
751;202205;32
753;202205;488
755;202205;114
758;202205;158
759;202205;31
761;202205;192
762;202205;98
765;202205;197
768;202205;64
777;202205;168
778;202205;162
781;202205;87
783;202205;134
785;202205;44
790;202205;554
791;202205;115
831;202205;89
832;202205;76
833;202205;24
834;202205;111
837;202205;12252
844;202205;37
845;202205;53
846;202205;94
848;202205;180
849;202205;64
850;202205;60
851;202205;627
853;202205;8883
854;202205;50
857;202205;66
858;202205;750
859;202205;123
886;202205;290
887;202205;189
889;202205;44
890;202205;25
892;202205;89
893;202205;143
895;202205;325
905;202205;2347
908;202205;642
915;202205;841
918;202205;35
921;202205;49
922;202205;90
924;202205;66
925;202205;80
927;202205;718
931;202205;105
934;202205;36
935;202205;121
936;202205;130
946;202205;114
976;202205;110
977;202205;377
980;202205;654
981;202205;64
989;202205;118
992;202205;638
005;202206;179
009;202206;43
010;202206;223
016;202206;167
018;202206;118
019;202206;62
020;202206;470
046;202206;35
047;202206;52
049;202206;10854
050;202206;227
051;202206;148
052;202206;37
061;202206;551
069;202206;167
071;202206;139
072;202206;17
074;202206;23
075;202206;633
077;202206;113
078;202206;280
079;202206;277
081;202206;79
082;202206;146
086;202206;186
090;202206;100
091;202206;28220
092;202206;10777
097;202206;56
098;202206;516
102;202206;233
103;202206;54
105;202206;52
106;202206;1694
108;202206;237
109;202206;2395
111;202206;593
139;202206;223
140;202206;710
142;202206;158
143;202206;167
145;202206;230
146;202206;139
148;202206;171
149;202206;96
151;202206;42
152;202206;89
153;202206;1109
165;202206;435
167;202206;3841
169;202206;97
171;202206;97
172;202206;110
176;202206;156
177;202206;39
178;202206;91
179;202206;7148
181;202206;37
182;202206;719
186;202206;1385
199;202206;219
202;202206;636
204;202206;91
205;202206;1214
208;202206;218
211;202206;634
213;202206;128
214;202206;437
216;202206;32
217;202206;108
218;202206;15
224;202206;287
226;202206;81
230;202206;68
231;202206;22
232;202206;326
233;202206;260
235;202206;193
236;202206;87
239;202206;41
240;202206;758
241;202206;138
244;202206;288
245;202206;1463
249;202206;282
250;202206;42
256;202206;30
257;202206;1018
260;202206;309
261;202206;100
263;202206;208
265;202206;37
271;202206;244
272;202206;1313
273;202206;64
275;202206;64
276;202206;404
280;202206;37
284;202206;50
285;202206;2387
286;202206;2715
287;202206;91
288;202206;115
290;202206;192
291;202206;42
297;202206;4145
300;202206;46
301;202206;450
304;202206;12
305;202206;370
309;202206;289
312;202206;17
316;202206;116
317;202206;70
320;202206;164
322;202206;132
398;202206;6182
399;202206;127
400;202206;154
402;202206;253
403;202206;38
405;202206;2519
407;202206;82
408;202206;245
410;202206;441
416;202206;49
418;202206;583
420;202206;205
421;202206;16
422;202206;449
423;202206;270
425;202206;133
426;202206;395
430;202206;463
433;202206;101
434;202206;440
435;202206;17
436;202206;30
440;202206;46
441;202206;107
444;202206;1353
445;202206;219
475;202206;88
480;202206;47
481;202206;104
483;202206;14
484;202206;70
489;202206;55
491;202206;1721
494;202206;241
495;202206;40
498;202206;32
499;202206;243
500;202206;213
503;202206;149
504;202206;66
505;202206;376
507;202206;107
508;202206;274
529;202206;371
531;202206;188
535;202206;165
536;202206;1022
538;202206;59
541;202206;305
543;202206;913
545;202206;106
560;202206;441
561;202206;26
562;202206;238
563;202206;158
564;202206;8571
576;202206;43
577;202206;176
578;202206;72
580;202206;117
581;202206;144
583;202206;14
584;202206;53
588;202206;53
592;202206;125
593;202206;547
595;202206;114
598;202206;615
599;202206;114
601;202206;96
604;202206;416
607;202206;145
608;202206;53
609;202206;2981
611;202206;91
614;202206;54
615;202206;220
616;202206;53
619;202206;74
620;202206;87
623;202206;34
624;202206;124
625;202206;80
626;202206;118
630;202206;21
631;202206;34
635;202206;93
636;202206;139
638;202206;1649
678;202206;815
680;202206;669
681;202206;91
683;202206;81
684;202206;1081
686;202206;48
687;202206;34
689;202206;113
691;202206;48
694;202206;989
697;202206;26
698;202206;1994
700;202206;104
702;202206;94
704;202206;75
707;202206;68
710;202206;887
729;202206;302
732;202206;77
734;202206;1585
738;202206;44
739;202206;45
740;202206;1112
742;202206;30
743;202206;1774
746;202206;75
747;202206;47
748;202206;103
749;202206;408
751;202206;31
753;202206;467
755;202206;115
758;202206;155
759;202206;28
761;202206;182
762;202206;83
765;202206;180
768;202206;58
777;202206;169
778;202206;146
781;202206;71
783;202206;129
785;202206;47
790;202206;541
791;202206;110
831;202206;89
832;202206;77
833;202206;27
834;202206;102
837;202206;11959
844;202206;36
845;202206;45
846;202206;93
848;202206;173
849;202206;65
850;202206;57
851;202206;593
853;202206;8809
854;202206;54
857;202206;68
858;202206;719
859;202206;120
886;202206;275
887;202206;184
889;202206;43
890;202206;27
892;202206;93
893;202206;139
895;202206;317
905;202206;2298
908;202206;620
915;202206;812
918;202206;33
921;202206;49
922;202206;95
924;202206;71
925;202206;80
927;202206;702
931;202206;105
934;202206;31
935;202206;119
936;202206;129
946;202206;120
976;202206;115
977;202206;383
980;202206;632
981;202206;60
989;202206;110
992;202206;623
005;202207;172
009;202207;46
010;202207;227
016;202207;169
018;202207;123
019;202207;58
020;202207;460
046;202207;37
047;202207;56
049;202207;10696
050;202207;222
051;202207;162
052;202207;25
061;202207;549
069;202207;170
071;202207;136
072;202207;15
074;202207;22
075;202207;656
077;202207;114
078;202207;262
079;202207;257
081;202207;69
082;202207;147
086;202207;168
090;202207;95
091;202207;27930
092;202207;10626
097;202207;50
098;202207;515
102;202207;244
103;202207;59
105;202207;52
106;202207;1657
108;202207;235
109;202207;2368
111;202207;581
139;202207;221
140;202207;687
142;202207;153
143;202207;169
145;202207;219
146;202207;140
148;202207;157
149;202207;98
151;202207;42
152;202207;79
153;202207;1077
165;202207;428
167;202207;3825
169;202207;96
171;202207;92
172;202207;112
176;202207;154
177;202207;39
178;202207;87
179;202207;7233
181;202207;33
182;202207;692
186;202207;1393
199;202207;221
202;202207;604
204;202207;91
205;202207;1202
208;202207;219
211;202207;638
213;202207;123
214;202207;427
216;202207;29
217;202207;111
218;202207;14
224;202207;270
226;202207;79
230;202207;58
231;202207;20
232;202207;348
233;202207;234
235;202207;186
236;202207;84
239;202207;44
240;202207;745
241;202207;138
244;202207;305
245;202207;1431
249;202207;280
250;202207;35
256;202207;30
257;202207;1018
260;202207;299
261;202207;112
263;202207;204
265;202207;35
271;202207;230
272;202207;1322
273;202207;63
275;202207;62
276;202207;400
280;202207;31
284;202207;50
285;202207;2376
286;202207;2724
287;202207;87
288;202207;106
290;202207;192
291;202207;41
297;202207;4082
300;202207;41
301;202207;447
304;202207;14
305;202207;349
309;202207;297
312;202207;16
316;202207;116
317;202207;62
320;202207;157
322;202207;125
398;202207;6178
399;202207;118
400;202207;150
402;202207;246
403;202207;34
405;202207;2465
407;202207;80
408;202207;232
410;202207;439
416;202207;52
418;202207;574
420;202207;205
421;202207;12
422;202207;425
423;202207;260
425;202207;128
426;202207;374
430;202207;459
433;202207;102
434;202207;447
435;202207;15
436;202207;32
440;202207;41
441;202207;110
444;202207;1334
445;202207;215
475;202207;82
480;202207;47
481;202207;107
483;202207;16
484;202207;72
489;202207;55
491;202207;1685
494;202207;240
495;202207;37
498;202207;26
499;202207;235
500;202207;202
503;202207;154
504;202207;61
505;202207;382
507;202207;107
508;202207;279
529;202207;366
531;202207;182
535;202207;179
536;202207;989
538;202207;61
541;202207;299
543;202207;901
545;202207;80
560;202207;445
561;202207;26
562;202207;223
563;202207;160
564;202207;8683
576;202207;49
577;202207;172
578;202207;68
580;202207;113
581;202207;147
583;202207;14
584;202207;47
588;202207;45
592;202207;126
593;202207;554
595;202207;103
598;202207;580
599;202207;108
601;202207;91
604;202207;417
607;202207;146
608;202207;47
609;202207;2899
611;202207;88
614;202207;58
615;202207;205
616;202207;51
619;202207;64
620;202207;80
623;202207;32
624;202207;119
625;202207;76
626;202207;117
630;202207;21
631;202207;30
635;202207;86
636;202207;124
638;202207;1620
678;202207;800
680;202207;642
681;202207;85
683;202207;84
684;202207;1041
686;202207;48
687;202207;33
689;202207;110
691;202207;51
694;202207;1003
697;202207;26
698;202207;1956
700;202207;107
702;202207;86
704;202207;66
707;202207;73
710;202207;854
729;202207;286
732;202207;74
734;202207;1486
738;202207;40
739;202207;43
740;202207;1072
742;202207;26
743;202207;1756
746;202207;68
747;202207;46
748;202207;108
749;202207;409
751;202207;37
753;202207;475
755;202207;109
758;202207;145
759;202207;28
761;202207;182
762;202207;84
765;202207;167
768;202207;49
777;202207;145
778;202207;142
781;202207;71
783;202207;122
785;202207;52
790;202207;535
791;202207;98
831;202207;91
832;202207;83
833;202207;23
834;202207;104
837;202207;11867
844;202207;36
845;202207;48
846;202207;92
848;202207;161
849;202207;64
850;202207;60
851;202207;582
853;202207;8551
854;202207;54
857;202207;62
858;202207;730
859;202207;116
886;202207;262
887;202207;181
889;202207;46
890;202207;27
892;202207;92
893;202207;120
895;202207;313
905;202207;2197
908;202207;622
915;202207;793
918;202207;34
921;202207;46
922;202207;95
924;202207;70
925;202207;79
927;202207;697
931;202207;96
934;202207;35
935;202207;112
936;202207;132
946;202207;108
976;202207;101
977;202207;371
980;202207;643
981;202207;63
989;202207;103
992;202207;614
005;202208;173
009;202208;48
010;202208;231
016;202208;168
018;202208;122
019;202208;61
020;202208;486
046;202208;40
047;202208;54
049;202208;11210
050;202208;223
051;202208;154
052;202208;26
061;202208;568
069;202208;162
071;202208;157
072;202208;17
074;202208;21
075;202208;676
077;202208;112
078;202208;260
079;202208;268
081;202208;67
082;202208;159
086;202208;188
090;202208;97
091;202208;29158
092;202208;11029
097;202208;51
098;202208;514
102;202208;236
103;202208;60
105;202208;58
106;202208;1712
108;202208;261
109;202208;2452
111;202208;599
139;202208;235
140;202208;685
142;202208;151
143;202208;176
145;202208;210
146;202208;140
148;202208;156
149;202208;98
151;202208;41
152;202208;82
153;202208;1071
165;202208;440
167;202208;3875
169;202208;95
171;202208;86
172;202208;113
176;202208;149
177;202208;39
178;202208;89
179;202208;7368
181;202208;38
182;202208;690
186;202208;1487
199;202208;264
202;202208;629
204;202208;91
205;202208;1223
208;202208;232
211;202208;647
213;202208;126
214;202208;451
216;202208;34
217;202208;110
218;202208;16
224;202208;305
226;202208;78
230;202208;60
231;202208;21
232;202208;364
233;202208;250
235;202208;190
236;202208;89
239;202208;39
240;202208;746
241;202208;135
244;202208;329
245;202208;1499
249;202208;288
250;202208;41
256;202208;32
257;202208;1096
260;202208;318
261;202208;110
263;202208;207
265;202208;33
271;202208;241
272;202208;1364
273;202208;64
275;202208;61
276;202208;416
280;202208;32
284;202208;49
285;202208;2392
286;202208;2716
287;202208;78
288;202208;107
290;202208;193
291;202208;38
297;202208;4137
300;202208;40
301;202208;458
304;202208;14
305;202208;347
309;202208;304
312;202208;23
316;202208;124
317;202208;61
320;202208;162
322;202208;127
398;202208;6288
399;202208;133
400;202208;167
402;202208;245
403;202208;37
405;202208;2540
407;202208;78
408;202208;259
410;202208;426
416;202208;51
418;202208;588
420;202208;211
421;202208;12
422;202208;419
423;202208;280
425;202208;130
426;202208;379
430;202208;456
433;202208;101
434;202208;449
435;202208;17
436;202208;35
440;202208;52
441;202208;113
444;202208;1358
445;202208;213
475;202208;89
480;202208;50
481;202208;110
483;202208;15
484;202208;69
489;202208;54
491;202208;1729
494;202208;237
495;202208;45
498;202208;24
499;202208;252
500;202208;209
503;202208;156
504;202208;66
505;202208;399
507;202208;113
508;202208;275
529;202208;363
531;202208;196
535;202208;186
536;202208;1036
538;202208;69
541;202208;294
543;202208;954
545;202208;98
560;202208;447
561;202208;26
562;202208;240
563;202208;165
564;202208;8968
576;202208;51
577;202208;190
578;202208;67
580;202208;115
581;202208;154
583;202208;15
584;202208;51
588;202208;48
592;202208;123
593;202208;547
595;202208;97
598;202208;603
599;202208;124
601;202208;93
604;202208;444
607;202208;143
608;202208;45
609;202208;3048
611;202208;92
614;202208;61
615;202208;216
616;202208;53
619;202208;71
620;202208;79
623;202208;32
624;202208;123
625;202208;84
626;202208;119
630;202208;23
631;202208;32
635;202208;84
636;202208;133
638;202208;1696
678;202208;804
680;202208;661
681;202208;82
683;202208;83
684;202208;1096
686;202208;49
687;202208;34
689;202208;114
691;202208;54
694;202208;1037
697;202208;22
698;202208;2029
700;202208;103
702;202208;92
704;202208;71
707;202208;76
710;202208;874
729;202208;299
732;202208;72
734;202208;1548
738;202208;40
739;202208;52
740;202208;1065
742;202208;26
743;202208;1840
746;202208;70
747;202208;49
748;202208;114
749;202208;427
751;202208;40
753;202208;483
755;202208;113
758;202208;159
759;202208;25
761;202208;188
762;202208;89
765;202208;160
768;202208;52
777;202208;146
778;202208;140
781;202208;68
783;202208;127
785;202208;53
790;202208;544
791;202208;103
831;202208;96
832;202208;78
833;202208;31
834;202208;109
837;202208;12378
844;202208;34
845;202208;52
846;202208;105
848;202208;173
849;202208;56
850;202208;60
851;202208;582
853;202208;9074
854;202208;45
857;202208;61
858;202208;774
859;202208;125
886;202208;276
887;202208;189
889;202208;48
890;202208;27
892;202208;94
893;202208;138
895;202208;326
905;202208;2336
908;202208;641
915;202208;813
918;202208;35
921;202208;50
922;202208;92
924;202208;71
925;202208;77
927;202208;743
931;202208;108
934;202208;33
935;202208;113
936;202208;134
946;202208;109
976;202208;98
977;202208;394
980;202208;668
981;202208;57
989;202208;106
992;202208;632
005;202209;170
009;202209;48
010;202209;235
016;202209;175
018;202209;124
019;202209;55
020;202209;454
046;202209;41
047;202209;53
049;202209;10806
050;202209;221
051;202209;147
052;202209;26
061;202209;531
069;202209;140
071;202209;139
072;202209;15
074;202209;23
075;202209;640
077;202209;120
078;202209;252
079;202209;270
081;202209;71
082;202209;143
086;202209;177
090;202209;96
091;202209;28382
092;202209;10777
097;202209;52
098;202209;496
102;202209;230
103;202209;57
105;202209;55
106;202209;1696
108;202209;256
109;202209;2364
111;202209;584
139;202209;231
140;202209;697
142;202209;144
143;202209;168
145;202209;205
146;202209;134
148;202209;152
149;202209;93
151;202209;39
152;202209;86
153;202209;1058
165;202209;428
167;202209;3778
169;202209;101
171;202209;88
172;202209;119
176;202209;149
177;202209;32
178;202209;89
179;202209;7145
181;202209;37
182;202209;687
186;202209;1404
199;202209;309
202;202209;609
204;202209;85
205;202209;1174
208;202209;220
211;202209;622
213;202209;125
214;202209;418
216;202209;35
217;202209;104
218;202209;17
224;202209;288
226;202209;74
230;202209;60
231;202209;20
232;202209;352
233;202209;244
235;202209;178
236;202209;82
239;202209;41
240;202209;748
241;202209;142
244;202209;307
245;202209;1470
249;202209;278
250;202209;38
256;202209;30
257;202209;1037
260;202209;324
261;202209;100
263;202209;207
265;202209;32
271;202209;238
272;202209;1311
273;202209;72
275;202209;60
276;202209;396
280;202209;41
284;202209;46
285;202209;2333
286;202209;2639
287;202209;80
288;202209;110
290;202209;193
291;202209;37
297;202209;4093
300;202209;44
301;202209;451
304;202209;14
305;202209;329
309;202209;306
312;202209;23
316;202209;114
317;202209;57
320;202209;156
322;202209;128
398;202209;6115
399;202209;140
400;202209;167
402;202209;232
403;202209;36
405;202209;2457
407;202209;71
408;202209;255
410;202209;424
416;202209;53
418;202209;548
420;202209;203
421;202209;12
422;202209;426
423;202209;266
425;202209;128
426;202209;385
430;202209;438
433;202209;97
434;202209;436
435;202209;20
436;202209;30
440;202209;48
441;202209;104
444;202209;1320
445;202209;220
475;202209;86
478;202209;4
480;202209;39
481;202209;104
483;202209;12
484;202209;61
489;202209;51
491;202209;1720
494;202209;225
495;202209;44
498;202209;27
499;202209;226
500;202209;207
503;202209;151
504;202209;66
505;202209;388
507;202209;113
508;202209;279
529;202209;346
531;202209;192
535;202209;171
536;202209;968
538;202209;68
541;202209;281
543;202209;900
545;202209;91
560;202209;448
561;202209;29
562;202209;227
563;202209;154
564;202209;8443
576;202209;53
577;202209;175
578;202209;69
580;202209;107
581;202209;154
583;202209;14
584;202209;52
588;202209;52
592;202209;119
593;202209;534
595;202209;101
598;202209;597
599;202209;107
601;202209;95
604;202209;419
607;202209;129
608;202209;46
609;202209;2968
611;202209;88
614;202209;62
615;202209;219
616;202209;52
619;202209;59
620;202209;82
623;202209;34
624;202209;133
625;202209;76
626;202209;116
630;202209;17
631;202209;32
635;202209;80
636;202209;132
638;202209;1614
678;202209;796
680;202209;644
681;202209;81
683;202209;75
684;202209;1043
686;202209;47
687;202209;32
689;202209;105
691;202209;47
694;202209;1001
697;202209;24
698;202209;1929
700;202209;98
702;202209;97
704;202209;73
707;202209;76
710;202209;845
729;202209;295
732;202209;73
734;202209;1486
738;202209;43
739;202209;50
740;202209;1049
742;202209;31
743;202209;1813
746;202209;65
747;202209;47
748;202209;105
749;202209;406
751;202209;37
753;202209;474
755;202209;116
758;202209;163
759;202209;29
761;202209;182
762;202209;82
765;202209;154
768;202209;46
777;202209;136
778;202209;147
781;202209;64
783;202209;131
785;202209;55
790;202209;515
791;202209;98
831;202209;93
832;202209;80
833;202209;29
834;202209;102
837;202209;11730
844;202209;33
845;202209;52
846;202209;94
848;202209;169
849;202209;61
850;202209;57
851;202209;542
853;202209;8648
854;202209;52
857;202209;63
858;202209;737
859;202209;106
886;202209;274
887;202209;179
889;202209;48
890;202209;24
892;202209;95
893;202209;140
895;202209;327
905;202209;2264
908;202209;610
915;202209;792
918;202209;35
921;202209;45
922;202209;90
924;202209;66
925;202209;79
927;202209;702
931;202209;103
934;202209;36
935;202209;112
936;202209;141
946;202209;106
976;202209;97
977;202209;362
980;202209;637
981;202209;60
989;202209;97
992;202209;618
005;202210;164
009;202210;49
010;202210;224
016;202210;169
018;202210;107
019;202210;57
020;202210;456
046;202210;38
047;202210;53
049;202210;10646
050;202210;217
051;202210;147
052;202210;23
061;202210;527
069;202210;142
071;202210;132
072;202210;20
074;202210;21
075;202210;628
077;202210;121
078;202210;248
079;202210;270
081;202210;73
082;202210;141
086;202210;172
090;202210;90
091;202210;27844
092;202210;10709
097;202210;50
098;202210;498
102;202210;231
103;202210;59
105;202210;63
106;202210;1673
108;202210;248
109;202210;2351
111;202210;596
139;202210;227
140;202210;692
142;202210;142
143;202210;159
145;202210;202
146;202210;129
148;202210;154
149;202210;89
151;202210;39
152;202210;80
153;202210;1080
165;202210;403
167;202210;3686
169;202210;85
171;202210;88
172;202210;123
176;202210;161
177;202210;36
178;202210;89
179;202210;6971
181;202210;35
182;202210;703
186;202210;1393
199;202210;266
202;202210;601
204;202210;78
205;202210;1172
208;202210;211
211;202210;587
213;202210;124
214;202210;404
216;202210;30
217;202210;112
218;202210;20
224;202210;286
226;202210;78
230;202210;54
231;202210;19
232;202210;335
233;202210;232
235;202210;174
236;202210;73
239;202210;39
240;202210;736
241;202210;143
244;202210;307
245;202210;1457
249;202210;277
250;202210;38
256;202210;30
257;202210;1013
260;202210;322
261;202210;95
263;202210;209
265;202210;34
271;202210;236
272;202210;1271
273;202210;59
275;202210;61
276;202210;380
280;202210;36
284;202210;44
285;202210;2320
286;202210;2622
287;202210;77
288;202210;109
290;202210;201
291;202210;33
297;202210;3885
300;202210;44
301;202210;440
304;202210;18
305;202210;348
309;202210;298
312;202210;23
316;202210;102
317;202210;56
320;202210;160
322;202210;112
398;202210;6046
399;202210;138
400;202210;160
402;202210;243
403;202210;35
405;202210;2460
407;202210;68
408;202210;244
410;202210;401
416;202210;49
418;202210;543
420;202210;202
421;202210;13
422;202210;435
423;202210;273
425;202210;124
426;202210;377
430;202210;443
433;202210;96
434;202210;433
435;202210;17
436;202210;27
440;202210;53
441;202210;105
444;202210;1319
445;202210;218
475;202210;82
480;202210;40
481;202210;115
483;202210;12
484;202210;54
489;202210;53
491;202210;1693
494;202210;209
495;202210;49
498;202210;29
499;202210;219
500;202210;200
503;202210;150
504;202210;60
505;202210;391
507;202210;110
508;202210;265
529;202210;348
531;202210;185
535;202210;164
536;202210;942
538;202210;64
541;202210;282
543;202210;896
545;202210;97
560;202210;435
561;202210;28
562;202210;234
563;202210;155
564;202210;8301
576;202210;58
577;202210;175
578;202210;65
580;202210;105
581;202210;159
583;202210;13
584;202210;55
588;202210;50
592;202210;116
593;202210;529
595;202210;99
598;202210;598
599;202210;107
601;202210;95
604;202210;410
607;202210;131
608;202210;46
609;202210;2913
611;202210;84
614;202210;62
615;202210;214
616;202210;49
619;202210;59
620;202210;79
623;202210;36
624;202210;129
625;202210;80
626;202210;114
630;202210;19
631;202210;30
635;202210;84
636;202210;145
638;202210;1591
678;202210;825
680;202210;636
681;202210;83
683;202210;76
684;202210;1020
686;202210;47
687;202210;40
689;202210;109
691;202210;44
694;202210;964
697;202210;27
698;202210;1854
700;202210;100
702;202210;94
704;202210;66
707;202210;76
710;202210;832
729;202210;277
732;202210;74
734;202210;1455
738;202210;36
739;202210;52
740;202210;1072
742;202210;33
743;202210;1741
746;202210;63
747;202210;48
748;202210;98
749;202210;394
751;202210;34
753;202210;476
755;202210;108
758;202210;160
759;202210;26
761;202210;166
762;202210;77
765;202210;157
768;202210;49
777;202210;138
778;202210;143
781;202210;68
783;202210;121
785;202210;55
790;202210;508
791;202210;95
831;202210;93
832;202210;77
833;202210;28
834;202210;101
837;202210;11392
844;202210;36
845;202210;54
846;202210;99
848;202210;169
849;202210;59
850;202210;63
851;202210;562
853;202210;8367
854;202210;48
857;202210;66
858;202210;736
859;202210;101
886;202210;255
887;202210;182
889;202210;41
890;202210;23
892;202210;94
893;202210;138
895;202210;321
905;202210;2192
908;202210;614
915;202210;775
918;202210;34
921;202210;45
922;202210;93
924;202210;68
925;202210;74
927;202210;674
931;202210;101
934;202210;35
935;202210;113
936;202210;128
946;202210;106
976;202210;98
977;202210;356
980;202210;597
981;202210;60
989;202210;101
992;202210;592
005;202211;172
009;202211;54
010;202211;243
016;202211;170
018;202211;110
019;202211;61
020;202211;454
046;202211;38
047;202211;47
049;202211;10841
050;202211;227
051;202211;155
052;202211;24
061;202211;522
069;202211;150
071;202211;133
072;202211;19
074;202211;21
075;202211;644
077;202211;120
078;202211;252
079;202211;274
081;202211;73
082;202211;147
086;202211;164
090;202211;95
091;202211;28299
092;202211;10904
097;202211;52
098;202211;502
102;202211;228
103;202211;57
105;202211;65
106;202211;1715
108;202211;254
109;202211;2425
111;202211;610
139;202211;234
140;202211;692
142;202211;147
143;202211;164
145;202211;219
146;202211;129
148;202211;158
149;202211;90
151;202211;38
152;202211;80
153;202211;1105
165;202211;419
167;202211;3688
169;202211;97
171;202211;89
172;202211;129
176;202211;165
177;202211;43
178;202211;90
179;202211;7037
181;202211;38
182;202211;714
186;202211;1419
199;202211;313
202;202211;610
204;202211;85
205;202211;1205
208;202211;210
211;202211;634
213;202211;128
214;202211;409
216;202211;31
217;202211;119
218;202211;19
224;202211;291
226;202211;77
230;202211;58
231;202211;22
232;202211;356
233;202211;249
235;202211;172
236;202211;81
239;202211;38
240;202211;751
241;202211;141
244;202211;328
245;202211;1501
249;202211;282
250;202211;38
256;202211;30
257;202211;1036
260;202211;316
261;202211;119
263;202211;206
265;202211;37
271;202211;242
272;202211;1353
273;202211;64
275;202211;65
276;202211;382
280;202211;36
284;202211;43
285;202211;2381
286;202211;2675
287;202211;82
288;202211;108
290;202211;216
291;202211;32
297;202211;3962
300;202211;39
301;202211;445
304;202211;15
305;202211;355
309;202211;290
312;202211;25
316;202211;105
317;202211;59
320;202211;158
322;202211;127
398;202211;6145
399;202211;139
400;202211;169
402;202211;240
403;202211;37
405;202211;2507
407;202211;71
408;202211;253
410;202211;416
416;202211;49
418;202211;545
420;202211;217
421;202211;12
422;202211;455
423;202211;272
425;202211;136
426;202211;375
430;202211;459
433;202211;91
434;202211;439
435;202211;18
436;202211;31
440;202211;52
441;202211;107
444;202211;1338
445;202211;235
475;202211;78
480;202211;43
481;202211;115
483;202211;13
484;202211;57
489;202211;55
491;202211;1725
494;202211;227
495;202211;50
498;202211;39
499;202211;227
500;202211;202
503;202211;153
504;202211;58
505;202211;395
507;202211;117
508;202211;275
529;202211;356
531;202211;191
535;202211;172
536;202211;956
538;202211;73
541;202211;285
543;202211;921
545;202211;116
560;202211;446
561;202211;29
562;202211;239
563;202211;168
564;202211;8529
576;202211;65
577;202211;182
578;202211;67
580;202211;112
581;202211;168
583;202211;12
584;202211;55
588;202211;49
592;202211;115
593;202211;540
595;202211;101
598;202211;627
599;202211;119
601;202211;89
604;202211;429
607;202211;135
608;202211;44
609;202211;3024
611;202211;88
614;202211;66
615;202211;213
616;202211;50
619;202211;61
620;202211;80
623;202211;37
624;202211;137
625;202211;73
626;202211;117
630;202211;19
631;202211;33
635;202211;90
636;202211;138
638;202211;1644
678;202211;829
680;202211;640
681;202211;82
683;202211;86
684;202211;1076
686;202211;47
687;202211;41
689;202211;113
691;202211;43
694;202211;961
697;202211;28
698;202211;1873
700;202211;98
702;202211;97
704;202211;74
707;202211;72
710;202211;863
729;202211;296
732;202211;73
734;202211;1518
738;202211;37
739;202211;57
740;202211;1109
742;202211;27
743;202211;1803
746;202211;66
747;202211;52
748;202211;102
749;202211;408
751;202211;38
753;202211;476
755;202211;119
758;202211;154
759;202211;31
761;202211;173
762;202211;77
765;202211;167
768;202211;49
777;202211;153
778;202211;142
781;202211;68
783;202211;125
785;202211;55
790;202211;504
791;202211;105
831;202211;96
832;202211;80
833;202211;30
834;202211;101
837;202211;11671
844;202211;40
845;202211;53
846;202211;99
848;202211;166
849;202211;63
850;202211;59
851;202211;572
853;202211;8611
854;202211;44
857;202211;68
858;202211;744
859;202211;107
886;202211;268
887;202211;183
889;202211;40
890;202211;27
892;202211;94
893;202211;142
895;202211;325
905;202211;2248
908;202211;628
915;202211;781
918;202211;42
921;202211;43
922;202211;99
924;202211;67
925;202211;76
927;202211;693
931;202211;100
934;202211;40
935;202211;113
936;202211;139
946;202211;118
976;202211;103
977;202211;349
980;202211;640
981;202211;62
989;202211;100
992;202211;596
005;202212;173
009;202212;52
010;202212;234
016;202212;172
018;202212;110
019;202212;63
020;202212;451
046;202212;43
047;202212;47
049;202212;10740
050;202212;218
051;202212;161
052;202212;22
061;202212;530
069;202212;138
071;202212;129
072;202212;21
074;202212;20
075;202212;651
077;202212;119
078;202212;267
079;202212;276
081;202212;73
082;202212;141
086;202212;172
090;202212;96
091;202212;27839
092;202212;10825
097;202212;52
098;202212;497
102;202212;234
103;202212;62
105;202212;70
106;202212;1705
108;202212;244
109;202212;2430
111;202212;603
139;202212;247
140;202212;687
142;202212;139
143;202212;160
145;202212;223
146;202212;126
148;202212;147
149;202212;87
151;202212;36
152;202212;76
153;202212;1095
165;202212;412
167;202212;3709
169;202212;94
171;202212;92
172;202212;119
176;202212;158
177;202212;42
178;202212;95
179;202212;7000
181;202212;41
182;202212;725
186;202212;1418
199;202212;226
202;202212;581
204;202212;83
205;202212;1201
208;202212;222
211;202212;642
213;202212;124
214;202212;419
216;202212;30
217;202212;112
218;202212;23
224;202212;278
226;202212;84
230;202212;59
231;202212;21
232;202212;345
233;202212;244
235;202212;182
236;202212;82
239;202212;41
240;202212;753
241;202212;147
244;202212;330
245;202212;1470
249;202212;301
250;202212;41
256;202212;33
257;202212;1024
260;202212;312
261;202212;96
263;202212;216
265;202212;33
271;202212;248
272;202212;1343
273;202212;58
275;202212;63
276;202212;388
280;202212;41
284;202212;43
285;202212;2379
286;202212;2666
287;202212;76
288;202212;101
290;202212;196
291;202212;34
297;202212;3994
300;202212;41
301;202212;434
304;202212;13
305;202212;356
309;202212;298
312;202212;26
316;202212;108
317;202212;60
320;202212;162
322;202212;117
398;202212;6089
399;202212;135
400;202212;163
402;202212;245
403;202212;38
405;202212;2491
407;202212;77
408;202212;244
410;202212;432
416;202212;47
418;202212;544
420;202212;217
421;202212;11
422;202212;465
423;202212;254
425;202212;137
426;202212;377
430;202212;464
433;202212;95
434;202212;443
435;202212;18
436;202212;31
440;202212;47
441;202212;112
444;202212;1327
445;202212;223
475;202212;85
480;202212;41
481;202212;120
483;202212;16
484;202212;63
489;202212;49
491;202212;1724
494;202212;230
495;202212;49
498;202212;32
499;202212;211
500;202212;199
503;202212;150
504;202212;62
505;202212;389
507;202212;102
508;202212;259
529;202212;338
531;202212;187
535;202212;171
536;202212;948
538;202212;69
541;202212;293
543;202212;930
545;202212;126
560;202212;443
561;202212;29
562;202212;238
563;202212;156
564;202212;8473
576;202212;64
577;202212;179
578;202212;72
580;202212;108
581;202212;172
583;202212;12
584;202212;55
588;202212;45
592;202212;105
593;202212;543
595;202212;103
598;202212;625
599;202212;112
601;202212;94
604;202212;431
607;202212;137
608;202212;45
609;202212;2995
611;202212;79
614;202212;63
615;202212;223
616;202212;48
619;202212;51
620;202212;81
623;202212;34
624;202212;139
625;202212;80
626;202212;124
630;202212;23
631;202212;34
635;202212;91
636;202212;137
638;202212;1643
678;202212;821
680;202212;619
681;202212;80
683;202212;90
684;202212;1072
686;202212;44
687;202212;43
689;202212;120
691;202212;48
694;202212;974
697;202212;30
698;202212;1818
700;202212;99
702;202212;93
704;202212;74
707;202212;73
710;202212;840
729;202212;294
732;202212;78
734;202212;1512
738;202212;32
739;202212;57
740;202212;1104
742;202212;31
743;202212;1779
746;202212;67
747;202212;45
748;202212;96
749;202212;408
751;202212;42
753;202212;464
755;202212;118
758;202212;147
759;202212;34
761;202212;169
762;202212;81
765;202212;168
768;202212;52
777;202212;162
778;202212;142
781;202212;70
783;202212;124
785;202212;51
790;202212;493
791;202212;111
831;202212;101
832;202212;81
833;202212;31
834;202212;90
837;202212;11465
844;202212;40
845;202212;51
846;202212;96
848;202212;170
849;202212;62
850;202212;58
851;202212;555
853;202212;8538
854;202212;51
857;202212;71
858;202212;737
859;202212;112
886;202212;264
887;202212;191
889;202212;42
890;202212;27
892;202212;96
893;202212;130
895;202212;321
905;202212;2217
908;202212;640
915;202212;788
918;202212;43
921;202212;43
922;202212;83
924;202212;69
925;202212;76
927;202212;683
931;202212;97
934;202212;43
935;202212;118
936;202212;135
946;202212;116
976;202212;94
977;202212;348
980;202212;618
981;202212;59
989;202212;102
992;202212;597
005;202301;183
009;202301;57
010;202301;243
016;202301;166
018;202301;105
019;202301;67
020;202301;464
046;202301;43
047;202301;43
049;202301;10870
050;202301;212
051;202301;152
052;202301;25
061;202301;551
069;202301;146
071;202301;136
072;202301;19
074;202301;20
075;202301;648
077;202301;121
078;202301;264
079;202301;278
081;202301;73
082;202301;148
086;202301;169
090;202301;92
091;202301;28154
092;202301;10977
097;202301;55
098;202301;476
102;202301;235
103;202301;60
105;202301;63
106;202301;1780
108;202301;249
109;202301;2457
111;202301;602
139;202301;255
140;202301;699
142;202301;150
143;202301;168
145;202301;231
146;202301;131
148;202301;147
149;202301;94
151;202301;33
152;202301;78
153;202301;1134
165;202301;418
167;202301;3760
169;202301;102
171;202301;90
172;202301;117
176;202301;155
177;202301;41
178;202301;101
179;202301;7073
181;202301;42
182;202301;729
186;202301;1456
199;202301;208
202;202301;590
204;202301;86
205;202301;1229
208;202301;210
211;202301;659
213;202301;123
214;202301;419
216;202301;35
217;202301;110
218;202301;22
224;202301;288
226;202301;88
230;202301;65
231;202301;21
232;202301;358
233;202301;257
235;202301;170
236;202301;74
239;202301;40
240;202301;776
241;202301;148
244;202301;325
245;202301;1506
249;202301;307
250;202301;41
256;202301;31
257;202301;1030
260;202301;323
261;202301;97
263;202301;218
265;202301;32
271;202301;245
272;202301;1368
273;202301;53
275;202301;67
276;202301;404
280;202301;47
284;202301;48
285;202301;2409
286;202301;2697
287;202301;83
288;202301;107
290;202301;195
291;202301;36
297;202301;4100
300;202301;44
301;202301;459
304;202301;8
305;202301;337
309;202301;309
312;202301;28
316;202301;113
317;202301;65
320;202301;162
322;202301;118
398;202301;6174
399;202301;133
400;202301;170
402;202301;235
403;202301;39
405;202301;2578
407;202301;83
408;202301;239
410;202301;422
416;202301;53
418;202301;536
420;202301;218
421;202301;11
422;202301;455
423;202301;266
425;202301;160
426;202301;375
430;202301;476
433;202301;104
434;202301;432
435;202301;18
436;202301;35
440;202301;47
441;202301;113
444;202301;1360
445;202301;246
475;202301;94
480;202301;42
481;202301;114
483;202301;16
484;202301;63
489;202301;50
491;202301;1755
494;202301;228
495;202301;44
498;202301;29
499;202301;225
500;202301;213
503;202301;152
504;202301;67
505;202301;385
507;202301;116
508;202301;260
529;202301;325
531;202301;195
535;202301;188
536;202301;956
538;202301;71
541;202301;292
543;202301;931
545;202301;128
560;202301;464
561;202301;33
562;202301;242
563;202301;163
564;202301;8613
576;202301;66
577;202301;180
578;202301;66
580;202301;113
581;202301;170
583;202301;12
584;202301;54
588;202301;48
592;202301;112
593;202301;536
595;202301;98
598;202301;635
599;202301;112
601;202301;99
604;202301;428
607;202301;137
608;202301;43
609;202301;3048
611;202301;84
614;202301;64
615;202301;218
616;202301;53
619;202301;47
620;202301;92
623;202301;35
624;202301;133
625;202301;83
626;202301;127
630;202301;20
631;202301;34
635;202301;99
636;202301;141
638;202301;1676
678;202301;829
680;202301;623
681;202301;85
683;202301;89
684;202301;1069
686;202301;49
687;202301;46
689;202301;125
691;202301;47
694;202301;977
697;202301;27
698;202301;1798
700;202301;105
702;202301;87
704;202301;73
707;202301;75
710;202301;857
729;202301;308
732;202301;82
734;202301;1541
738;202301;38
739;202301;54
740;202301;1122
742;202301;31
743;202301;1857
746;202301;73
747;202301;42
748;202301;101
749;202301;415
751;202301;43
753;202301;436
755;202301;121
758;202301;139
759;202301;33
761;202301;161
762;202301;83
765;202301;163
768;202301;60
777;202301;168
778;202301;146
781;202301;76
783;202301;124
785;202301;52
790;202301;504
791;202301;110
831;202301;93
832;202301;79
833;202301;30
834;202301;100
837;202301;11636
844;202301;42
845;202301;59
846;202301;106
848;202301;170
849;202301;64
850;202301;63
851;202301;593
853;202301;8582
854;202301;54
857;202301;68
858;202301;759
859;202301;112
886;202301;272
887;202301;183
889;202301;41
890;202301;27
892;202301;99
893;202301;139
895;202301;316
905;202301;2213
908;202301;658
915;202301;811
918;202301;43
921;202301;47
922;202301;90
924;202301;63
925;202301;75
927;202301;694
931;202301;104
934;202301;41
935;202301;108
936;202301;137
946;202301;111
976;202301;96
977;202301;359
980;202301;647
981;202301;64
989;202301;109
992;202301;608
005;202302;184
009;202302;58
010;202302;257
016;202302;171
018;202302;92
019;202302;64
020;202302;445
046;202302;42
047;202302;46
049;202302;10650
050;202302;223
051;202302;150
052;202302;27
061;202302;557
069;202302;151
071;202302;128
072;202302;20
074;202302;19
075;202302;627
077;202302;117
078;202302;264
079;202302;275
081;202302;73
082;202302;157
086;202302;163
090;202302;96
091;202302;27794
092;202302;10795
097;202302;57
098;202302;491
102;202302;234
103;202302;58
105;202302;63
106;202302;1755
108;202302;231
109;202302;2433
111;202302;589
139;202302;253
140;202302;665
142;202302;144
143;202302;165
145;202302;227
146;202302;130
148;202302;150
149;202302;95
151;202302;33
152;202302;83
153;202302;1101
165;202302;411
167;202302;3711
169;202302;103
171;202302;93
172;202302;131
176;202302;149
177;202302;38
178;202302;92
179;202302;7068
181;202302;39
182;202302;699
186;202302;1449
199;202302;225
202;202302;592
204;202302;82
205;202302;1191
208;202302;199
211;202302;640
213;202302;130
214;202302;412
216;202302;38
217;202302;108
218;202302;22
224;202302;285
226;202302;88
230;202302;59
231;202302;18
232;202302;347
233;202302;261
235;202302;170
236;202302;74
239;202302;36
240;202302;770
241;202302;133
244;202302;331
245;202302;1488
249;202302;315
250;202302;44
256;202302;30
257;202302;1015
260;202302;317
261;202302;89
263;202302;218
265;202302;34
271;202302;244
272;202302;1361
273;202302;53
275;202302;61
276;202302;395
280;202302;42
284;202302;49
285;202302;2370
286;202302;2598
287;202302;84
288;202302;108
290;202302;188
291;202302;34
297;202302;4085
300;202302;48
301;202302;438
304;202302;10
305;202302;321
309;202302;299
312;202302;30
316;202302;107
317;202302;66
320;202302;161
322;202302;129
398;202302;6050
399;202302;138
400;202302;167
402;202302;242
403;202302;36
405;202302;2508
407;202302;78
408;202302;248
410;202302;424
416;202302;57
418;202302;536
420;202302;220
421;202302;11
422;202302;451
423;202302;273
425;202302;148
426;202302;360
430;202302;466
433;202302;102
434;202302;424
435;202302;21
436;202302;35
440;202302;46
441;202302;117
444;202302;1350
445;202302;249
475;202302;82
480;202302;36
481;202302;117
483;202302;22
484;202302;64
489;202302;48
491;202302;1765
494;202302;225
495;202302;42
498;202302;27
499;202302;235
500;202302;207
503;202302;157
504;202302;66
505;202302;394
507;202302;111
508;202302;258
529;202302;332
531;202302;198
535;202302;178
536;202302;923
538;202302;71
541;202302;289
543;202302;962
545;202302;128
560;202302;450
561;202302;28
562;202302;220
563;202302;147
564;202302;8463
576;202302;65
577;202302;170
578;202302;66
580;202302;100
581;202302;177
583;202302;13
584;202302;56
588;202302;43
592;202302;112
593;202302;529
595;202302;96
598;202302;622
599;202302;122
601;202302;94
604;202302;420
607;202302;146
608;202302;39
609;202302;3027
611;202302;78
614;202302;63
615;202302;218
616;202302;47
619;202302;44
620;202302;87
623;202302;35
624;202302;128
625;202302;72
626;202302;116
630;202302;21
631;202302;41
635;202302;89
636;202302;151
638;202302;1664
678;202302;806
680;202302;610
681;202302;82
683;202302;83
684;202302;1104
686;202302;56
687;202302;44
689;202302;120
691;202302;49
694;202302;984
697;202302;26
698;202302;1787
700;202302;108
702;202302;91
704;202302;72
707;202302;76
710;202302;832
729;202302;313
732;202302;82
734;202302;1529
738;202302;42
739;202302;68
740;202302;1102
742;202302;29
743;202302;1820
746;202302;73
747;202302;44
748;202302;101
749;202302;424
751;202302;38
753;202302;424
755;202302;129
758;202302;141
759;202302;34
761;202302;168
762;202302;75
765;202302;166
768;202302;49
777;202302;160
778;202302;136
781;202302;73
783;202302;127
785;202302;52
790;202302;502
791;202302;94
831;202302;94
832;202302;78
833;202302;30
834;202302;97
837;202302;11498
844;202302;39
845;202302;54
846;202302;110
848;202302;160
849;202302;64
850;202302;61
851;202302;566
853;202302;8545
854;202302;51
857;202302;67
858;202302;758
859;202302;115
886;202302;275
887;202302;187
889;202302;36
890;202302;28
892;202302;95
893;202302;143
895;202302;322
905;202302;2237
908;202302;650
915;202302;818
918;202302;40
921;202302;50
922;202302;88
924;202302;65
925;202302;78
927;202302;676
931;202302;107
934;202302;39
935;202302;109
936;202302;136
946;202302;112
976;202302;99
977;202302;341
980;202302;632
981;202302;63
989;202302;113
992;202302;612
005;202303;193
009;202303;57
010;202303;278
016;202303;179
018;202303;101
019;202303;66
020;202303;454
046;202303;38
047;202303;50
049;202303;11246
050;202303;227
051;202303;155
052;202303;27
061;202303;571
069;202303;159
071;202303;139
072;202303;19
074;202303;17
075;202303;677
077;202303;121
078;202303;274
079;202303;272
081;202303;82
082;202303;168
086;202303;174
090;202303;107
091;202303;29233
092;202303;11361
097;202303;58
098;202303;517
102;202303;237
103;202303;62
105;202303;63
106;202303;1827
108;202303;247
109;202303;2544
111;202303;611
139;202303;267
140;202303;715
142;202303;156
143;202303;170
145;202303;238
146;202303;134
148;202303;157
149;202303;100
151;202303;36
152;202303;89
153;202303;1158
165;202303;427
167;202303;3906
169;202303;110
171;202303;96
172;202303;133
176;202303;164
177;202303;42
178;202303;100
179;202303;7349
181;202303;37
182;202303;736
186;202303;1501
199;202303;278
202;202303;624
204;202303;84
205;202303;1261
208;202303;215
211;202303;663
213;202303;128
214;202303;456
216;202303;38
217;202303;121
218;202303;22
224;202303;287
226;202303;90
230;202303;71
231;202303;20
232;202303;363
233;202303;283
235;202303;183
236;202303;82
239;202303;48
240;202303;770
241;202303;140
244;202303;325
245;202303;1583
249;202303;326
250;202303;42
256;202303;33
257;202303;1047
260;202303;330
261;202303;84
263;202303;223
265;202303;38
271;202303;240
272;202303;1419
273;202303;55
275;202303;64
276;202303;393
280;202303;44
284;202303;48
285;202303;2470
286;202303;2719
287;202303;92
288;202303;108
290;202303;207
291;202303;37
297;202303;4251
300;202303;46
301;202303;467
304;202303;10
305;202303;341
309;202303;303
312;202303;30
316;202303;115
317;202303;67
320;202303;182
322;202303;122
398;202303;6254
399;202303;141
400;202303;172
402;202303;257
403;202303;40
405;202303;2626
407;202303;79
408;202303;255
410;202303;454
416;202303;65
418;202303;554
420;202303;230
421;202303;12
422;202303;457
423;202303;288
425;202303;171
426;202303;373
430;202303;485
433;202303;111
434;202303;436
435;202303;20
436;202303;39
440;202303;52
441;202303;128
444;202303;1412
445;202303;266
475;202303;80
480;202303;36
481;202303;119
483;202303;20
484;202303;70
489;202303;49
491;202303;1809
494;202303;228
495;202303;43
498;202303;28
499;202303;239
500;202303;215
503;202303;156
504;202303;70
505;202303;402
507;202303;117
508;202303;275
529;202303;358
531;202303;202
535;202303;202
536;202303;958
538;202303;77
541;202303;302
543;202303;969
545;202303;141
560;202303;465
561;202303;31
562;202303;229
563;202303;161
564;202303;8947
576;202303;66
577;202303;184
578;202303;63
580;202303;104
581;202303;177
583;202303;10
584;202303;51
588;202303;45
592;202303;119
593;202303;563
595;202303;100
598;202303;652
599;202303;118
601;202303;101
604;202303;437
607;202303;152
608;202303;41
609;202303;3148
611;202303;87
614;202303;60
615;202303;216
616;202303;54
619;202303;49
620;202303;91
623;202303;38
624;202303;129
625;202303;76
626;202303;128
630;202303;24
631;202303;39
635;202303;100
636;202303;163
638;202303;1762
678;202303;856
680;202303;645
681;202303;83
683;202303;86
684;202303;1146
686;202303;58
687;202303;43
689;202303;120
691;202303;53
694;202303;1040
697;202303;28
698;202303;1888
700;202303;118
702;202303;104
704;202303;68
707;202303;81
710;202303;889
729;202303;337
732;202303;84
734;202303;1567
738;202303;44
739;202303;61
740;202303;1153
742;202303;31
743;202303;1893
746;202303;80
747;202303;47
748;202303;109
749;202303;445
751;202303;47
753;202303;461
755;202303;125
758;202303;147
759;202303;34
761;202303;181
762;202303;85
765;202303;163
768;202303;59
777;202303;167
778;202303;142
781;202303;77
783;202303;129
785;202303;53
790;202303;527
791;202303;103
831;202303;96
832;202303;82
833;202303;30
834;202303;111
837;202303;12069
844;202303;39
845;202303;62
846;202303;116
848;202303;178
849;202303;68
850;202303;61
851;202303;604
853;202303;8882
854;202303;52
857;202303;81
858;202303;829
859;202303;122
886;202303;278
887;202303;196
889;202303;34
890;202303;29
892;202303;98
893;202303;154
895;202303;328
905;202303;2312
908;202303;658
915;202303;841
918;202303;41
921;202303;54
922;202303;96
924;202303;72
925;202303;77
927;202303;720
931;202303;103
934;202303;37
935;202303;108
936;202303;142
946;202303;124
976;202303;98
977;202303;375
980;202303;670
981;202303;65
989;202303;118
992;202303;628
005;202304;169
009;202304;55
010;202304;269
016;202304;173
018;202304;99
019;202304;58
020;202304;457
046;202304;37
047;202304;49
049;202304;10724
050;202304;216
051;202304;148
052;202304;27
061;202304;539
069;202304;154
071;202304;138
072;202304;17
074;202304;17
075;202304;642
077;202304;118
078;202304;277
079;202304;251
081;202304;72
082;202304;161
086;202304;165
090;202304;107
091;202304;27861
092;202304;10969
097;202304;56
098;202304;476
102;202304;235
103;202304;58
105;202304;60
106;202304;1778
108;202304;242
109;202304;2401
111;202304;586
139;202304;258
140;202304;647
142;202304;151
143;202304;158
145;202304;209
146;202304;134
148;202304;161
149;202304;99
151;202304;33
152;202304;83
153;202304;1099
165;202304;427
167;202304;3685
169;202304;112
171;202304;93
172;202304;116
176;202304;164
177;202304;35
178;202304;97
179;202304;7071
181;202304;34
182;202304;723
186;202304;1463
199;202304;260
202;202304;568
204;202304;81
205;202304;1203
208;202304;202
211;202304;629
213;202304;126
214;202304;425
216;202304;35
217;202304;122
218;202304;20
224;202304;287
226;202304;85
230;202304;70
231;202304;18
232;202304;347
233;202304;257
235;202304;172
236;202304;74
239;202304;39
240;202304;751
241;202304;136
244;202304;320
245;202304;1534
249;202304;320
250;202304;43
256;202304;24
257;202304;1036
260;202304;315
261;202304;80
263;202304;196
265;202304;32
271;202304;221
272;202304;1358
273;202304;51
275;202304;59
276;202304;380
280;202304;44
284;202304;43
285;202304;2350
286;202304;2594
287;202304;85
288;202304;101
290;202304;199
291;202304;37
297;202304;4053
300;202304;49
301;202304;439
304;202304;9
305;202304;332
309;202304;278
312;202304;30
316;202304;100
317;202304;61
320;202304;169
322;202304;114
398;202304;6002
399;202304;133
400;202304;158
402;202304;243
403;202304;38
405;202304;2504
407;202304;77
408;202304;257
410;202304;425
416;202304;61
418;202304;535
420;202304;215
421;202304;10
422;202304;424
423;202304;261
425;202304;152
426;202304;352
430;202304;460
433;202304;108
434;202304;425
435;202304;22
436;202304;37
440;202304;41
441;202304;106
444;202304;1343
445;202304;254
475;202304;77
480;202304;32
481;202304;109
483;202304;20
484;202304;62
489;202304;48
491;202304;1697
494;202304;222
495;202304;44
498;202304;31
499;202304;221
500;202304;202
503;202304;151
504;202304;73
505;202304;386
507;202304;111
508;202304;253
529;202304;326
531;202304;197
535;202304;189
536;202304;922
538;202304;70
541;202304;280
543;202304;941
545;202304;130
560;202304;448
561;202304;31
562;202304;224
563;202304;163
564;202304;8628
576;202304;57
577;202304;168
578;202304;61
580;202304;104
581;202304;171
583;202304;8
584;202304;47
588;202304;42
592;202304;109
593;202304;524
595;202304;88
598;202304;621
599;202304;106
601;202304;93
604;202304;416
607;202304;139
608;202304;36
609;202304;2974
611;202304;85
614;202304;66
615;202304;211
616;202304;49
619;202304;51
620;202304;91
623;202304;33
624;202304;122
625;202304;77
626;202304;118
630;202304;20
631;202304;35
635;202304;101
636;202304;150
638;202304;1705
678;202304;800
680;202304;597
681;202304;77
683;202304;84
684;202304;1059
686;202304;56
687;202304;40
689;202304;113
691;202304;53
694;202304;998
697;202304;27
698;202304;1804
700;202304;107
702;202304;98
704;202304;66
707;202304;80
710;202304;866
729;202304;316
732;202304;83
734;202304;1464
738;202304;37
739;202304;59
740;202304;1114
742;202304;31
743;202304;1853
746;202304;84
747;202304;47
748;202304;114
749;202304;420
751;202304;48
753;202304;426
755;202304;128
758;202304;146
759;202304;33
761;202304;165
762;202304;78
765;202304;150
768;202304;54
777;202304;157
778;202304;144
781;202304;73
783;202304;131
785;202304;56
790;202304;478
791;202304;105
831;202304;96
832;202304;77
833;202304;24
834;202304;105
837;202304;11519
844;202304;38
845;202304;67
846;202304;109
848;202304;165
849;202304;60
850;202304;57
851;202304;565
853;202304;8382
854;202304;52
857;202304;72
858;202304;774
859;202304;117
886;202304;267
887;202304;179
889;202304;35
890;202304;29
892;202304;99
893;202304;143
895;202304;314
905;202304;2202
908;202304;645
915;202304;798
918;202304;39
921;202304;53
922;202304;88
924;202304;63
925;202304;78
927;202304;706
931;202304;106
934;202304;34
935;202304;106
936;202304;131
946;202304;111
976;202304;93
977;202304;360
980;202304;632
981;202304;58
989;202304;112
992;202304;597
005;202305;174
009;202305;55
010;202305;267
016;202305;167
018;202305;100
019;202305;57
020;202305;468
046;202305;40
047;202305;46
049;202305;11180
050;202305;228
051;202305;146
052;202305;29
061;202305;559
069;202305;153
071;202305;143
072;202305;19
074;202305;15
075;202305;648
077;202305;122
078;202305;273
079;202305;260
081;202305;75
082;202305;162
086;202305;167
090;202305;106
091;202305;28737
092;202305;11297
097;202305;52
098;202305;499
102;202305;238
103;202305;64
105;202305;61
106;202305;1800
108;202305;235
109;202305;2478
111;202305;586
139;202305;262
140;202305;655
142;202305;146
143;202305;157
145;202305;214
146;202305;139
148;202305;162
149;202305;95
151;202305;35
152;202305;85
153;202305;1085
165;202305;423
167;202305;3772
169;202305;108
171;202305;93
172;202305;123
176;202305;161
177;202305;34
178;202305;100
179;202305;7285
181;202305;37
182;202305;726
186;202305;1494
199;202305;262
202;202305;598
204;202305;81
205;202305;1266
208;202305;204
211;202305;644
213;202305;122
214;202305;427
216;202305;35
217;202305;122
218;202305;25
224;202305;299
226;202305;85
230;202305;65
231;202305;20
232;202305;336
233;202305;266
235;202305;182
236;202305;76
239;202305;38
240;202305;761
241;202305;137
244;202305;319
245;202305;1567
249;202305;338
250;202305;42
256;202305;28
257;202305;1078
260;202305;324
261;202305;86
263;202305;203
265;202305;33
271;202305;233
272;202305;1388
273;202305;57
275;202305;60
276;202305;394
280;202305;45
284;202305;47
285;202305;2359
286;202305;2605
287;202305;89
288;202305;102
290;202305;192
291;202305;37
297;202305;4203
300;202305;48
301;202305;461
304;202305;14
305;202305;344
309;202305;276
312;202305;26
316;202305;107
317;202305;61
320;202305;173
322;202305;124
398;202305;6084
399;202305;125
400;202305;164
402;202305;249
403;202305;39
405;202305;2549
407;202305;74
408;202305;250
410;202305;462
416;202305;59
418;202305;537
420;202305;222
421;202305;9
422;202305;441
423;202305;270
425;202305;154
426;202305;362
430;202305;469
433;202305;116
434;202305;426
435;202305;18
436;202305;41
440;202305;43
441;202305;118
444;202305;1363
445;202305;247
475;202305;78
480;202305;31
481;202305;117
483;202305;21
484;202305;64
489;202305;48
491;202305;1730
494;202305;221
495;202305;40
498;202305;29
499;202305;231
500;202305;213
503;202305;159
504;202305;70
505;202305;403
507;202305;111
508;202305;256
529;202305;343
531;202305;196
535;202305;192
536;202305;948
538;202305;70
541;202305;289
543;202305;961
545;202305;129
560;202305;456
561;202305;27
562;202305;228
563;202305;160
564;202305;8838
576;202305;57
577;202305;181
578;202305;66
580;202305;102
581;202305;174
583;202305;11
584;202305;50
588;202305;44
592;202305;116
593;202305;533
595;202305;90
598;202305;651
599;202305;111
601;202305;96
604;202305;439
607;202305;142
608;202305;40
609;202305;3073
611;202305;84
614;202305;66
615;202305;213
616;202305;50
619;202305;51
620;202305;90
623;202305;36
624;202305;130
625;202305;79
626;202305;121
630;202305;24
631;202305;41
635;202305;92
636;202305;155
638;202305;1712
678;202305;816
680;202305;633
681;202305;85
683;202305;80
684;202305;1113
686;202305;51
687;202305;40
689;202305;127
691;202305;50
694;202305;1020
697;202305;27
698;202305;1853
700;202305;113
702;202305;97
704;202305;69
707;202305;80
710;202305;860
729;202305;320
732;202305;82
734;202305;1476
738;202305;37
739;202305;56
740;202305;1103
742;202305;37
743;202305;1830
746;202305;79
747;202305;45
748;202305;112
749;202305;410
751;202305;44
753;202305;448
755;202305;127
758;202305;140
759;202305;35
761;202305;174
762;202305;77
765;202305;167
768;202305;54
777;202305;158
778;202305;150
781;202305;70
783;202305;135
785;202305;54
790;202305;487
791;202305;120
831;202305;98
832;202305;80
833;202305;21
834;202305;105
837;202305;11810
844;202305;37
845;202305;64
846;202305;104
848;202305;167
849;202305;61
850;202305;59
851;202305;564
853;202305;8774
854;202305;54
857;202305;73
858;202305;785
859;202305;127
886;202305;262
887;202305;183
889;202305;40
890;202305;29
892;202305;94
893;202305;147
895;202305;301
905;202305;2289
908;202305;656
915;202305;810
918;202305;44
921;202305;50
922;202305;86
924;202305;64
925;202305;75
927;202305;710
931;202305;102
934;202305;31
935;202305;104
936;202305;127
946;202305;125
976;202305;99
977;202305;358
980;202305;636
981;202305;58
989;202305;111
992;202305;599
005;202306;167
009;202306;55
010;202306;239
016;202306;169
018;202306;101
019;202306;53
020;202306;460
046;202306;37
047;202306;47
049;202306;11001
050;202306;212
051;202306;138
052;202306;20
061;202306;550
069;202306;141
071;202306;142
072;202306;17
074;202306;14
075;202306;605
077;202306;108
078;202306;264
079;202306;234
081;202306;72
082;202306;147
086;202306;162
090;202306;102
091;202306;28157
092;202306;11021
097;202306;48
098;202306;470
102;202306;228
103;202306;60
105;202306;58
106;202306;1764
108;202306;228
109;202306;2387
111;202306;565
139;202306;242
140;202306;626
142;202306;143
143;202306;147
145;202306;206
146;202306;135
148;202306;157
149;202306;86
151;202306;39
152;202306;80
153;202306;1065
165;202306;413
167;202306;3671
169;202306;105
171;202306;85
172;202306;106
176;202306;152
177;202306;29
178;202306;93
179;202306;7118
181;202306;39
182;202306;713
186;202306;1458
199;202306;256
202;202306;551
204;202306;79
205;202306;1226
208;202306;195
211;202306;623
213;202306;117
214;202306;402
216;202306;36
217;202306;103
218;202306;25
224;202306;288
226;202306;82
230;202306;64
231;202306;18
232;202306;319
233;202306;246
235;202306;167
236;202306;69
239;202306;39
240;202306;729
241;202306;123
244;202306;326
245;202306;1542
249;202306;307
250;202306;42
256;202306;27
257;202306;1029
260;202306;305
261;202306;102
263;202306;203
265;202306;30
271;202306;226
272;202306;1328
273;202306;63
275;202306;51
276;202306;358
280;202306;37
284;202306;39
285;202306;2285
286;202306;2488
287;202306;91
288;202306;97
290;202306;183
291;202306;32
297;202306;4005
300;202306;45
301;202306;434
304;202306;10
305;202306;336
309;202306;272
312;202306;25
316;202306;102
317;202306;60
320;202306;170
322;202306;113
398;202306;5907
399;202306;120
400;202306;158
402;202306;227
403;202306;32
405;202306;2446
407;202306;69
408;202306;244
410;202306;445
416;202306;55
418;202306;520
420;202306;202
421;202306;9
422;202306;405
423;202306;258
425;202306;154
426;202306;344
430;202306;456
433;202306;114
434;202306;400
435;202306;16
436;202306;35
440;202306;45
441;202306;110
444;202306;1292
445;202306;224
475;202306;76
480;202306;36
481;202306;109
483;202306;17
484;202306;58
489;202306;48
491;202306;1677
494;202306;209
495;202306;41
498;202306;32
499;202306;230
500;202306;203
503;202306;145
504;202306;68
505;202306;395
507;202306;106
508;202306;230
529;202306;328
531;202306;190
535;202306;180
536;202306;910
538;202306;73
541;202306;276
543;202306;954
545;202306;104
560;202306;436
561;202306;28
562;202306;206
563;202306;153
564;202306;8592
576;202306;60
577;202306;172
578;202306;55
580;202306;101
581;202306;167
583;202306;12
584;202306;51
588;202306;40
592;202306;108
593;202306;510
595;202306;85
598;202306;646
599;202306;99
601;202306;86
604;202306;437
607;202306;129
608;202306;42
609;202306;2917
611;202306;81
614;202306;66
615;202306;210
616;202306;50
619;202306;51
620;202306;86
623;202306;36
624;202306;131
625;202306;73
626;202306;123
630;202306;26
631;202306;37
635;202306;92
636;202306;156
638;202306;1633
678;202306;780
680;202306;619
681;202306;78
683;202306;73
684;202306;1047
686;202306;47
687;202306;36
689;202306;124
691;202306;47
694;202306;971
697;202306;26
698;202306;1780
700;202306;107
702;202306;93
704;202306;71
707;202306;72
710;202306;845
729;202306;320
732;202306;77
734;202306;1395
738;202306;32
739;202306;55
740;202306;1029
742;202306;34
743;202306;1780
746;202306;74
747;202306;41
748;202306;106
749;202306;409
751;202306;40
753;202306;420
755;202306;124
758;202306;136
759;202306;31
761;202306;168
762;202306;73
765;202306;145
768;202306;49
777;202306;153
778;202306;136
781;202306;62
783;202306;128
785;202306;45
790;202306;482
791;202306;109
831;202306;96
832;202306;79
833;202306;21
834;202306;100
837;202306;11398
844;202306;38
845;202306;54
846;202306;107
848;202306;155
849;202306;55
850;202306;55
851;202306;528
853;202306;8476
854;202306;49
857;202306;63
858;202306;766
859;202306;117
886;202306;243
887;202306;175
889;202306;42
890;202306;34
892;202306;93
893;202306;139
895;202306;297
905;202306;2224
908;202306;620
915;202306;771
918;202306;42
921;202306;45
922;202306;83
924;202306;63
925;202306;78
927;202306;689
931;202306;97
934;202306;32
935;202306;104
936;202306;113
946;202306;118
976;202306;96
977;202306;353
980;202306;598
981;202306;53
989;202306;101
992;202306;581
005;202307;160
009;202307;46
010;202307;230
016;202307;161
018;202307;99
019;202307;58
020;202307;458
046;202307;32
047;202307;40
049;202307;10927
050;202307;200
051;202307;137
052;202307;18
061;202307;519
069;202307;139
071;202307;140
072;202307;19
074;202307;15
075;202307;616
077;202307;107
078;202307;250
079;202307;234
081;202307;62
082;202307;144
086;202307;168
090;202307;103
091;202307;27856
092;202307;10927
097;202307;37
098;202307;469
102;202307;225
103;202307;57
105;202307;55
106;202307;1761
108;202307;229
109;202307;2392
111;202307;534
139;202307;243
140;202307;617
142;202307;148
143;202307;143
145;202307;204
146;202307;130
148;202307;170
149;202307;83
151;202307;34
152;202307;81
153;202307;1012
165;202307;389
167;202307;3636
169;202307;102
171;202307;83
172;202307;103
176;202307;143
177;202307;38
178;202307;87
179;202307;7209
181;202307;38
182;202307;685
186;202307;1448
199;202307;227
202;202307;539
204;202307;81
205;202307;1201
208;202307;196
211;202307;622
213;202307;117
214;202307;383
216;202307;29
217;202307;107
218;202307;18
224;202307;274
226;202307;75
230;202307;56
231;202307;15
232;202307;325
233;202307;245
235;202307;166
236;202307;71
239;202307;41
240;202307;728
241;202307;117
244;202307;330
245;202307;1519
249;202307;305
250;202307;38
256;202307;27
257;202307;1019
260;202307;306
261;202307;95
263;202307;202
265;202307;31
271;202307;213
272;202307;1321
273;202307;56
275;202307;53
276;202307;367
280;202307;32
284;202307;38
285;202307;2241
286;202307;2430
287;202307;88
288;202307;93
290;202307;178
291;202307;33
297;202307;3975
300;202307;45
301;202307;433
304;202307;8
305;202307;313
309;202307;273
312;202307;24
316;202307;102
317;202307;54
320;202307;157
322;202307;110
398;202307;5809
399;202307;111
400;202307;145
402;202307;233
403;202307;28
405;202307;2384
407;202307;65
408;202307;247
410;202307;434
416;202307;47
418;202307;542
420;202307;209
421;202307;7
422;202307;404
423;202307;250
425;202307;148
426;202307;345
430;202307;437
433;202307;111
434;202307;393
435;202307;17
436;202307;24
440;202307;41
441;202307;106
444;202307;1272
445;202307;218
475;202307;73
480;202307;37
481;202307;96
483;202307;17
484;202307;60
489;202307;47
491;202307;1691
494;202307;210
495;202307;39
498;202307;29
499;202307;223
500;202307;207
503;202307;150
504;202307;67
505;202307;392
507;202307;105
508;202307;234
529;202307;318
531;202307;186
535;202307;186
536;202307;916
538;202307;76
541;202307;267
543;202307;952
545;202307;92
560;202307;417
561;202307;28
562;202307;208
563;202307;157
564;202307;8657
576;202307;61
577;202307;173
578;202307;60
580;202307;94
581;202307;168
583;202307;12
584;202307;54
588;202307;35
592;202307;113
593;202307;497
595;202307;78
598;202307;606
599;202307;97
601;202307;81
604;202307;442
607;202307;127
608;202307;40
609;202307;2852
611;202307;83
614;202307;54
615;202307;196
616;202307;47
619;202307;50
620;202307;83
623;202307;36
624;202307;125
625;202307;76
626;202307;126
630;202307;25
631;202307;38
635;202307;81
636;202307;148
638;202307;1596
678;202307;754
680;202307;602
681;202307;73
683;202307;72
684;202307;1012
686;202307;43
687;202307;34
689;202307;111
691;202307;51
694;202307;947
697;202307;29
698;202307;1758
700;202307;106
702;202307;91
704;202307;75
707;202307;75
710;202307;815
729;202307;306
732;202307;76
734;202307;1397
738;202307;33
739;202307;61
740;202307;989
742;202307;31
743;202307;1787
746;202307;74
747;202307;42
748;202307;109
749;202307;399
751;202307;41
753;202307;402
755;202307;111
758;202307;136
759;202307;31
761;202307;179
762;202307;73
765;202307;152
768;202307;45
777;202307;144
778;202307;135
781;202307;63
783;202307;115
785;202307;45
790;202307;487
791;202307;102
831;202307;95
832;202307;74
833;202307;25
834;202307;94
837;202307;11486
844;202307;37
845;202307;46
846;202307;101
848;202307;148
849;202307;54
850;202307;58
851;202307;527
853;202307;8352
854;202307;48
857;202307;59
858;202307;754
859;202307;113
886;202307;250
887;202307;172
889;202307;44
890;202307;32
892;202307;89
893;202307;130
895;202307;294
905;202307;2171
908;202307;620
915;202307;754
918;202307;41
921;202307;46
922;202307;77
924;202307;58
925;202307;72
927;202307;656
931;202307;96
934;202307;32
935;202307;106
936;202307;113
946;202307;104
976;202307;92
977;202307;347
980;202307;613
981;202307;52
989;202307;98
992;202307;570
005;202308;171
009;202308;51
010;202308;230
016;202308;165
018;202308;99
019;202308;59
020;202308;456
046;202308;32
047;202308;40
049;202308;11634
050;202308;212
051;202308;154
052;202308;22
061;202308;559
069;202308;144
071;202308;140
072;202308;14
074;202308;14
075;202308;625
077;202308;110
078;202308;256
079;202308;234
081;202308;62
082;202308;148
086;202308;168
090;202308;98
091;202308;29365
092;202308;11476
097;202308;43
098;202308;479
102;202308;233
103;202308;57
105;202308;48
106;202308;1816
108;202308;233
109;202308;2492
111;202308;560
139;202308;243
140;202308;626
142;202308;149
143;202308;146
145;202308;211
146;202308;132
148;202308;172
149;202308;89
151;202308;37
152;202308;85
153;202308;1040
165;202308;388
167;202308;3792
169;202308;109
171;202308;87
172;202308;109
176;202308;147
177;202308;33
178;202308;81
179;202308;7424
181;202308;37
182;202308;691
186;202308;1544
199;202308;262
202;202308;597
204;202308;85
205;202308;1227
208;202308;200
211;202308;666
213;202308;122
214;202308;392
216;202308;32
217;202308;108
218;202308;20
224;202308;283
226;202308;73
230;202308;52
231;202308;18
232;202308;350
233;202308;242
235;202308;173
236;202308;79
239;202308;39
240;202308;761
241;202308;113
244;202308;347
245;202308;1592
249;202308;317
250;202308;40
256;202308;25
257;202308;1071
260;202308;308
261;202308;99
263;202308;199
265;202308;32
271;202308;225
272;202308;1357
273;202308;56
275;202308;52
276;202308;377
280;202308;39
284;202308;34
285;202308;2301
286;202308;2574
287;202308;85
288;202308;100
290;202308;180
291;202308;30
297;202308;4112
300;202308;47
301;202308;441
304;202308;8
305;202308;322
309;202308;280
312;202308;27
316;202308;102
317;202308;54
320;202308;160
322;202308;113
398;202308;5960
399;202308;122
400;202308;147
402;202308;239
403;202308;32
405;202308;2464
407;202308;65
408;202308;252
410;202308;444
416;202308;53
418;202308;571
420;202308;199
421;202308;7
422;202308;416
423;202308;260
425;202308;159
426;202308;354
430;202308;464
433;202308;107
434;202308;403
435;202308;18
436;202308;30
440;202308;54
441;202308;104
444;202308;1309
445;202308;232
475;202308;88
480;202308;42
481;202308;105
483;202308;17
484;202308;65
489;202308;45
491;202308;1729
494;202308;206
495;202308;36
498;202308;29
499;202308;254
500;202308;215
503;202308;151
504;202308;67
505;202308;412
507;202308;111
508;202308;239
529;202308;344
531;202308;186
535;202308;190
536;202308;966
538;202308;81
541;202308;273
543;202308;1007
545;202308;112
560;202308;444
561;202308;29
562;202308;203
563;202308;155
564;202308;8926
576;202308;65
577;202308;177
578;202308;57
580;202308;87
581;202308;165
583;202308;12
584;202308;54
588;202308;41
592;202308;111
593;202308;507
595;202308;79
598;202308;647
599;202308;115
601;202308;89
604;202308;471
607;202308;132
608;202308;45
609;202308;2924
611;202308;84
614;202308;53
615;202308;194
616;202308;48
619;202308;53
620;202308;78
623;202308;35
624;202308;127
625;202308;82
626;202308;122
630;202308;25
631;202308;39
635;202308;92
636;202308;152
638;202308;1665
678;202308;766
680;202308;624
681;202308;75
683;202308;65
684;202308;1054
686;202308;39
687;202308;34
689;202308;115
691;202308;55
694;202308;986
697;202308;24
698;202308;1818
700;202308;112
702;202308;95
704;202308;83
707;202308;70
710;202308;842
729;202308;308
732;202308;82
734;202308;1469
738;202308;38
739;202308;56
740;202308;1027
742;202308;26
743;202308;1850
746;202308;84
747;202308;45
748;202308;106
749;202308;426
751;202308;45
753;202308;424
755;202308;116
758;202308;139
759;202308;30
761;202308;182
762;202308;79
765;202308;143
768;202308;49
777;202308;150
778;202308;136
781;202308;69
783;202308;115
785;202308;51
790;202308;491
791;202308;109
831;202308;90
832;202308;84
833;202308;25
834;202308;110
837;202308;11991
844;202308;37
845;202308;44
846;202308;94
848;202308;161
849;202308;58
850;202308;51
851;202308;527
853;202308;8783
854;202308;50
857;202308;58
858;202308;801
859;202308;117
886;202308;270
887;202308;182
889;202308;47
890;202308;28
892;202308;92
893;202308;147
895;202308;300
905;202308;2279
908;202308;649
915;202308;772
918;202308;45
921;202308;46
922;202308;79
924;202308;60
925;202308;74
927;202308;694
931;202308;95
934;202308;34
935;202308;107
936;202308;114
946;202308;116
976;202308;91
977;202308;351
980;202308;635
981;202308;54
989;202308;102
992;202308;592
005;202309;160
009;202309;48
010;202309;230
016;202309;159
018;202309;100
019;202309;56
020;202309;456
046;202309;37
047;202309;34
049;202309;11131
050;202309;205
051;202309;133
052;202309;21
061;202309;525
069;202309;141
071;202309;125
072;202309;16
074;202309;15
075;202309;596
077;202309;100
078;202309;252
079;202309;236
081;202309;62
082;202309;149
086;202309;165
090;202309;99
091;202309;28098
092;202309;11066
097;202309;43
098;202309;453
102;202309;218
103;202309;59
105;202309;50
106;202309;1738
108;202309;223
109;202309;2367
111;202309;544
139;202309;228
140;202309;601
142;202309;142
143;202309;145
145;202309;194
146;202309;140
148;202309;154
149;202309;84
151;202309;29
152;202309;80
153;202309;1025
165;202309;390
167;202309;3609
169;202309;96
171;202309;79
172;202309;101
176;202309;137
177;202309;28
178;202309;89
179;202309;7009
181;202309;38
182;202309;674
186;202309;1487
199;202309;265
202;202309;567
204;202309;87
205;202309;1144
208;202309;191
211;202309;618
213;202309;117
214;202309;380
216;202309;31
217;202309;107
218;202309;17
224;202309;273
226;202309;73
230;202309;47
231;202309;20
232;202309;336
233;202309;247
235;202309;175
236;202309;69
239;202309;37
240;202309;751
241;202309;113
244;202309;326
245;202309;1529
249;202309;295
250;202309;37
256;202309;27
257;202309;1029
260;202309;297
261;202309;92
263;202309;190
265;202309;30
271;202309;222
272;202309;1284
273;202309;57
275;202309;50
276;202309;357
280;202309;37
284;202309;36
285;202309;2227
286;202309;2496
287;202309;72
288;202309;99
290;202309;166
291;202309;30
297;202309;3949
300;202309;44
301;202309;417
304;202309;8
305;202309;319
309;202309;279
312;202309;24
316;202309;101
317;202309;52
320;202309;149
322;202309;113
398;202309;5717
399;202309;116
400;202309;140
402;202309;221
403;202309;31
405;202309;2373
407;202309;65
408;202309;254
410;202309;419
416;202309;52
418;202309;517
420;202309;196
421;202309;8
422;202309;420
423;202309;237
425;202309;132
426;202309;347
430;202309;436
433;202309;106
434;202309;390
435;202309;15
436;202309;30
440;202309;54
441;202309;94
444;202309;1279
445;202309;220
475;202309;75
480;202309;36
481;202309;104
483;202309;14
484;202309;52
489;202309;45
491;202309;1692
494;202309;212
495;202309;33
498;202309;27
499;202309;221
500;202309;215
503;202309;134
504;202309;65
505;202309;388
507;202309;117
508;202309;220
529;202309;324
531;202309;169
535;202309;189
536;202309;923
538;202309;80
541;202309;263
543;202309;965
545;202309;105
560;202309;434
561;202309;30
562;202309;190
563;202309;136
564;202309;8439
576;202309;63
577;202309;163
578;202309;59
580;202309;93
581;202309;164
583;202309;13
584;202309;49
588;202309;43
592;202309;106
593;202309;468
595;202309;84
598;202309;644
599;202309;106
601;202309;83
604;202309;445
607;202309;130
608;202309;42
609;202309;2848
611;202309;87
614;202309;57
615;202309;195
616;202309;41
619;202309;53
620;202309;78
623;202309;36
624;202309;119
625;202309;78
626;202309;122
630;202309;23
631;202309;37
635;202309;84
636;202309;138
638;202309;1600
678;202309;736
680;202309;619
681;202309;71
683;202309;67
684;202309;1020
686;202309;42
687;202309;32
689;202309;112
691;202309;52
694;202309;976
697;202309;26
698;202309;1692
700;202309;107
702;202309;101
704;202309;76
707;202309;63
710;202309;790
729;202309;310
732;202309;68
734;202309;1405
738;202309;35
739;202309;56
740;202309;1015
742;202309;24
743;202309;1773
746;202309;72
747;202309;42
748;202309;106
749;202309;408
751;202309;46
753;202309;419
755;202309;111
758;202309;131
759;202309;29
761;202309;171
762;202309;71
765;202309;130
768;202309;42
777;202309;135
778;202309;141
781;202309;69
783;202309;117
785;202309;41
790;202309;474
791;202309;100
831;202309;100
832;202309;85
833;202309;25
834;202309;103
837;202309;11345
844;202309;36
845;202309;44
846;202309;102
848;202309;158
849;202309;55
850;202309;47
851;202309;524
853;202309;8459
854;202309;50
857;202309;57
858;202309;776
859;202309;109
886;202309;249
887;202309;185
889;202309;45
890;202309;24
892;202309;88
893;202309;144
895;202309;308
905;202309;2212
908;202309;637
915;202309;738
918;202309;44
921;202309;41
922;202309;78
924;202309;63
925;202309;70
927;202309;667
931;202309;88
934;202309;39
935;202309;98
936;202309;118
946;202309;114
976;202309;89
977;202309;346
980;202309;593
981;202309;52
989;202309;94
992;202309;585
005;202310;164
009;202310;48
010;202310;234
016;202310;166
018;202310;91
019;202310;54
020;202310;454
046;202310;37
047;202310;34
049;202310;11231
050;202310;207
051;202310;134
052;202310;20
061;202310;534
069;202310;145
071;202310;122
072;202310;17
074;202310;15
075;202310;613
077;202310;109
078;202310;262
079;202310;230
081;202310;68
082;202310;152
086;202310;164
090;202310;96
091;202310;28375
092;202310;11256
097;202310;42
098;202310;483
102;202310;216
103;202310;56
105;202310;45
106;202310;1766
108;202310;225
109;202310;2393
111;202310;565
139;202310;229
140;202310;622
142;202310;148
143;202310;139
145;202310;198
146;202310;138
148;202310;154
149;202310;88
151;202310;30
152;202310;80
153;202310;1073
165;202310;398
167;202310;3548
169;202310;92
171;202310;85
172;202310;108
176;202310;150
177;202310;27
178;202310;89
179;202310;7148
181;202310;41
182;202310;707
186;202310;1498
199;202310;258
202;202310;572
204;202310;89
205;202310;1174
208;202310;194
211;202310;599
213;202310;121
214;202310;380
216;202310;33
217;202310;105
218;202310;21
224;202310;269
226;202310;79
230;202310;48
231;202310;17
232;202310;333
233;202310;252
235;202310;164
236;202310;76
239;202310;37
240;202310;749
241;202310;117
244;202310;327
245;202310;1550
249;202310;301
250;202310;36
256;202310;28
257;202310;1045
260;202310;304
261;202310;86
263;202310;190
265;202310;31
271;202310;223
272;202310;1331
273;202310;60
275;202310;59
276;202310;379
280;202310;42
284;202310;39
285;202310;2257
286;202310;2544
287;202310;78
288;202310;103
290;202310;178
291;202310;32
297;202310;3949
300;202310;41
301;202310;441
304;202310;9
305;202310;311
309;202310;284
312;202310;25
316;202310;109
317;202310;54
320;202310;157
322;202310;116
398;202310;5836
399;202310;113
400;202310;141
402;202310;215
403;202310;32
405;202310;2435
407;202310;69
408;202310;261
410;202310;418
416;202310;59
418;202310;540
420;202310;209
421;202310;8
422;202310;423
423;202310;232
425;202310;141
426;202310;353
430;202310;438
433;202310;100
434;202310;400
435;202310;19
436;202310;36
440;202310;50
441;202310;92
444;202310;1304
445;202310;235
475;202310;82
480;202310;39
481;202310;103
483;202310;17
484;202310;55
489;202310;49
491;202310;1727
494;202310;218
495;202310;36
498;202310;30
499;202310;241
500;202310;215
503;202310;142
504;202310;65
505;202310;399
507;202310;123
508;202310;232
529;202310;340
531;202310;176
535;202310;194
536;202310;917
538;202310;73
541;202310;270
543;202310;979
545;202310;110
560;202310;435
561;202310;30
562;202310;191
563;202310;141
564;202310;8550
576;202310;66
577;202310;172
578;202310;62
580;202310;93
581;202310;165
583;202310;18
584;202310;46
588;202310;37
592;202310;106
593;202310;476
595;202310;87
598;202310;666
599;202310;115
601;202310;89
604;202310;456
607;202310;128
608;202310;45
609;202310;2874
611;202310;90
614;202310;65
615;202310;208
616;202310;40
619;202310;57
620;202310;75
623;202310;35
624;202310;119
625;202310;79
626;202310;135
630;202310;26
631;202310;40
635;202310;85
636;202310;138
638;202310;1622
678;202310;783
680;202310;614
681;202310;74
683;202310;70
684;202310;1057
686;202310;42
687;202310;30
689;202310;113
691;202310;48
694;202310;979
697;202310;26
698;202310;1673
700;202310;106
702;202310;101
704;202310;77
707;202310;66
710;202310;774
729;202310;309
732;202310;70
734;202310;1453
738;202310;33
739;202310;55
740;202310;1043
742;202310;28
743;202310;1825
746;202310;80
747;202310;41
748;202310;102
749;202310;423
751;202310;49
753;202310;439
755;202310;97
758;202310;137
759;202310;31
761;202310;164
762;202310;79
765;202310;134
768;202310;42
777;202310;142
778;202310;140
781;202310;79
783;202310;115
785;202310;47
790;202310;463
791;202310;102
831;202310;96
832;202310;83
833;202310;27
834;202310;103
837;202310;11368
844;202310;34
845;202310;42
846;202310;103
848;202310;157
849;202310;58
850;202310;48
851;202310;537
853;202310;8533
854;202310;53
857;202310;56
858;202310;783
859;202310;109
886;202310;263
887;202310;184
889;202310;44
890;202310;22
892;202310;83
893;202310;147
895;202310;306
905;202310;2221
908;202310;641
915;202310;745
918;202310;40
921;202310;44
922;202310;88
924;202310;61
925;202310;73
927;202310;673
931;202310;94
934;202310;41
935;202310;93
936;202310;126
946;202310;118
976;202310;92
977;202310;352
980;202310;602
981;202310;54
989;202310;90
992;202310;588
005;202311;171
009;202311;46
010;202311;253
016;202311;173
018;202311;96
019;202311;62
020;202311;462
046;202311;39
047;202311;33
049;202311;11433
050;202311;229
051;202311;151
052;202311;23
061;202311;557
069;202311;150
071;202311;133
072;202311;16
074;202311;18
075;202311;633
077;202311;107
078;202311;258
079;202311;242
081;202311;65
082;202311;153
086;202311;192
090;202311;106
091;202311;28806
092;202311;11596
097;202311;52
098;202311;496
102;202311;228
103;202311;55
105;202311;50
106;202311;1770
108;202311;231
109;202311;2445
111;202311;593
139;202311;234
140;202311;651
142;202311;142
143;202311;159
145;202311;207
146;202311;135
148;202311;156
149;202311;80
151;202311;27
152;202311;79
153;202311;1103
165;202311;409
167;202311;3614
169;202311;100
171;202311;89
172;202311;110
176;202311;154
177;202311;31
178;202311;101
179;202311;7294
181;202311;40
182;202311;714
186;202311;1530
199;202311;259
202;202311;561
204;202311;96
205;202311;1214
208;202311;195
211;202311;633
213;202311;125
214;202311;379
216;202311;33
217;202311;105
218;202311;24
224;202311;284
226;202311;87
230;202311;50
231;202311;17
232;202311;345
233;202311;276
235;202311;171
236;202311;72
239;202311;40
240;202311;780
241;202311;127
244;202311;315
245;202311;1577
249;202311;308
250;202311;36
256;202311;27
257;202311;1071
260;202311;327
261;202311;96
263;202311;202
265;202311;33
271;202311;232
272;202311;1375
273;202311;68
275;202311;58
276;202311;380
280;202311;41
284;202311;39
285;202311;2320
286;202311;2594
287;202311;71
288;202311;106
290;202311;189
291;202311;34
297;202311;4042
300;202311;42
301;202311;449
304;202311;10
305;202311;333
309;202311;284
312;202311;25
316;202311;116
317;202311;54
320;202311;168
322;202311;118
398;202311;5949
399;202311;124
400;202311;155
402;202311;233
403;202311;36
405;202311;2509
407;202311;70
408;202311;279
410;202311;428
416;202311;54
418;202311;560
420;202311;202
421;202311;6
422;202311;409
423;202311;239
425;202311;141
426;202311;365
430;202311;452
433;202311;114
434;202311;404
435;202311;19
436;202311;36
440;202311;51
441;202311;91
444;202311;1342
445;202311;230
475;202311;81
480;202311;42
481;202311;111
483;202311;16
484;202311;61
489;202311;52
491;202311;1751
494;202311;225
495;202311;36
498;202311;29
499;202311;236
500;202311;225
503;202311;137
504;202311;67
505;202311;407
507;202311;131
508;202311;233
529;202311;367
531;202311;191
535;202311;205
536;202311;947
538;202311;80
541;202311;271
543;202311;982
545;202311;106
560;202311;456
561;202311;32
562;202311;209
563;202311;155
564;202311;8692
576;202311;73
577;202311;172
578;202311;68
580;202311;101
581;202311;166
583;202311;15
584;202311;46
588;202311;39
592;202311;109
593;202311;496
595;202311;93
598;202311;701
599;202311;116
601;202311;87
604;202311;466
607;202311;129
608;202311;48
609;202311;2943
611;202311;97
614;202311;65
615;202311;223
616;202311;44
619;202311;57
620;202311;79
623;202311;37
624;202311;126
625;202311;79
626;202311;142
630;202311;26
631;202311;42
635;202311;94
636;202311;146
638;202311;1680
678;202311;796
680;202311;628
681;202311;76
683;202311;73
684;202311;1096
686;202311;46
687;202311;33
689;202311;113
691;202311;46
694;202311;1015
697;202311;27
698;202311;1739
700;202311;114
702;202311;102
704;202311;70
707;202311;73
710;202311;807
729;202311;311
732;202311;76
734;202311;1505
738;202311;38
739;202311;62
740;202311;1077
742;202311;27
743;202311;1886
746;202311;80
747;202311;47
748;202311;106
749;202311;422
751;202311;50
753;202311;464
755;202311;110
758;202311;138
759;202311;34
761;202311;168
762;202311;83
765;202311;146
768;202311;49
777;202311;145
778;202311;156
781;202311;79
783;202311;118
785;202311;50
790;202311;481
791;202311;102
831;202311;101
832;202311;91
833;202311;31
834;202311;109
837;202311;11807
844;202311;35
845;202311;44
846;202311;107
848;202311;161
849;202311;60
850;202311;51
851;202311;544
853;202311;8613
854;202311;56
857;202311;58
858;202311;816
859;202311;116
886;202311;255
887;202311;187
889;202311;43
890;202311;26
892;202311;83
893;202311;149
895;202311;320
905;202311;2308
908;202311;662
915;202311;751
918;202311;47
921;202311;48
922;202311;82
924;202311;60
925;202311;67
927;202311;681
931;202311;111
934;202311;43
935;202311;101
936;202311;131
946;202311;123
976;202311;92
977;202311;352
980;202311;649
981;202311;62
989;202311;103
992;202311;584
005;202312;164
009;202312;48
010;202312;253
016;202312;171
018;202312;92
019;202312;64
020;202312;464
046;202312;40
047;202312;29
049;202312;11331
050;202312;216
051;202312;148
052;202312;26
061;202312;558
069;202312;148
071;202312;130
072;202312;20
074;202312;17
075;202312;623
077;202312;109
078;202312;260
079;202312;236
081;202312;66
082;202312;154
086;202312;197
090;202312;106
091;202312;28369
092;202312;11503
097;202312;43
098;202312;487
102;202312;218
103;202312;61
105;202312;48
106;202312;1762
108;202312;228
109;202312;2411
111;202312;584
139;202312;236
140;202312;657
142;202312;146
143;202312;164
145;202312;217
146;202312;130
148;202312;146
149;202312;77
151;202312;30
152;202312;76
153;202312;1095
165;202312;413
167;202312;3572
169;202312;96
171;202312;90
172;202312;105
176;202312;147
177;202312;33
178;202312;108
179;202312;7216
181;202312;42
182;202312;703
186;202312;1515
199;202312;257
202;202312;557
204;202312;91
205;202312;1184
208;202312;196
211;202312;620
213;202312;128
214;202312;372
216;202312;36
217;202312;103
218;202312;23
224;202312;300
226;202312;82
230;202312;48
231;202312;14
232;202312;351
233;202312;268
235;202312;162
236;202312;75
239;202312;36
240;202312;762
241;202312;114
244;202312;313
245;202312;1559
249;202312;307
250;202312;38
256;202312;25
257;202312;1043
260;202312;317
261;202312;86
263;202312;198
265;202312;30
271;202312;227
272;202312;1366
273;202312;60
275;202312;59
276;202312;368
280;202312;38
284;202312;32
285;202312;2303
286;202312;2606
287;202312;69
288;202312;100
290;202312;178
291;202312;41
297;202312;4024
300;202312;46
301;202312;451
304;202312;11
305;202312;351
309;202312;276
312;202312;24
316;202312;118
317;202312;53
320;202312;167
322;202312;114
398;202312;5845
399;202312;125
400;202312;157
402;202312;233
403;202312;37
405;202312;2525
407;202312;70
408;202312;276
410;202312;420
416;202312;56
418;202312;557
420;202312;214
421;202312;4
422;202312;421
423;202312;250
425;202312;140
426;202312;361
430;202312;426
433;202312;107
434;202312;407
435;202312;18
436;202312;33
440;202312;52
441;202312;88
444;202312;1321
445;202312;241
475;202312;79
480;202312;43
481;202312;109
483;202312;15
484;202312;61
489;202312;53
491;202312;1699
494;202312;219
495;202312;35
498;202312;23
499;202312;244
500;202312;216
503;202312;146
504;202312;69
505;202312;410
507;202312;123
508;202312;238
529;202312;354
531;202312;185
535;202312;195
536;202312;921
538;202312;77
541;202312;284
543;202312;960
545;202312;112
560;202312;443
561;202312;32
562;202312;199
563;202312;155
564;202312;8609
576;202312;68
577;202312;161
578;202312;64
580;202312;100
581;202312;163
583;202312;12
584;202312;46
588;202312;38
592;202312;113
593;202312;492
595;202312;86
598;202312;689
599;202312;109
601;202312;90
604;202312;455
607;202312;127
608;202312;53
609;202312;2886
611;202312;100
614;202312;66
615;202312;235
616;202312;42
619;202312;57
620;202312;76
623;202312;34
624;202312;119
625;202312;77
626;202312;135
630;202312;28
631;202312;39
635;202312;90
636;202312;157
638;202312;1636
678;202312;772
680;202312;637
681;202312;72
683;202312;62
684;202312;1071
686;202312;46
687;202312;34
689;202312;109
691;202312;46
694;202312;1008
697;202312;30
698;202312;1626
700;202312;104
702;202312;112
704;202312;70
707;202312;68
710;202312;794
729;202312;307
732;202312;74
734;202312;1462
738;202312;37
739;202312;62
740;202312;1090
742;202312;26
743;202312;1873
746;202312;81
747;202312;51
748;202312;109
749;202312;416
751;202312;48
753;202312;444
755;202312;111
758;202312;135
759;202312;33
761;202312;160
762;202312;82
765;202312;144
768;202312;48
777;202312;146
778;202312;158
781;202312;77
783;202312;119
785;202312;51
790;202312;481
791;202312;102
831;202312;101
832;202312;80
833;202312;30
834;202312;110
837;202312;11557
844;202312;32
845;202312;42
846;202312;107
848;202312;156
849;202312;54
850;202312;43
851;202312;536
853;202312;8401
854;202312;50
857;202312;58
858;202312;824
859;202312;123
886;202312;252
887;202312;187
889;202312;43
890;202312;24
892;202312;87
893;202312;149
895;202312;321
905;202312;2262
908;202312;641
915;202312;758
918;202312;50
921;202312;52
922;202312;80
924;202312;58
925;202312;65
927;202312;667
931;202312;112
934;202312;44
935;202312;94
936;202312;125
946;202312;114
976;202312;89
977;202312;354
980;202312;616
981;202312;60
989;202312;108
992;202312;600
005;202401;180
009;202401;49
010;202401;274
016;202401;180
018;202401;94
019;202401;73
020;202401;479
046;202401;39
047;202401;32
049;202401;11936
050;202401;241
051;202401;156
052;202401;28
061;202401;559
069;202401;162
071;202401;136
072;202401;20
074;202401;19
075;202401;660
077;202401;118
078;202401;272
079;202401;248
081;202401;63
082;202401;168
086;202401;196
090;202401;104
091;202401;29654
092;202401;12128
097;202401;51
098;202401;523
102;202401;235
103;202401;70
105;202401;54
106;202401;1835
108;202401;240
109;202401;2503
111;202401;633
139;202401;247
140;202401;694
142;202401;156
143;202401;168
145;202401;241
146;202401;134
148;202401;139
149;202401;85
151;202401;31
152;202401;78
153;202401;1120
165;202401;409
167;202401;3759
169;202401;113
171;202401;105
172;202401;109
176;202401;156
177;202401;38
178;202401;104
179;202401;7585
181;202401;43
182;202401;722
186;202401;1622
199;202401;338
202;202401;593
204;202401;100
205;202401;1261
208;202401;207
211;202401;664
213;202401;130
214;202401;392
216;202401;38
217;202401;111
218;202401;23
224;202401;305
226;202401;87
230;202401;54
231;202401;19
232;202401;361
233;202401;300
235;202401;178
236;202401;80
239;202401;44
240;202401;778
241;202401;122
244;202401;344
245;202401;1658
249;202401;327
250;202401;42
256;202401;25
257;202401;1099
260;202401;332
261;202401;84
263;202401;205
265;202401;33
271;202401;245
272;202401;1445
273;202401;53
275;202401;58
276;202401;414
280;202401;46
284;202401;37
285;202401;2416
286;202401;2722
287;202401;76
288;202401;106
290;202401;192
291;202401;37
297;202401;4208
300;202401;49
301;202401;469
304;202401;12
305;202401;360
309;202401;288
312;202401;23
316;202401;126
317;202401;50
320;202401;165
322;202401;128
398;202401;6139
399;202401;142
400;202401;172
402;202401;245
403;202401;36
405;202401;2611
407;202401;76
408;202401;288
410;202401;443
416;202401;61
418;202401;603
420;202401;229
421;202401;6
422;202401;421
423;202401;270
425;202401;148
426;202401;371
430;202401;454
433;202401;121
434;202401;440
435;202401;20
436;202401;36
440;202401;48
441;202401;97
444;202401;1368
445;202401;252
475;202401;82
480;202401;44
481;202401;114
483;202401;17
484;202401;66
489;202401;52
491;202401;1787
494;202401;231
495;202401;36
498;202401;24
499;202401;243
500;202401;230
503;202401;156
504;202401;73
505;202401;444
507;202401;129
508;202401;243
529;202401;367
531;202401;192
535;202401;219
536;202401;980
538;202401;85
541;202401;296
543;202401;1024
545;202401;113
560;202401;473
561;202401;31
562;202401;209
563;202401;163
564;202401;9059
576;202401;72
577;202401;174
578;202401;71
580;202401;108
581;202401;175
583;202401;12
584;202401;51
588;202401;42
592;202401;119
593;202401;490
595;202401;90
598;202401;720
599;202401;120
601;202401;99
604;202401;468
607;202401;134
608;202401;51
609;202401;3086
611;202401;109
614;202401;70
615;202401;250
616;202401;48
619;202401;56
620;202401;80
623;202401;37
624;202401;127
625;202401;90
626;202401;141
630;202401;32
631;202401;42
635;202401;113
636;202401;167
638;202401;1752
678;202401;823
680;202401;665
681;202401;73
683;202401;73
684;202401;1132
686;202401;49
687;202401;37
689;202401;120
691;202401;50
694;202401;1051
697;202401;29
698;202401;1680
700;202401;109
702;202401;117
704;202401;74
707;202401;75
710;202401;844
729;202401;339
732;202401;71
734;202401;1542
738;202401;46
739;202401;69
740;202401;1172
742;202401;27
743;202401;1963
746;202401;91
747;202401;50
748;202401;119
749;202401;456
751;202401;47
753;202401;490
755;202401;122
758;202401;142
759;202401;37
761;202401;176
762;202401;78
765;202401;151
768;202401;52
777;202401;149
778;202401;172
781;202401;81
783;202401;141
785;202401;52
790;202401;490
791;202401;104
831;202401;106
832;202401;83
833;202401;33
834;202401;118
837;202401;12191
844;202401;37
845;202401;49
846;202401;112
848;202401;159
849;202401;59
850;202401;50
851;202401;553
853;202401;8811
854;202401;57
857;202401;60
858;202401;859
859;202401;126
886;202401;270
887;202401;191
889;202401;45
890;202401;29
892;202401;93
893;202401;166
895;202401;344
905;202401;2379
908;202401;668
915;202401;810
918;202401;57
921;202401;49
922;202401;84
924;202401;61
925;202401;76
927;202401;725
931;202401;117
934;202401;48
935;202401;93
936;202401;139
946;202401;112
976;202401;89
977;202401;384
980;202401;659
981;202401;62
989;202401;121
992;202401;649
005;202402;181
009;202402;48
010;202402;278
016;202402;181
018;202402;95
019;202402;68
020;202402;484
046;202402;34
047;202402;31
049;202402;11807
050;202402;240
051;202402;153
052;202402;24
061;202402;570
069;202402;157
071;202402;148
072;202402;19
074;202402;20
075;202402;654
077;202402;118
078;202402;268
079;202402;251
081;202402;65
082;202402;164
086;202402;195
090;202402;102
091;202402;29318
092;202402;12222
097;202402;51
098;202402;501
102;202402;236
103;202402;70
105;202402;54
106;202402;1815
108;202402;251
109;202402;2494
111;202402;627
139;202402;250
140;202402;671
142;202402;151
143;202402;171
145;202402;245
146;202402;139
148;202402;139
149;202402;87
151;202402;35
152;202402;82
153;202402;1111
165;202402;420
167;202402;3732
169;202402;113
171;202402;108
172;202402;111
176;202402;154
177;202402;41
178;202402;105
179;202402;7538
181;202402;38
182;202402;722
186;202402;1603
199;202402;367
202;202402;612
204;202402;93
205;202402;1284
208;202402;224
211;202402;674
213;202402;130
214;202402;403
216;202402;38
217;202402;117
218;202402;20
224;202402;306
226;202402;88
230;202402;56
231;202402;21
232;202402;370
233;202402;295
235;202402;183
236;202402;77
239;202402;41
240;202402;790
241;202402;130
244;202402;351
245;202402;1666
249;202402;324
250;202402;38
256;202402;28
257;202402;1086
260;202402;322
261;202402;78
263;202402;210
265;202402;31
271;202402;243
272;202402;1418
273;202402;51
275;202402;60
276;202402;398
280;202402;46
284;202402;37
285;202402;2360
286;202402;2705
287;202402;80
288;202402;103
290;202402;195
291;202402;39
297;202402;4240
300;202402;49
301;202402;459
304;202402;13
305;202402;369
309;202402;287
312;202402;22
316;202402;133
317;202402;55
320;202402;164
322;202402;126
398;202402;6062
399;202402;145
400;202402;176
402;202402;251
403;202402;41
405;202402;2592
407;202402;77
408;202402;295
410;202402;444
416;202402;64
418;202402;586
420;202402;224
421;202402;8
422;202402;439
423;202402;282
425;202402;151
426;202402;379
430;202402;463
433;202402;115
434;202402;446
435;202402;21
436;202402;34
440;202402;55
441;202402;92
444;202402;1356
445;202402;245
475;202402;78
480;202402;41
481;202402;119
483;202402;18
484;202402;64
489;202402;47
491;202402;1809
494;202402;230
495;202402;37
498;202402;25
499;202402;252
500;202402;224
503;202402;163
504;202402;71
505;202402;448
507;202402;126
508;202402;244
529;202402;358
531;202402;180
535;202402;216
536;202402;990
538;202402;82
541;202402;292
543;202402;1039
545;202402;117
560;202402;469
561;202402;29
562;202402;224
563;202402;180
564;202402;9056
576;202402;70
577;202402;183
578;202402;70
580;202402;109
581;202402;173
583;202402;10
584;202402;48
588;202402;38
592;202402;118
593;202402;507
595;202402;82
598;202402;727
599;202402;121
601;202402;102
604;202402;475
607;202402;139
608;202402;51
609;202402;3081
611;202402;107
614;202402;66
615;202402;253
616;202402;51
619;202402;59
620;202402;85
623;202402;37
624;202402;127
625;202402;86
626;202402;127
630;202402;33
631;202402;42
635;202402;109
636;202402;174
638;202402;1727
678;202402;834
680;202402;659
681;202402;83
683;202402;68
684;202402;1130
686;202402;55
687;202402;36
689;202402;111
691;202402;43
694;202402;1043
697;202402;27
698;202402;1651
700;202402;105
702;202402;123
704;202402;76
707;202402;72
710;202402;852
729;202402;318
732;202402;70
734;202402;1554
738;202402;46
739;202402;77
740;202402;1176
742;202402;24
743;202402;1984
746;202402;99
747;202402;45
748;202402;122
749;202402;450
751;202402;48
753;202402;489
755;202402;122
758;202402;143
759;202402;35
761;202402;188
762;202402;80
765;202402;165
768;202402;53
777;202402;145
778;202402;171
781;202402;87
783;202402;137
785;202402;60
790;202402;495
791;202402;102
831;202402;101
832;202402;85
833;202402;38
834;202402;115
837;202402;12210
844;202402;43
845;202402;44
846;202402;102
848;202402;160
849;202402;58
850;202402;47
851;202402;562
853;202402;8834
854;202402;51
857;202402;64
858;202402;880
859;202402;124
886;202402;263
887;202402;195
889;202402;46
890;202402;26
892;202402;89
893;202402;169
895;202402;333
905;202402;2380
908;202402;664
915;202402;794
918;202402;50
921;202402;55
922;202402;82
924;202402;69
925;202402;76
927;202402;731
931;202402;119
934;202402;48
935;202402;89
936;202402;143
946;202402;114
976;202402;94
977;202402;387
980;202402;650
981;202402;60
989;202402;130
992;202402;643
005;202403;172
009;202403;48
010;202403;276
016;202403;170
018;202403;95
019;202403;66
020;202403;491
046;202403;33
047;202403;30
049;202403;11799
050;202403;242
051;202403;151
052;202403;25
061;202403;564
069;202403;160
071;202403;146
072;202403;16
074;202403;19
075;202403;651
077;202403;123
078;202403;273
079;202403;261
081;202403;67
082;202403;174
086;202403;196
090;202403;99
091;202403;29260
092;202403;12144
097;202403;54
098;202403;516
102;202403;236
103;202403;69
105;202403;55
106;202403;1801
108;202403;239
109;202403;2464
111;202403;633
139;202403;255
140;202403;671
142;202403;152
143;202403;174
145;202403;249
146;202403;140
148;202403;136
149;202403;85
151;202403;37
152;202403;85
153;202403;1121
165;202403;416
167;202403;3675
169;202403;117
171;202403;109
172;202403;104
176;202403;149
177;202403;40
178;202403;104
179;202403;7528
181;202403;39
182;202403;725
186;202403;1602
199;202403;369
202;202403;596
204;202403;96
205;202403;1268
208;202403;209
211;202403;668
213;202403;140
214;202403;400
216;202403;37
217;202403;121
218;202403;22
224;202403;311
226;202403;89
230;202403;55
231;202403;19
232;202403;376
233;202403;289
235;202403;175
236;202403;72
239;202403;39
240;202403;784
241;202403;123
244;202403;349
245;202403;1643
249;202403;316
250;202403;35
256;202403;26
257;202403;1086
260;202403;314
261;202403;79
263;202403;214
265;202403;34
271;202403;232
272;202403;1399
273;202403;46
275;202403;64
276;202403;405
280;202403;47
284;202403;39
285;202403;2332
286;202403;2655
287;202403;87
288;202403;107
290;202403;188
291;202403;34
297;202403;4204
300;202403;53
301;202403;461
304;202403;14
305;202403;372
309;202403;286
312;202403;21
316;202403;136
317;202403;54
320;202403;162
322;202403;128
398;202403;6121
399;202403;154
400;202403;168
402;202403;250
403;202403;40
405;202403;2561
407;202403;70
408;202403;282
410;202403;435
416;202403;62
418;202403;578
420;202403;228
421;202403;9
422;202403;444
423;202403;269
425;202403;156
426;202403;379
430;202403;445
433;202403;110
434;202403;442
435;202403;21
436;202403;33
440;202403;60
441;202403;87
444;202403;1346
445;202403;252
475;202403;80
480;202403;45
481;202403;117
483;202403;15
484;202403;65
489;202403;53
491;202403;1781
494;202403;229
495;202403;36
498;202403;23
499;202403;258
500;202403;225
503;202403;167
504;202403;72
505;202403;447
507;202403;117
508;202403;243
529;202403;361
531;202403;182
535;202403;206
536;202403;1017
538;202403;85
541;202403;289
543;202403;1030
545;202403;120
560;202403;464
561;202403;29
562;202403;220
563;202403;175
564;202403;8994
576;202403;71
577;202403;172
578;202403;69
580;202403;108
581;202403;169
583;202403;12
584;202403;47
588;202403;41
592;202403;111
593;202403;504
595;202403;81
598;202403;713
599;202403;114
601;202403;98
604;202403;479
607;202403;134
608;202403;53
609;202403;3069
611;202403;106
614;202403;64
615;202403;251
616;202403;55
619;202403;56
620;202403;86
623;202403;36
624;202403;128
625;202403;81
626;202403;134
630;202403;35
631;202403;37
635;202403;113
636;202403;166
638;202403;1725
678;202403;826
680;202403;645
681;202403;81
683;202403;59
684;202403;1134
686;202403;54
687;202403;36
689;202403;105
691;202403;46
694;202403;1013
697;202403;25
698;202403;1620
700;202403;119
702;202403;113
704;202403;74
707;202403;69
710;202403;821
729;202403;316
732;202403;67
734;202403;1542
738;202403;40
739;202403;71
740;202403;1171
742;202403;25
743;202403;1973
746;202403;109
747;202403;40
748;202403;121
749;202403;452
751;202403;51
753;202403;496
755;202403;119
758;202403;143
759;202403;34
761;202403;186
762;202403;82
765;202403;153
768;202403;52
777;202403;146
778;202403;168
781;202403;89
783;202403;146
785;202403;53
790;202403;497
791;202403;103
831;202403;102
832;202403;92
833;202403;37
834;202403;118
837;202403;12202
844;202403;40
845;202403;48
846;202403;103
848;202403;168
849;202403;61
850;202403;50
851;202403;560
853;202403;8855
854;202403;52
857;202403;63
858;202403;874
859;202403;125
886;202403;257
887;202403;196
889;202403;43
890;202403;26
892;202403;95
893;202403;162
895;202403;331
905;202403;2390
908;202403;673
915;202403;780
918;202403;50
921;202403;53
922;202403;78
924;202403;68
925;202403;85
927;202403;710
931;202403;117
934;202403;54
935;202403;95
936;202403;144
946;202403;115
976;202403;87
977;202403;403
980;202403;636
981;202403;59
989;202403;138
992;202403;653
005;202404;183
009;202404;50
010;202404;275
016;202404;181
018;202404;92
019;202404;66
020;202404;480
046;202404;35
047;202404;35
049;202404;12167
050;202404;247
051;202404;158
052;202404;28
061;202404;577
069;202404;156
071;202404;154
072;202404;15
074;202404;19
075;202404;664
077;202404;125
078;202404;277
079;202404;263
081;202404;73
082;202404;167
086;202404;196
090;202404;99
091;202404;29839
092;202404;12377
097;202404;58
098;202404;513
102;202404;236
103;202404;66
105;202404;52
106;202404;1818
108;202404;246
109;202404;2468
111;202404;644
139;202404;252
140;202404;688
142;202404;157
143;202404;169
145;202404;246
146;202404;140
148;202404;132
149;202404;87
151;202404;35
152;202404;90
153;202404;1118
165;202404;424
167;202404;3714
169;202404;123
171;202404;105
172;202404;106
176;202404;149
177;202404;39
178;202404;105
179;202404;7618
181;202404;39
182;202404;723
186;202404;1634
199;202404;374
202;202404;620
204;202404;96
205;202404;1306
208;202404;216
211;202404;701
213;202404;142
214;202404;403
216;202404;39
217;202404;116
218;202404;20
224;202404;321
226;202404;92
230;202404;56
231;202404;21
232;202404;394
233;202404;293
235;202404;180
236;202404;78
239;202404;45
240;202404;792
241;202404;133
244;202404;360
245;202404;1677
249;202404;330
250;202404;38
256;202404;26
257;202404;1089
260;202404;326
261;202404;81
263;202404;227
265;202404;36
271;202404;249
272;202404;1421
273;202404;45
275;202404;58
276;202404;422
280;202404;49
284;202404;39
285;202404;2371
286;202404;2677
287;202404;89
288;202404;101
290;202404;185
291;202404;36
297;202404;4268
300;202404;46
301;202404;463
304;202404;13
305;202404;359
309;202404;275
312;202404;18
316;202404;138
317;202404;58
320;202404;170
322;202404;124
398;202404;6116
399;202404;149
400;202404;176
402;202404;261
403;202404;47
405;202404;2622
407;202404;74
408;202404;297
410;202404;442
416;202404;63
418;202404;602
420;202404;240
421;202404;9
422;202404;457
423;202404;279
425;202404;159
426;202404;382
430;202404;475
433;202404;114
434;202404;449
435;202404;24
436;202404;33
440;202404;52
441;202404;86
444;202404;1374
445;202404;257
475;202404;84
480;202404;47
481;202404;119
483;202404;19
484;202404;66
489;202404;54
491;202404;1819
494;202404;236
495;202404;38
498;202404;24
499;202404;255
500;202404;216
503;202404;165
504;202404;64
505;202404;452
507;202404;124
508;202404;245
529;202404;360
531;202404;174
535;202404;210
536;202404;1012
538;202404;83
541;202404;287
543;202404;1062
545;202404;117
560;202404;472
561;202404;30
562;202404;215
563;202404;183
564;202404;9190
576;202404;65
577;202404;181
578;202404;75
580;202404;108
581;202404;179
583;202404;11
584;202404;51
588;202404;39
592;202404;107
593;202404;509
595;202404;82
598;202404;733
599;202404;111
601;202404;101
604;202404;481
607;202404;139
608;202404;52
609;202404;3122
611;202404;104
614;202404;65
615;202404;249
616;202404;56
619;202404;51
620;202404;89
623;202404;33
624;202404;126
625;202404;79
626;202404;137
630;202404;31
631;202404;42
635;202404;114
636;202404;174
638;202404;1719
678;202404;834
680;202404;652
681;202404;85
683;202404;59
684;202404;1133
686;202404;60
687;202404;38
689;202404;108
691;202404;49
694;202404;1033
697;202404;26
698;202404;1683
700;202404;108
702;202404;114
704;202404;78
707;202404;73
710;202404;837
729;202404;329
732;202404;69
734;202404;1537
738;202404;42
739;202404;77
740;202404;1175
742;202404;29
743;202404;1945
746;202404;110
747;202404;43
748;202404;120
749;202404;466
751;202404;50
753;202404;494
755;202404;117
758;202404;154
759;202404;34
761;202404;187
762;202404;87
765;202404;156
768;202404;49
777;202404;148
778;202404;161
781;202404;85
783;202404;138
785;202404;58
790;202404;502
791;202404;107
831;202404;109
832;202404;97
833;202404;42
834;202404;130
837;202404;12498
844;202404;43
845;202404;52
846;202404;102
848;202404;169
849;202404;59
850;202404;51
851;202404;565
853;202404;9041
854;202404;54
857;202404;60
858;202404;907
859;202404;118
886;202404;273
887;202404;193
889;202404;46
890;202404;21
892;202404;102
893;202404;173
895;202404;355
905;202404;2409
908;202404;689
915;202404;778
918;202404;57
921;202404;58
922;202404;85
924;202404;62
925;202404;84
927;202404;716
931;202404;121
934;202404;50
935;202404;93
936;202404;143
946;202404;114
976;202404;84
977;202404;392
980;202404;669
981;202404;59
989;202404;136
992;202404;650
005;202405;168
009;202405;50
010;202405;264
016;202405;176
018;202405;81
019;202405;67
020;202405;461
046;202405;37
047;202405;37
049;202405;12110
050;202405;234
051;202405;163
052;202405;24
061;202405;582
069;202405;143
071;202405;149
072;202405;14
074;202405;19
075;202405;666
077;202405;121
078;202405;267
079;202405;260
081;202405;66
082;202405;161
086;202405;188
090;202405;91
091;202405;29740
092;202405;12401
097;202405;53
098;202405;507
102;202405;221
103;202405;59
105;202405;50
106;202405;1799
108;202405;247
109;202405;2430
111;202405;637
139;202405;257
140;202405;674
142;202405;150
143;202405;172
145;202405;261
146;202405;136
148;202405;147
149;202405;80
151;202405;30
152;202405;97
153;202405;1099
165;202405;409
167;202405;3683
169;202405;123
171;202405;101
172;202405;97
176;202405;150
177;202405;35
178;202405;91
179;202405;7594
181;202405;33
182;202405;721
186;202405;1601
199;202405;355
202;202405;626
204;202405;92
205;202405;1301
208;202405;215
211;202405;691
213;202405;135
214;202405;403
216;202405;38
217;202405;118
218;202405;24
224;202405;313
226;202405;89
230;202405;56
231;202405;23
232;202405;375
233;202405;300
235;202405;179
236;202405;70
239;202405;42
240;202405;795
241;202405;130
244;202405;334
245;202405;1632
249;202405;326
250;202405;39
256;202405;25
257;202405;1102
260;202405;316
261;202405;84
263;202405;218
265;202405;29
271;202405;249
272;202405;1397
273;202405;46
275;202405;56
276;202405;422
280;202405;45
284;202405;42
285;202405;2329
286;202405;2618
287;202405;78
288;202405;109
290;202405;176
291;202405;34
297;202405;4173
300;202405;41
301;202405;454
304;202405;12
305;202405;372
309;202405;276
312;202405;20
316;202405;139
317;202405;55
320;202405;172
322;202405;120
398;202405;6035
399;202405;151
400;202405;166
402;202405;248
403;202405;47
405;202405;2630
407;202405;67
408;202405;287
410;202405;442
416;202405;58
418;202405;598
420;202405;236
421;202405;8
422;202405;451
423;202405;280
425;202405;147
426;202405;368
430;202405;459
433;202405;110
434;202405;445
435;202405;28
436;202405;30
440;202405;42
441;202405;96
444;202405;1364
445;202405;245
475;202405;85
480;202405;48
481;202405;125
483;202405;22
484;202405;63
489;202405;50
491;202405;1781
494;202405;235
495;202405;36
498;202405;26
499;202405;245
500;202405;205
503;202405;149
504;202405;61
505;202405;444
507;202405;123
508;202405;242
529;202405;354
531;202405;169
535;202405;201
536;202405;1008
538;202405;85
541;202405;289
543;202405;1040
545;202405;108
560;202405;469
561;202405;30
562;202405;219
563;202405;186
564;202405;9070
576;202405;71
577;202405;171
578;202405;75
580;202405;105
581;202405;176
583;202405;12
584;202405;51
588;202405;39
592;202405;109
593;202405;499
595;202405;80
598;202405;752
599;202405;106
601;202405;93
604;202405;485
607;202405;137
608;202405;55
609;202405;3055
611;202405;100
614;202405;65
615;202405;255
616;202405;52
619;202405;52
620;202405;84
623;202405;34
624;202405;127
625;202405;78
626;202405;132
630;202405;30
631;202405;38
635;202405;106
636;202405;166
638;202405;1646
678;202405;809
680;202405;637
681;202405;86
683;202405;69
684;202405;1097
686;202405;53
687;202405;31
689;202405;108
691;202405;42
694;202405;1049
697;202405;25
698;202405;1697
700;202405;113
702;202405;116
704;202405;71
707;202405;70
710;202405;816
729;202405;318
732;202405;71
734;202405;1517
738;202405;42
739;202405;71
740;202405;1144
742;202405;28
743;202405;1922
746;202405;101
747;202405;44
748;202405;111
749;202405;458
751;202405;50
753;202405;478
755;202405;118
758;202405;146
759;202405;27
761;202405;181
762;202405;84
765;202405;163
768;202405;49
777;202405;143
778;202405;157
781;202405;77
783;202405;139
785;202405;52
790;202405;504
791;202405;96
831;202405;95
832;202405;99
833;202405;37
834;202405;124
837;202405;12375
844;202405;38
845;202405;56
846;202405;104
848;202405;162
849;202405;58
850;202405;51
851;202405;556
853;202405;8957
854;202405;57
857;202405;54
858;202405;896
859;202405;119
886;202405;256
887;202405;191
889;202405;50
890;202405;22
892;202405;96
893;202405;163
895;202405;366
905;202405;2384
908;202405;661
915;202405;754
918;202405;49
921;202405;57
922;202405;81
924;202405;62
925;202405;76
927;202405;724
931;202405;111
934;202405;48
935;202405;95
936;202405;144
946;202405;106
976;202405;90
977;202405;385
980;202405;641
981;202405;56
989;202405;135
992;202405;651
005;202406;150
009;202406;42
010;202406;234
016;202406;165
018;202406;83
019;202406;66
020;202406;423
046;202406;33
047;202406;34
049;202406;11605
050;202406;206
051;202406;149
052;202406;23
061;202406;543
069;202406;129
071;202406;133
072;202406;12
074;202406;19
075;202406;617
077;202406;98
078;202406;238
079;202406;241
081;202406;58
082;202406;153
086;202406;168
090;202406;94
091;202406;28238
092;202406;11771
097;202406;50
098;202406;454
102;202406;195
103;202406;57
105;202406;47
106;202406;1757
108;202406;218
109;202406;2278
111;202406;616
139;202406;233
140;202406;634
142;202406;138
143;202406;146
145;202406;238
146;202406;127
148;202406;126
149;202406;74
151;202406;29
152;202406;92
153;202406;1045
165;202406;378
167;202406;3471
169;202406;117
171;202406;81
172;202406;94
176;202406;144
177;202406;32
178;202406;76
179;202406;7230
181;202406;33
182;202406;675
186;202406;1521
199;202406;276
202;202406;576
204;202406;87
205;202406;1206
208;202406;193
211;202406;644
213;202406;124
214;202406;354
216;202406;33
217;202406;102
218;202406;23
224;202406;289
226;202406;85
230;202406;51
231;202406;21
232;202406;356
233;202406;260
235;202406;166
236;202406;73
239;202406;41
240;202406;735
241;202406;117
244;202406;315
245;202406;1566
249;202406;299
250;202406;31
256;202406;23
257;202406;1049
260;202406;296
261;202406;97
263;202406;193
265;202406;27
271;202406;228
272;202406;1319
273;202406;49
275;202406;53
276;202406;376
280;202406;41
284;202406;41
285;202406;2215
286;202406;2465
287;202406;79
288;202406;89
290;202406;159
291;202406;27
297;202406;4006
300;202406;38
301;202406;433
304;202406;11
305;202406;344
309;202406;260
312;202406;18
316;202406;128
317;202406;52
320;202406;162
322;202406;109
398;202406;5677
399;202406;133
400;202406;148
402;202406;222
403;202406;36
405;202406;2429
407;202406;64
408;202406;255
410;202406;415
416;202406;51
418;202406;554
420;202406;211
421;202406;7
422;202406;412
423;202406;262
425;202406;130
426;202406;348
430;202406;425
433;202406;107
434;202406;393
435;202406;26
436;202406;27
440;202406;36
441;202406;84
444;202406;1285
445;202406;213
475;202406;72
480;202406;45
481;202406;114
483;202406;20
484;202406;53
489;202406;55
491;202406;1644
494;202406;206
495;202406;34
498;202406;30
499;202406;216
500;202406;210
503;202406;129
504;202406;61
505;202406;412
507;202406;114
508;202406;227
529;202406;324
531;202406;150
535;202406;184
536;202406;962
538;202406;76
541;202406;271
543;202406;982
545;202406;86
560;202406;447
561;202406;27
562;202406;198
563;202406;169
564;202406;8554
576;202406;59
577;202406;162
578;202406;66
580;202406;93
581;202406;165
583;202406;11
584;202406;44
588;202406;35
592;202406;101
593;202406;461
595;202406;72
598;202406;679
599;202406;84
601;202406;92
604;202406;451
607;202406;134
608;202406;50
609;202406;2839
611;202406;83
614;202406;62
615;202406;239
616;202406;51
619;202406;48
620;202406;72
623;202406;26
624;202406;116
625;202406;76
626;202406;132
630;202406;23
631;202406;30
635;202406;97
636;202406;154
638;202406;1560
678;202406;733
680;202406;598
681;202406;84
683;202406;64
684;202406;1027
686;202406;42
687;202406;32
689;202406;104
691;202406;38
694;202406;970
697;202406;22
698;202406;1613
700;202406;103
702;202406;102
704;202406;69
707;202406;58
710;202406;762
729;202406;283
732;202406;72
734;202406;1424
738;202406;35
739;202406;58
740;202406;1057
742;202406;33
743;202406;1776
746;202406;100
747;202406;42
748;202406;99
749;202406;423
751;202406;48
753;202406;452
755;202406;101
758;202406;142
759;202406;27
761;202406;176
762;202406;72
765;202406;136
768;202406;48
777;202406;131
778;202406;133
781;202406;73
783;202406;125
785;202406;53
790;202406;442
791;202406;89
831;202406;90
832;202406;101
833;202406;30
834;202406;115
837;202406;11779
844;202406;35
845;202406;54
846;202406;93
848;202406;150
849;202406;52
850;202406;51
851;202406;507
853;202406;8530
854;202406;54
857;202406;50
858;202406;839
859;202406;121
886;202406;245
887;202406;186
889;202406;46
890;202406;21
892;202406;91
893;202406;146
895;202406;341
905;202406;2234
908;202406;600
915;202406;696
918;202406;42
921;202406;51
922;202406;79
924;202406;53
925;202406;66
927;202406;695
931;202406;95
934;202406;38
935;202406;86
936;202406;130
946;202406;92
976;202406;81
977;202406;360
980;202406;620
981;202406;56
989;202406;118
992;202406;599
005;202407;156
009;202407;48
010;202407;236
016;202407;151
018;202407;94
019;202407;68
020;202407;470
046;202407;36
047;202407;39
049;202407;12191
050;202407;221
051;202407;158
052;202407;20
061;202407;564
069;202407;142
071;202407;134
072;202407;9
074;202407;17
075;202407;629
077;202407;100
078;202407;245
079;202407;249
081;202407;58
082;202407;148
086;202407;165
090;202407;92
091;202407;29678
092;202407;12318
097;202407;51
098;202407;470
102;202407;212
103;202407;55
105;202407;47
106;202407;1807
108;202407;241
109;202407;2397
111;202407;624
139;202407;252
140;202407;658
142;202407;152
143;202407;169
145;202407;237
146;202407;120
148;202407;138
149;202407;83
151;202407;35
152;202407;90
153;202407;1057
165;202407;405
167;202407;3658
169;202407;123
171;202407;93
172;202407;95
176;202407;133
177;202407;33
178;202407;80
179;202407;7665
181;202407;35
182;202407;681
186;202407;1584
199;202407;286
202;202407;634
204;202407;86
205;202407;1239
208;202407;185
211;202407;713
213;202407;133
214;202407;379
216;202407;34
217;202407;111
218;202407;25
224;202407;281
226;202407;78
230;202407;46
231;202407;22
232;202407;351
233;202407;280
235;202407;178
236;202407;76
239;202407;38
240;202407;738
241;202407;126
244;202407;321
245;202407;1617
249;202407;302
250;202407;35
256;202407;26
257;202407;1090
260;202407;303
261;202407;90
263;202407;188
265;202407;30
271;202407;245
272;202407;1379
273;202407;49
275;202407;54
276;202407;380
280;202407;44
284;202407;41
285;202407;2273
286;202407;2582
287;202407;77
288;202407;99
290;202407;165
291;202407;27
297;202407;4196
300;202407;43
301;202407;441
304;202407;11
305;202407;346
309;202407;277
312;202407;19
316;202407;131
317;202407;60
320;202407;164
322;202407;114
398;202407;5864
399;202407;144
400;202407;152
402;202407;235
403;202407;39
405;202407;2512
407;202407;72
408;202407;264
410;202407;438
416;202407;55
418;202407;597
420;202407;206
421;202407;7
422;202407;411
423;202407;288
425;202407;139
426;202407;364
430;202407;446
433;202407;115
434;202407;401
435;202407;28
436;202407;35
440;202407;48
441;202407;85
444;202407;1337
445;202407;227
475;202407;73
480;202407;46
481;202407;112
483;202407;19
484;202407;58
489;202407;55
491;202407;1683
494;202407;206
495;202407;32
498;202407;25
499;202407;227
500;202407;208
503;202407;149
504;202407;68
505;202407;436
507;202407;110
508;202407;243
529;202407;369
531;202407;168
535;202407;180
536;202407;1031
538;202407;72
541;202407;262
543;202407;991
545;202407;87
560;202407;460
561;202407;25
562;202407;217
563;202407;175
564;202407;9054
576;202407;66
577;202407;176
578;202407;69
580;202407;95
581;202407;171
583;202407;10
584;202407;44
588;202407;38
592;202407;100
593;202407;482
595;202407;79
598;202407;686
599;202407;95
601;202407;83
604;202407;496
607;202407;133
608;202407;55
609;202407;2948
611;202407;90
614;202407;58
615;202407;221
616;202407;52
619;202407;49
620;202407;73
623;202407;33
624;202407;113
625;202407;80
626;202407;135
630;202407;25
631;202407;36
635;202407;100
636;202407;146
638;202407;1618
678;202407;772
680;202407;618
681;202407;78
683;202407;61
684;202407;1078
686;202407;42
687;202407;36
689;202407;106
691;202407;40
694;202407;1019
697;202407;24
698;202407;1714
700;202407;100
702;202407;107
704;202407;66
707;202407;62
710;202407;782
729;202407;306
732;202407;76
734;202407;1498
738;202407;35
739;202407;60
740;202407;1086
742;202407;25
743;202407;1853
746;202407;94
747;202407;44
748;202407;107
749;202407;445
751;202407;45
753;202407;492
755;202407;106
758;202407;132
759;202407;28
761;202407;186
762;202407;70
765;202407;136
768;202407;41
777;202407;126
778;202407;134
781;202407;78
783;202407;123
785;202407;44
790;202407;460
791;202407;94
831;202407;97
832;202407;101
833;202407;29
834;202407;120
837;202407;12539
844;202407;32
845;202407;54
846;202407;101
848;202407;155
849;202407;54
850;202407;50
851;202407;533
853;202407;8909
854;202407;49
857;202407;54
858;202407;876
859;202407;121
886;202407;258
887;202407;183
889;202407;51
890;202407;22
892;202407;93
893;202407;145
895;202407;356
905;202407;2291
908;202407;617
915;202407;696
918;202407;46
921;202407;50
922;202407;84
924;202407;57
925;202407;70
927;202407;701
931;202407;95
934;202407;41
935;202407;88
936;202407;131
946;202407;104
976;202407;78
977;202407;381
980;202407;655
981;202407;62
989;202407;122
992;202407;633
005;202408;150
009;202408;46
010;202408;226
016;202408;156
018;202408;99
019;202408;71
020;202408;464
046;202408;33
047;202408;32
049;202408;12439
050;202408;225
051;202408;143
052;202408;21
061;202408;580
069;202408;145
071;202408;128
072;202408;12
074;202408;19
075;202408;632
077;202408;106
078;202408;235
079;202408;250
081;202408;57
082;202408;143
086;202408;164
090;202408;89
091;202408;30261
092;202408;12534
097;202408;48
098;202408;487
102;202408;220
103;202408;56
105;202408;40
106;202408;1804
108;202408;241
109;202408;2394
111;202408;635
139;202408;245
140;202408;658
142;202408;150
143;202408;175
145;202408;241
146;202408;124
148;202408;132
149;202408;83
151;202408;36
152;202408;89
153;202408;1057
165;202408;392
167;202408;3694
169;202408;121
171;202408;81
172;202408;95
176;202408;143
177;202408;26
178;202408;74
179;202408;7675
181;202408;34
182;202408;684
186;202408;1617
199;202408;289
202;202408;638
204;202408;78
205;202408;1235
208;202408;193
211;202408;733
213;202408;133
214;202408;389
216;202408;30
217;202408;105
218;202408;21
224;202408;286
226;202408;78
230;202408;44
231;202408;25
232;202408;368
233;202408;270
235;202408;192
236;202408;80
239;202408;44
240;202408;743
241;202408;123
244;202408;326
245;202408;1673
249;202408;305
250;202408;35
256;202408;28
257;202408;1107
260;202408;281
261;202408;93
263;202408;187
265;202408;28
271;202408;230
272;202408;1378
273;202408;50
275;202408;57
276;202408;372
280;202408;45
284;202408;44
285;202408;2246
286;202408;2582
287;202408;89
288;202408;100
290;202408;156
291;202408;31
297;202408;4243
300;202408;40
301;202408;446
304;202408;11
305;202408;326
309;202408;269
312;202408;22
316;202408;132
317;202408;53
320;202408;170
322;202408;111
398;202408;5815
399;202408;134
400;202408;158
402;202408;243
403;202408;37
405;202408;2506
407;202408;72
408;202408;257
410;202408;432
416;202408;47
418;202408;633
420;202408;206
421;202408;6
422;202408;411
423;202408;287
425;202408;152
426;202408;377
430;202408;450
433;202408;125
434;202408;413
435;202408;25
436;202408;33
440;202408;51
441;202408;92
444;202408;1330
445;202408;227
475;202408;74
480;202408;47
481;202408;113
483;202408;17
484;202408;53
489;202408;47
491;202408;1690
494;202408;200
495;202408;36
498;202408;27
499;202408;232
500;202408;217
503;202408;151
504;202408;60
505;202408;441
507;202408;110
508;202408;249
529;202408;374
531;202408;164
535;202408;185
536;202408;1024
538;202408;74
541;202408;274
543;202408;1027
545;202408;80
560;202408;473
561;202408;22
562;202408;216
563;202408;172
564;202408;9100
576;202408;61
577;202408;175
578;202408;62
580;202408;93
581;202408;171
583;202408;11
584;202408;48
588;202408;36
592;202408;107
593;202408;484
595;202408;79
598;202408;710
599;202408;101
601;202408;88
604;202408;487
607;202408;127
608;202408;55
609;202408;2929
611;202408;91
614;202408;49
615;202408;217
616;202408;58
619;202408;47
620;202408;77
623;202408;26
624;202408;115
625;202408;77
626;202408;134
630;202408;26
631;202408;36
635;202408;92
636;202408;161
638;202408;1632
678;202408;757
680;202408;636
681;202408;72
683;202408;63
684;202408;1072
686;202408;43
687;202408;31
689;202408;98
691;202408;40
694;202408;1039
697;202408;24
698;202408;1689
700;202408;105
702;202408;104
704;202408;64
707;202408;59
710;202408;796
729;202408;301
732;202408;71
734;202408;1513
738;202408;32
739;202408;63
740;202408;1074
742;202408;24
743;202408;1861
746;202408;85
747;202408;45
748;202408;111
749;202408;448
751;202408;50
753;202408;482
755;202408;109
758;202408;136
759;202408;26
761;202408;195
762;202408;69
765;202408;134
768;202408;36
777;202408;122
778;202408;142
781;202408;72
783;202408;127
785;202408;41
790;202408;452
791;202408;95
831;202408;98
832;202408;107
833;202408;28
834;202408;125
837;202408;12718
844;202408;34
845;202408;49
846;202408;101
848;202408;152
849;202408;56
850;202408;50
851;202408;517
853;202408;9144
854;202408;54
857;202408;57
858;202408;916
859;202408;124
886;202408;251
887;202408;189
889;202408;48
890;202408;20
892;202408;93
893;202408;136
895;202408;360
905;202408;2335
908;202408;622
915;202408;713
918;202408;46
921;202408;50
922;202408;80
924;202408;56
925;202408;77
927;202408;710
931;202408;100
934;202408;43
935;202408;96
936;202408;119
946;202408;95
976;202408;80
977;202408;395
980;202408;682
981;202408;65
989;202408;125
992;202408;608
005;202409;155
009;202409;50
010;202409;224
016;202409;148
018;202409;91
019;202409;72
020;202409;438
046;202409;37
047;202409;37
049;202409;12179
050;202409;218
051;202409;143
052;202409;21
061;202409;569
069;202409;136
071;202409;118
072;202409;8
074;202409;21
075;202409;619
077;202409;109
078;202409;230
079;202409;249
081;202409;60
082;202409;132
086;202409;160
090;202409;88
091;202409;29239
092;202409;12165
097;202409;44
098;202409;469
102;202409;216
103;202409;58
105;202409;40
106;202409;1766
108;202409;234
109;202409;2293
111;202409;631
139;202409;236
140;202409;662
142;202409;140
143;202409;168
145;202409;232
146;202409;123
148;202409;132
149;202409;81
151;202409;37
152;202409;90
153;202409;998
165;202409;378
167;202409;3542
169;202409;111
171;202409;81
172;202409;78
176;202409;142
177;202409;27
178;202409;77
179;202409;7334
181;202409;35
182;202409;680
186;202409;1578
199;202409;261
202;202409;604
204;202409;79
205;202409;1170
208;202409;190
211;202409;696
213;202409;128
214;202409;363
216;202409;29
217;202409;101
218;202409;24
224;202409;268
226;202409;71
230;202409;45
231;202409;23
232;202409;351
233;202409;242
235;202409;192
236;202409;82
239;202409;38
240;202409;706
241;202409;121
244;202409;309
245;202409;1621
249;202409;289
250;202409;35
256;202409;27
257;202409;1063
260;202409;277
261;202409;92
263;202409;181
265;202409;24
271;202409;224
272;202409;1331
273;202409;51
275;202409;51
276;202409;355
280;202409;39
284;202409;42
285;202409;2182
286;202409;2568
287;202409;81
288;202409;111
290;202409;156
291;202409;28
297;202409;4194
300;202409;37
301;202409;428
304;202409;10
305;202409;333
309;202409;259
312;202409;20
316;202409;130
317;202409;48
320;202409;157
322;202409;96
398;202409;5694
399;202409;137
400;202409;143
402;202409;233
403;202409;34
405;202409;2413
407;202409;65
408;202409;245
410;202409;413
416;202409;49
418;202409;592
420;202409;201
421;202409;4
422;202409;411
423;202409;289
425;202409;119
426;202409;362
430;202409;427
433;202409;123
434;202409;390
435;202409;24
436;202409;37
440;202409;43
441;202409;92
444;202409;1262
445;202409;214
475;202409;80
480;202409;44
481;202409;105
483;202409;16
484;202409;50
489;202409;50
491;202409;1636
494;202409;189
495;202409;29
498;202409;28
499;202409;226
500;202409;220
503;202409;143
504;202409;58
505;202409;414
507;202409;113
508;202409;254
529;202409;355
531;202409;156
535;202409;167
536;202409;973
538;202409;72
541;202409;253
543;202409;986
545;202409;77
560;202409;452
561;202409;22
562;202409;210
563;202409;168
564;202409;8662
576;202409;62
577;202409;167
578;202409;66
580;202409;100
581;202409;158
583;202409;7
584;202409;46
588;202409;37
592;202409;97
593;202409;493
595;202409;78
598;202409;706
599;202409;93
601;202409;81
604;202409;475
607;202409;133
608;202409;48
609;202409;2861
611;202409;87
614;202409;49
615;202409;208
616;202409;54
619;202409;45
620;202409;77
623;202409;31
624;202409;112
625;202409;63
626;202409;129
630;202409;23
631;202409;37
635;202409;95
636;202409;164
638;202409;1617
678;202409;738
680;202409;640
681;202409;68
683;202409;55
684;202409;1035
686;202409;43
687;202409;30
689;202409;98
691;202409;43
694;202409;1013
697;202409;23
698;202409;1601
700;202409;97
702;202409;102
704;202409;61
707;202409;68
710;202409;743
729;202409;285
732;202409;67
734;202409;1427
738;202409;29
739;202409;59
740;202409;1054
742;202409;24
743;202409;1816
746;202409;80
747;202409;43
748;202409;107
749;202409;413
751;202409;46
753;202409;459
755;202409;97
758;202409;135
759;202409;23
761;202409;182
762;202409;68
765;202409;120
768;202409;30
777;202409;130
778;202409;125
781;202409;69
783;202409;128
785;202409;43
790;202409;443
791;202409;95
831;202409;105
832;202409;103
833;202409;26
834;202409;118
837;202409;12202
844;202409;30
845;202409;52
846;202409;94
848;202409;140
849;202409;54
850;202409;43
851;202409;495
853;202409;8977
854;202409;54
857;202409;55
858;202409;862
859;202409;122
886;202409;247
887;202409;187
889;202409;45
890;202409;18
892;202409;85
893;202409;136
895;202409;358
905;202409;2298
908;202409;607
915;202409;684
918;202409;43
921;202409;48
922;202409;81
924;202409;55
925;202409;70
927;202409;688
931;202409;98
934;202409;41
935;202409;93
936;202409;129
946;202409;100
976;202409;84
977;202409;372
980;202409;634
981;202409;59
989;202409;122
992;202409;573
005;202410;154
009;202410;47
010;202410;248
016;202410;159
018;202410;84
019;202410;78
020;202410;445
046;202410;42
047;202410;35
049;202410;12512
050;202410;227
051;202410;158
052;202410;20
061;202410;594
069;202410;147
071;202410;119
072;202410;6
074;202410;20
075;202410;628
077;202410;107
078;202410;236
079;202410;254
081;202410;65
082;202410;143
086;202410;182
090;202410;87
091;202410;30209
092;202410;12581
097;202410;46
098;202410;473
102;202410;220
103;202410;58
105;202410;46
106;202410;1823
108;202410;239
109;202410;2379
111;202410;650
139;202410;238
140;202410;657
142;202410;155
143;202410;177
145;202410;248
146;202410;122
148;202410;126
149;202410;72
151;202410;34
152;202410;93
153;202410;1043
165;202410;391
167;202410;3603
169;202410;109
171;202410;95
172;202410;91
176;202410;145
177;202410;21
178;202410;92
179;202410;7540
181;202410;33
182;202410;713
186;202410;1671
199;202410;262
202;202410;625
204;202410;78
205;202410;1202
208;202410;211
211;202410;739
213;202410;126
214;202410;382
216;202410;28
217;202410;97
218;202410;22
224;202410;269
226;202410;77
230;202410;47
231;202410;27
232;202410;371
233;202410;260
235;202410;199
236;202410;85
239;202410;44
240;202410;784
241;202410;129
244;202410;337
245;202410;1690
249;202410;313
250;202410;33
256;202410;27
257;202410;1136
260;202410;297
261;202410;92
263;202410;198
265;202410;24
271;202410;229
272;202410;1394
273;202410;49
275;202410;54
276;202410;374
280;202410;45
284;202410;50
285;202410;2234
286;202410;2670
287;202410;86
288;202410;101
290;202410;158
291;202410;37
297;202410;4259
300;202410;40
301;202410;452
304;202410;10
305;202410;358
309;202410;270
312;202410;21
316;202410;135
317;202410;48
320;202410;170
322;202410;106
398;202410;5940
399;202410;139
400;202410;150
402;202410;234
403;202410;33
405;202410;2524
407;202410;70
408;202410;255
410;202410;426
416;202410;61
418;202410;610
420;202410;213
421;202410;5
422;202410;433
423;202410;291
425;202410;137
426;202410;373
430;202410;443
433;202410;122
434;202410;401
435;202410;25
436;202410;39
440;202410;48
441;202410;94
444;202410;1308
445;202410;230
475;202410;77
480;202410;44
481;202410;110
483;202410;19
484;202410;53
489;202410;53
491;202410;1698
494;202410;191
495;202410;31
498;202410;33
499;202410;242
500;202410;224
503;202410;155
504;202410;61
505;202410;438
507;202410;114
508;202410;267
529;202410;364
531;202410;153
535;202410;172
536;202410;1021
538;202410;74
541;202410;280
543;202410;1011
545;202410;90
560;202410;464
561;202410;23
562;202410;216
563;202410;180
564;202410;8882
576;202410;60
577;202410;169
578;202410;67
580;202410;104
581;202410;175
583;202410;9
584;202410;46
588;202410;40
592;202410;102
593;202410;494
595;202410;74
598;202410;720
599;202410;98
601;202410;84
604;202410;503
607;202410;119
608;202410;58
609;202410;2954
611;202410;91
614;202410;53
615;202410;219
616;202410;56
619;202410;47
620;202410;81
623;202410;32
624;202410;118
625;202410;73
626;202410;135
630;202410;27
631;202410;39
635;202410;102
636;202410;185
638;202410;1659
678;202410;789
680;202410;666
681;202410;82
683;202410;60
684;202410;1054
686;202410;45
687;202410;34
689;202410;102
691;202410;43
694;202410;1072
697;202410;24
698;202410;1645
700;202410;104
702;202410;108
704;202410;70
707;202410;67
710;202410;781
729;202410;317
732;202410;70
734;202410;1462
738;202410;37
739;202410;67
740;202410;1112
742;202410;22
743;202410;1894
746;202410;81
747;202410;44
748;202410;99
749;202410;426
751;202410;51
753;202410;483
755;202410;97
758;202410;136
759;202410;24
761;202410;197
762;202410;78
765;202410;133
768;202410;36
777;202410;150
778;202410;142
781;202410;73
783;202410;128
785;202410;50
790;202410;466
791;202410;100
831;202410;106
832;202410;108
833;202410;28
834;202410;119
837;202410;12644
844;202410;32
845;202410;56
846;202410;105
848;202410;149
849;202410;51
850;202410;47
851;202410;520
853;202410;9257
854;202410;53
857;202410;54
858;202410;903
859;202410;116
886;202410;258
887;202410;191
889;202410;49
890;202410;20
892;202410;92
893;202410;137
895;202410;379
905;202410;2338
908;202410;646
915;202410;711
918;202410;52
921;202410;45
922;202410;90
924;202410;51
925;202410;76
927;202410;702
931;202410;112
934;202410;42
935;202410;90
936;202410;137
946;202410;110
976;202410;89
977;202410;391
980;202410;655
981;202410;57
989;202410;129
992;202410;593
005;202411;157
009;202411;46
010;202411;245
016;202411;161
018;202411;77
019;202411;66
020;202411;451
046;202411;41
047;202411;35
049;202411;12352
050;202411;222
051;202411;154
052;202411;25
061;202411;604
069;202411;164
071;202411;124
072;202411;13
074;202411;19
075;202411;640
077;202411;105
078;202411;244
079;202411;255
081;202411;66
082;202411;152
086;202411;177
090;202411;81
091;202411;29794
092;202411;12468
097;202411;47
098;202411;477
102;202411;220
103;202411;62
105;202411;43
106;202411;1810
108;202411;236
109;202411;2376
111;202411;659
139;202411;234
140;202411;656
142;202411;142
143;202411;174
145;202411;248
146;202411;115
148;202411;122
149;202411;80
151;202411;39
152;202411;91
153;202411;1071
165;202411;391
167;202411;3538
169;202411;111
171;202411;93
172;202411;90
176;202411;159
177;202411;25
178;202411;94
179;202411;7456
181;202411;34
182;202411;716
186;202411;1647
199;202411;246
202;202411;610
204;202411;75
205;202411;1189
208;202411;220
211;202411;742
213;202411;122
214;202411;373
216;202411;28
217;202411;94
218;202411;21
224;202411;274
226;202411;70
230;202411;47
231;202411;28
232;202411;382
233;202411;275
235;202411;180
236;202411;77
239;202411;43
240;202411;773
241;202411;132
244;202411;341
245;202411;1655
249;202411;308
250;202411;34
256;202411;27
257;202411;1114
260;202411;294
261;202411;89
263;202411;194
265;202411;27
271;202411;237
272;202411;1411
273;202411;50
275;202411;50
276;202411;379
280;202411;39
284;202411;49
285;202411;2234
286;202411;2671
287;202411;84
288;202411;104
290;202411;173
291;202411;35
297;202411;4204
300;202411;37
301;202411;452
304;202411;11
305;202411;362
309;202411;267
312;202411;20
316;202411;143
317;202411;54
320;202411;183
322;202411;107
398;202411;5950
399;202411;134
400;202411;165
402;202411;251
403;202411;34
405;202411;2586
407;202411;66
408;202411;273
410;202411;423
416;202411;55
418;202411;590
420;202411;209
421;202411;6
422;202411;437
423;202411;280
425;202411;130
426;202411;368
430;202411;421
433;202411;131
434;202411;423
435;202411;22
436;202411;35
440;202411;48
441;202411;97
444;202411;1312
445;202411;241
475;202411;76
480;202411;42
481;202411;111
483;202411;18
484;202411;52
489;202411;52
491;202411;1665
494;202411;192
495;202411;30
498;202411;32
499;202411;232
500;202411;222
503;202411;150
504;202411;59
505;202411;430
507;202411;119
508;202411;270
529;202411;354
531;202411;153
535;202411;182
536;202411;1020
538;202411;75
541;202411;278
543;202411;1003
545;202411;97
560;202411;469
561;202411;24
562;202411;217
563;202411;179
564;202411;8792
576;202411;61
577;202411;168
578;202411;69
580;202411;102
581;202411;176
583;202411;9
584;202411;41
588;202411;40
592;202411;99
593;202411;508
595;202411;74
598;202411;726
599;202411;101
601;202411;82
604;202411;502
607;202411;122
608;202411;56
609;202411;2966
611;202411;88
614;202411;54
615;202411;215
616;202411;56
619;202411;53
620;202411;85
623;202411;34
624;202411;118
625;202411;72
626;202411;131
630;202411;26
631;202411;38
635;202411;97
636;202411;178
638;202411;1646
678;202411;779
680;202411;661
681;202411;80
683;202411;64
684;202411;1043
686;202411;46
687;202411;34
689;202411;102
691;202411;42
694;202411;1101
697;202411;25
698;202411;1632
700;202411;115
702;202411;106
704;202411;67
707;202411;69
710;202411;771
729;202411;313
732;202411;66
734;202411;1478
738;202411;43
739;202411;71
740;202411;1133
742;202411;23
743;202411;1905
746;202411;88
747;202411;47
748;202411;102
749;202411;454
751;202411;56
753;202411;472
755;202411;94
758;202411;136
759;202411;24
761;202411;190
762;202411;85
765;202411;143
768;202411;39
777;202411;162
778;202411;146
781;202411;71
783;202411;129
785;202411;46
790;202411;454
791;202411;97
831;202411;105
832;202411;108
833;202411;32
834;202411;122
837;202411;12548
844;202411;33
845;202411;57
846;202411;109
848;202411;145
849;202411;53
850;202411;52
851;202411;515
853;202411;9151
854;202411;56
857;202411;57
858;202411;875
859;202411;113
886;202411;246
887;202411;192
889;202411;47
890;202411;17
892;202411;90
893;202411;142
895;202411;368
905;202411;2391
908;202411;632
915;202411;710
918;202411;50
921;202411;43
922;202411;90
924;202411;52
925;202411;77
927;202411;666
931;202411;116
934;202411;46
935;202411;91
936;202411;141
946;202411;108
976;202411;90
977;202411;389
980;202411;650
981;202411;61
989;202411;132
992;202411;607
005;202412;163
009;202412;56
010;202412;272
016;202412;183
018;202412;83
019;202412;77
020;202412;470
046;202412;42
047;202412;38
049;202412;12658
050;202412;240
051;202412;163
052;202412;24
061;202412;610
069;202412;170
071;202412;128
072;202412;12
074;202412;20
075;202412;659
077;202412;110
078;202412;260
079;202412;250
081;202412;65
082;202412;152
086;202412;194
090;202412;94
091;202412;30567
092;202412;12888
097;202412;48
098;202412;516
102;202412;224
103;202412;63
105;202412;45
106;202412;1863
108;202412;249
109;202412;2462
111;202412;677
139;202412;247
140;202412;687
142;202412;154
143;202412;181
145;202412;270
146;202412;119
148;202412;122
149;202412;79
151;202412;35
152;202412;94
153;202412;1112
165;202412;392
167;202412;3658
169;202412;116
171;202412;99
172;202412;100
176;202412;167
177;202412;22
178;202412;110
179;202412;7664
181;202412;34
182;202412;747
186;202412;1687
199;202412;243
202;202412;633
204;202412;76
205;202412;1262
208;202412;232
211;202412;758
213;202412;129
214;202412;389
216;202412;37
217;202412;106
218;202412;25
224;202412;285
226;202412;76
230;202412;48
231;202412;30
232;202412;381
233;202412;298
235;202412;192
236;202412;83
239;202412;44
240;202412;827
241;202412;144
244;202412;371
245;202412;1732
249;202412;318
250;202412;33
256;202412;30
257;202412;1150
260;202412;312
261;202412;86
263;202412;206
265;202412;24
271;202412;241
272;202412;1460
273;202412;52
275;202412;60
276;202412;389
280;202412;45
284;202412;47
285;202412;2295
286;202412;2806
287;202412;90
288;202412;110
290;202412;169
291;202412;36
297;202412;4353
300;202412;43
301;202412;472
304;202412;13
305;202412;367
309;202412;299
312;202412;24
316;202412;153
317;202412;53
320;202412;189
322;202412;116
398;202412;6081
399;202412;144
400;202412;182
402;202412;251
403;202412;36
405;202412;2713
407;202412;65
408;202412;287
410;202412;448
416;202412;55
418;202412;593
420;202412;207
421;202412;7
422;202412;437
423;202412;299
425;202412;124
426;202412;394
430;202412;460
433;202412;138
434;202412;427
435;202412;27
436;202412;38
440;202412;44
441;202412;108
444;202412;1359
445;202412;251
475;202412;75
480;202412;43
481;202412;127
483;202412;20
484;202412;61
489;202412;56
491;202412;1708
494;202412;211
495;202412;28
498;202412;27
499;202412;236
500;202412;236
503;202412;161
504;202412;61
505;202412;437
507;202412;117
508;202412;287
529;202412;375
531;202412;163
535;202412;184
536;202412;1064
538;202412;71
541;202412;289
543;202412;1042
545;202412;102
560;202412;481
561;202412;25
562;202412;219
563;202412;185
564;202412;9099
576;202412;63
577;202412;184
578;202412;76
580;202412;114
581;202412;182
583;202412;7
584;202412;46
588;202412;47
592;202412;106
593;202412;520
595;202412;74
598;202412;742
599;202412;97
601;202412;101
604;202412;501
607;202412;127
608;202412;56
609;202412;3124
611;202412;92
614;202412;61
615;202412;223
616;202412;51
619;202412;54
620;202412;94
623;202412;35
624;202412;131
625;202412;70
626;202412;141
630;202412;27
631;202412;41
635;202412;106
636;202412;180
638;202412;1687
678;202412;804
680;202412;693
681;202412;84
683;202412;65
684;202412;1090
686;202412;53
687;202412;34
689;202412;107
691;202412;39
694;202412;1117
697;202412;26
698;202412;1647
700;202412;119
702;202412;104
704;202412;75
707;202412;71
710;202412;788
729;202412;318
732;202412;71
734;202412;1546
738;202412;49
739;202412;71
740;202412;1195
742;202412;30
743;202412;1942
746;202412;91
747;202412;46
748;202412;112
749;202412;448
751;202412;56
753;202412;482
755;202412;94
758;202412;133
759;202412;24
761;202412;191
762;202412;87
765;202412;145
768;202412;46
777;202412;165
778;202412;143
781;202412;79
783;202412;132
785;202412;60
790;202412;484
791;202412;107
831;202412;110
832;202412;115
833;202412;36
834;202412;125
837;202412;12913
844;202412;34
845;202412;57
846;202412;112
848;202412;155
849;202412;57
850;202412;56
851;202412;542
853;202412;9487
854;202412;50
857;202412;56
858;202412;929
859;202412;113
886;202412;255
887;202412;194
889;202412;51
890;202412;17
892;202412;95
893;202412;146
895;202412;379
905;202412;2444
908;202412;680
915;202412;749
918;202412;59
921;202412;51
922;202412;102
924;202412;54
925;202412;87
927;202412;692
931;202412;124
934;202412;48
935;202412;100
936;202412;154
946;202412;109
976;202412;91
977;202412;396
980;202412;669
981;202412;63
989;202412;138
992;202412;628
005;202501;177
009;202501;61
010;202501;283
016;202501;192
018;202501;94
019;202501;77
020;202501;502
046;202501;45
047;202501;35
049;202501;13221
050;202501;253
051;202501;173
052;202501;26
061;202501;634
069;202501;172
071;202501;141
072;202501;21
074;202501;22
075;202501;688
077;202501;111
078;202501;260
079;202501;262
081;202501;69
082;202501;165
086;202501;208
090;202501;102
091;202501;31805
092;202501;13416
097;202501;51
098;202501;540
102;202501;237
103;202501;67
105;202501;51
106;202501;1950
108;202501;271
109;202501;2572
111;202501;742
139;202501;260
140;202501;712
142;202501;167
143;202501;196
145;202501;290
146;202501;126
148;202501;108
149;202501;88
151;202501;37
152;202501;93
153;202501;1146
165;202501;418
167;202501;3863
169;202501;112
171;202501;110
172;202501;108
176;202501;167
177;202501;29
178;202501;108
179;202501;8050
181;202501;32
182;202501;778
186;202501;1745
199;202501;270
202;202501;658
204;202501;81
205;202501;1336
208;202501;231
211;202501;820
213;202501;132
214;202501;408
216;202501;36
217;202501;118
218;202501;25
224;202501;287
226;202501;80
230;202501;48
231;202501;30
232;202501;384
233;202501;317
235;202501;193
236;202501;79
239;202501;49
240;202501;870
241;202501;152
244;202501;404
245;202501;1786
249;202501;328
250;202501;36
256;202501;32
257;202501;1183
260;202501;332
261;202501;78
263;202501;213
265;202501;29
271;202501;265
272;202501;1511
273;202501;46
275;202501;61
276;202501;411
280;202501;43
284;202501;53
285;202501;2367
286;202501;2897
287;202501;89
288;202501;117
290;202501;190
291;202501;36
297;202501;4531
300;202501;42
301;202501;509
304;202501;15
305;202501;375
309;202501;317
312;202501;25
316;202501;155
317;202501;59
320;202501;212
322;202501;110
398;202501;6332
399;202501;162
400;202501;196
402;202501;272
403;202501;39
405;202501;2841
407;202501;69
408;202501;301
410;202501;487
416;202501;59
418;202501;653
420;202501;225
421;202501;7
422;202501;452
423;202501;317
425;202501;148
426;202501;422
430;202501;457
433;202501;140
434;202501;451
435;202501;27
436;202501;40
440;202501;43
441;202501;112
444;202501;1423
445;202501;250
475;202501;94
480;202501;47
481;202501;142
483;202501;20
484;202501;64
489;202501;55
491;202501;1772
494;202501;229
495;202501;32
498;202501;27
499;202501;238
500;202501;255
503;202501;179
504;202501;62
505;202501;479
507;202501;174
508;202501;282
529;202501;394
531;202501;170
535;202501;203
536;202501;1112
538;202501;78
541;202501;308
543;202501;1078
545;202501;115
560;202501;499
561;202501;25
562;202501;237
563;202501;199
564;202501;9567
576;202501;68
577;202501;195
578;202501;81
580;202501;115
581;202501;193
583;202501;8
584;202501;50
592;202501;118
593;202501;551
595;202501;81
598;202501;756
599;202501;102
601;202501;103
604;202501;529
607;202501;132
608;202501;58
609;202501;3243
611;202501;103
614;202501;67
615;202501;242
616;202501;51
619;202501;58
620;202501;100
623;202501;41
624;202501;139
625;202501;76
626;202501;149
630;202501;36
631;202501;45
635;202501;102
636;202501;187
638;202501;1743
678;202501;837
680;202501;734
681;202501;87
683;202501;66
684;202501;1158
686;202501;54
687;202501;33
689;202501;108
691;202501;45
694;202501;1164
697;202501;29
698;202501;1693
700;202501;130
702;202501;104
704;202501;75
707;202501;72
710;202501;810
729;202501;349
732;202501;75
734;202501;1640
738;202501;51
739;202501;78
740;202501;1273
742;202501;29
743;202501;2091
746;202501;103
747;202501;46
748;202501;112
749;202501;475
751;202501;53
753;202501;511
755;202501;104
758;202501;134
759;202501;25
761;202501;203
762;202501;97
765;202501;153
768;202501;54
777;202501;171
778;202501;147
781;202501;88
783;202501;132
785;202501;61
790;202501;515
791;202501;113
831;202501;110
832;202501;114
833;202501;38
834;202501;133
837;202501;13516
844;202501;35
845;202501;64
846;202501;123
848;202501;159
849;202501;57
850;202501;59
851;202501;574
853;202501;9920
854;202501;57
857;202501;57
858;202501;992
859;202501;130
886;202501;265
887;202501;200
889;202501;51
890;202501;19
892;202501;105
893;202501;150
895;202501;399
905;202501;2533
908;202501;700
915;202501;807
918;202501;60
921;202501;58
922;202501;104
924;202501;53
925;202501;90
927;202501;730
931;202501;143
934;202501;49
935;202501;95
936;202501;149
946;202501;108
976;202501;94
977;202501;437
980;202501;697
981;202501;65
989;202501;142
992;202501;656
005;202502;192
009;202502;58
010;202502;288
016;202502;185
018;202502;94
019;202502;85
020;202502;514
046;202502;43
047;202502;44
049;202502;13058
050;202502;236
051;202502;173
052;202502;27
061;202502;638
069;202502;182
071;202502;143
072;202502;17
074;202502;24
075;202502;688
077;202502;111
078;202502;265
079;202502;265
081;202502;67
082;202502;171
086;202502;202
090;202502;99
091;202502;31526
092;202502;13309
097;202502;52
098;202502;549
102;202502;233
103;202502;68
105;202502;52
106;202502;1953
108;202502;279
109;202502;2537
111;202502;751
139;202502;271
140;202502;706
142;202502;175
143;202502;202
145;202502;299
146;202502;126
148;202502;111
149;202502;95
151;202502;33
152;202502;92
153;202502;1146
165;202502;413
167;202502;3815
169;202502;114
171;202502;124
172;202502;112
176;202502;167
177;202502;29
178;202502;111
179;202502;7953
181;202502;37
182;202502;773
186;202502;1711
199;202502;262
202;202502;678
204;202502;83
205;202502;1334
208;202502;244
211;202502;812
213;202502;146
214;202502;392
216;202502;36
217;202502;117
218;202502;25
224;202502;291
226;202502;88
230;202502;48
231;202502;27
232;202502;378
233;202502;314
235;202502;197
236;202502;79
239;202502;51
240;202502;857
241;202502;150
244;202502;401
245;202502;1759
249;202502;338
250;202502;31
256;202502;35
257;202502;1205
260;202502;334
261;202502;80
263;202502;204
265;202502;33
271;202502;258
272;202502;1496
273;202502;54
275;202502;61
276;202502;406
280;202502;39
284;202502;50
285;202502;2350
286;202502;2896
287;202502;82
288;202502;106
290;202502;183
291;202502;36
297;202502;4509
300;202502;38
301;202502;516
304;202502;14
305;202502;359
309;202502;319
312;202502;25
316;202502;158
317;202502;66
320;202502;193
322;202502;115
398;202502;6284
399;202502;154
400;202502;198
402;202502;263
403;202502;32
405;202502;2790
407;202502;68
408;202502;292
410;202502;483
416;202502;53
418;202502;642
420;202502;224
421;202502;8
422;202502;454
423;202502;312
425;202502;148
426;202502;413
430;202502;445
433;202502;139
434;202502;450
435;202502;25
436;202502;39
440;202502;42
441;202502;109
444;202502;1410
445;202502;274
475;202502;87
480;202502;44
481;202502;133
483;202502;22
484;202502;62
489;202502;58
491;202502;1778
494;202502;218
495;202502;37
498;202502;24
499;202502;247
500;202502;262
503;202502;168
504;202502;66
505;202502;487
507;202502;167
508;202502;283
529;202502;391
531;202502;182
535;202502;214
536;202502;1112
538;202502;76
541;202502;309
543;202502;1068
545;202502;126
560;202502;493
561;202502;23
562;202502;231
563;202502;190
564;202502;9514
576;202502;72
577;202502;203
578;202502;78
580;202502;119
581;202502;182
583;202502;6
584;202502;49
592;202502;111
593;202502;523
595;202502;81
598;202502;755
599;202502;113
601;202502;105
604;202502;535
607;202502;135
608;202502;60
609;202502;3286
611;202502;109
614;202502;72
615;202502;238
616;202502;53
619;202502;56
620;202502;87
623;202502;41
624;202502;136
625;202502;77
626;202502;145
630;202502;27
631;202502;46
635;202502;110
636;202502;185
638;202502;1725
678;202502;811
680;202502;734
681;202502;92
683;202502;61
684;202502;1173
686;202502;54
687;202502;35
689;202502;111
691;202502;46
694;202502;1172
697;202502;27
698;202502;1665
700;202502;130
702;202502;116
704;202502;80
707;202502;66
710;202502;793
729;202502;354
732;202502;71
734;202502;1632
738;202502;46
739;202502;78
740;202502;1267
742;202502;33
743;202502;2108
746;202502;115
747;202502;54
748;202502;112
749;202502;486
751;202502;50
753;202502;502
755;202502;103
758;202502;140
759;202502;25
761;202502;206
762;202502;99
765;202502;153
768;202502;53
777;202502;174
778;202502;153
781;202502;86
783;202502;137
785;202502;59
790;202502;494
791;202502;106
831;202502;111
832;202502;117
833;202502;36
834;202502;121
837;202502;13378
844;202502;37
845;202502;62
846;202502;115
848;202502;148
849;202502;57
850;202502;56
851;202502;584
853;202502;9865
854;202502;61
857;202502;61
858;202502;990
859;202502;126
886;202502;276
887;202502;191
889;202502;54
890;202502;19
892;202502;102
893;202502;151
895;202502;390
905;202502;2527
908;202502;684
915;202502;809
918;202502;58
921;202502;60
922;202502;99
924;202502;54
925;202502;86
927;202502;730
931;202502;149
934;202502;46
935;202502;94
936;202502;148
946;202502;110
976;202502;102
977;202502;440
980;202502;706
981;202502;71
989;202502;135
992;202502;660
005;202503;199
009;202503;62
010;202503;299
016;202503;179
018;202503;100
019;202503;87
020;202503;539
046;202503;43
047;202503;43
049;202503;13570
050;202503;239
051;202503;173
052;202503;32
061;202503;666
069;202503;185
071;202503;143
072;202503;16
074;202503;23
075;202503;720
077;202503;117
078;202503;275
079;202503;271
081;202503;70
082;202503;174
086;202503;214
090;202503;107
091;202503;32725
092;202503;13763
097;202503;53
098;202503;585
102;202503;246
103;202503;67
105;202503;51
106;202503;2005
108;202503;283
109;202503;2623
111;202503;760
139;202503;280
140;202503;716
142;202503;176
143;202503;201
145;202503;300
146;202503;136
148;202503;116
149;202503;100
151;202503;38
152;202503;99
153;202503;1201
165;202503;437
167;202503;3931
169;202503;122
171;202503;118
172;202503;127
176;202503;167
177;202503;31
178;202503;113
179;202503;8225
181;202503;36
182;202503;793
186;202503;1767
199;202503;280
202;202503;696
204;202503;82
205;202503;1368
208;202503;255
211;202503;858
213;202503;149
214;202503;409
216;202503;36
217;202503;126
218;202503;24
224;202503;296
226;202503;85
230;202503;54
231;202503;26
232;202503;392
233;202503;343
235;202503;213
236;202503;83
239;202503;50
240;202503;876
241;202503;156
244;202503;390
245;202503;1784
249;202503;345
250;202503;30
256;202503;36
257;202503;1229
260;202503;345
261;202503;83
263;202503;211
265;202503;33
271;202503;265
272;202503;1526
273;202503;50
275;202503;58
276;202503;427
280;202503;45
284;202503;52
285;202503;2386
286;202503;2993
287;202503;87
288;202503;105
290;202503;204
291;202503;36
297;202503;4713
300;202503;40
301;202503;524
304;202503;17
305;202503;359
309;202503;325
312;202503;26
316;202503;173
317;202503;63
320;202503;201
322;202503;124
398;202503;6473
399;202503;160
400;202503;191
402;202503;275
403;202503;38
405;202503;2922
407;202503;71
408;202503;297
410;202503;483
416;202503;63
418;202503;653
420;202503;234
421;202503;8
422;202503;475
423;202503;334
425;202503;138
426;202503;428
430;202503;462
433;202503;140
434;202503;474
435;202503;27
436;202503;41
440;202503;39
441;202503;106
444;202503;1451
445;202503;274
475;202503;90
480;202503;49
481;202503;148
483;202503;20
484;202503;57
489;202503;56
491;202503;1834
494;202503;229
495;202503;39
498;202503;22
499;202503;253
500;202503;264
503;202503;187
504;202503;72
505;202503;490
507;202503;179
508;202503;291
529;202503;408
531;202503;185
535;202503;214
536;202503;1154
538;202503;78
541;202503;313
543;202503;1085
545;202503;131
560;202503;513
561;202503;27
562;202503;244
563;202503;198
564;202503;9834
576;202503;74
577;202503;203
578;202503;80
580;202503;126
581;202503;184
583;202503;7
584;202503;50
592;202503;116
593;202503;554
595;202503;87
598;202503;776
599;202503;112
601;202503;107
604;202503;564
607;202503;144
608;202503;57
609;202503;3370
611;202503;112
614;202503;73
615;202503;240
616;202503;53
619;202503;61
620;202503;92
623;202503;38
624;202503;139
625;202503;87
626;202503;163
630;202503;31
631;202503;50
635;202503;114
636;202503;199
638;202503;1773
678;202503;816
680;202503;763
681;202503;93
683;202503;64
684;202503;1222
686;202503;56
687;202503;36
689;202503;116
691;202503;50
694;202503;1173
697;202503;27
698;202503;1742
700;202503;133
702;202503;118
704;202503;83
707;202503;63
710;202503;817
729;202503;358
732;202503;75
734;202503;1698
738;202503;52
739;202503;78
740;202503;1336
742;202503;36
743;202503;2200
746;202503;121
747;202503;54
748;202503;121
749;202503;492
751;202503;54
753;202503;544
755;202503;115
758;202503;137
759;202503;27
761;202503;205
762;202503;101
765;202503;155
768;202503;52
777;202503;195
778;202503;155
781;202503;85
783;202503;144
785;202503;69
790;202503;520
791;202503;105
831;202503;109
832;202503;117
833;202503;38
834;202503;129
837;202503;13823
844;202503;42
845;202503;63
846;202503;128
848;202503;166
849;202503;64
850;202503;61
851;202503;592
853;202503;10210
854;202503;64
857;202503;69
858;202503;1022
859;202503;130
886;202503;285
887;202503;195
889;202503;57
890;202503;18
892;202503;102
893;202503;164
895;202503;401
905;202503;2610
908;202503;715
915;202503;809
918;202503;60
921;202503;61
922;202503;97
924;202503;60
925;202503;86
927;202503;774
931;202503;147
934;202503;53
935;202503;101
936;202503;143
946;202503;110
976;202503;105
977;202503;462
980;202503;727
981;202503;65
989;202503;146
992;202503;680
005;202504;210
009;202504;63
010;202504;290
016;202504;185
018;202504;104
019;202504;82
020;202504;543
046;202504;45
047;202504;42
049;202504;13703
050;202504;245
051;202504;167
052;202504;31
061;202504;664
069;202504;193
071;202504;147
072;202504;14
074;202504;27
075;202504;733
077;202504;126
078;202504;273
079;202504;270
081;202504;70
082;202504;171
086;202504;208
090;202504;106
091;202504;33118
092;202504;14000
097;202504;51
098;202504;598
102;202504;251
103;202504;64
105;202504;57
106;202504;2008
108;202504;279
109;202504;2633
111;202504;758
139;202504;289
140;202504;732
142;202504;187
143;202504;206
145;202504;319
146;202504;136
148;202504;124
149;202504;97
151;202504;40
152;202504;107
153;202504;1189
165;202504;450
167;202504;3901
169;202504;123
171;202504;125
172;202504;122
176;202504;165
177;202504;32
178;202504;110
179;202504;8336
181;202504;37
182;202504;797
186;202504;1805
199;202504;286
202;202504;719
204;202504;82
205;202504;1397
208;202504;254
211;202504;893
213;202504;153
214;202504;409
216;202504;38
217;202504;131
218;202504;26
224;202504;306
226;202504;84
230;202504;49
231;202504;28
232;202504;397
233;202504;365
235;202504;212
236;202504;84
239;202504;48
240;202504;884
241;202504;158
244;202504;414
245;202504;1808
249;202504;357
250;202504;34
256;202504;40
257;202504;1236
260;202504;360
261;202504;87
263;202504;211
265;202504;36
271;202504;263
272;202504;1525
273;202504;50
275;202504;63
276;202504;425
280;202504;46
284;202504;51
285;202504;2419
286;202504;3019
287;202504;95
288;202504;112
290;202504;192
291;202504;37
297;202504;4757
300;202504;43
301;202504;530
304;202504;15
305;202504;386
309;202504;331
312;202504;26
316;202504;172
317;202504;64
320;202504;196
322;202504;132
398;202504;6513
399;202504;163
400;202504;186
402;202504;279
403;202504;37
405;202504;2970
407;202504;63
408;202504;309
410;202504;490
416;202504;60
418;202504;655
420;202504;239
421;202504;9
422;202504;475
423;202504;334
425;202504;149
426;202504;433
430;202504;473
433;202504;149
434;202504;479
435;202504;24
436;202504;37
440;202504;44
441;202504;110
444;202504;1459
445;202504;273
475;202504;84
480;202504;51
481;202504;150
483;202504;20
484;202504;60
489;202504;59
491;202504;1842
494;202504;239
495;202504;38
498;202504;27
499;202504;260
500;202504;273
503;202504;186
504;202504;70
505;202504;488
507;202504;190
508;202504;298
529;202504;405
531;202504;189
535;202504;218
536;202504;1168
538;202504;76
541;202504;323
543;202504;1091
545;202504;122
560;202504;515
561;202504;27
562;202504;249
563;202504;206
564;202504;10052
576;202504;77
577;202504;197
578;202504;78
580;202504;127
581;202504;180
583;202504;7
584;202504;54
592;202504;113
593;202504;551
595;202504;85
598;202504;786
599;202504;120
601;202504;105
604;202504;567
607;202504;143
608;202504;53
609;202504;3428
611;202504;115
614;202504;71
615;202504;248
616;202504;58
619;202504;60
620;202504;95
623;202504;39
624;202504;132
625;202504;85
626;202504;163
630;202504;32
631;202504;46
635;202504;110
636;202504;201
638;202504;1787
678;202504;854
680;202504;784
681;202504;93
683;202504;69
684;202504;1217
686;202504;57
687;202504;38
689;202504;118
691;202504;52
694;202504;1191
697;202504;24
698;202504;1824
700;202504;131
702;202504;120
704;202504;82
707;202504;67
710;202504;811
729;202504;353
732;202504;70
734;202504;1715
738;202504;49
739;202504;83
740;202504;1322
742;202504;36
743;202504;2193
746;202504;109
747;202504;53
748;202504;124
749;202504;523
751;202504;53
753;202504;546
755;202504;116
758;202504;142
759;202504;31
761;202504;205
762;202504;104
765;202504;159
768;202504;57
777;202504;193
778;202504;161
781;202504;88
783;202504;147
785;202504;70
790;202504;524
791;202504;104
831;202504;108
832;202504;115
833;202504;36
834;202504;127
837;202504;13989
844;202504;42
845;202504;60
846;202504;122
848;202504;166
849;202504;62
850;202504;57
851;202504;612
853;202504;10304
854;202504;67
857;202504;69
858;202504;1029
859;202504;126
886;202504;286
887;202504;211
889;202504;59
890;202504;19
892;202504;104
893;202504;161
895;202504;430
905;202504;2649
908;202504;708
915;202504;819
918;202504;61
921;202504;58
922;202504;91
924;202504;62
925;202504;87
927;202504;756
931;202504;146
934;202504;53
935;202504;103
936;202504;155
946;202504;103
976;202504;111
977;202504;450
980;202504;746
981;202504;75
989;202504;143
992;202504;683
005;202505;194
009;202505;60
010;202505;293
016;202505;185
018;202505;98
019;202505;75
020;202505;521
046;202505;41
047;202505;42
049;202505;13539
050;202505;229
051;202505;163
052;202505;28
061;202505;664
069;202505;185
071;202505;143
072;202505;14
074;202505;25
075;202505;715
077;202505;117
078;202505;268
079;202505;264
081;202505;67
082;202505;170
086;202505;197
090;202505;110
091;202505;32747
092;202505;13769
097;202505;52
098;202505;564
102;202505;240
103;202505;66
105;202505;53
106;202505;1988
108;202505;266
109;202505;2574
111;202505;752
139;202505;280
140;202505;711
142;202505;176
143;202505;199
145;202505;302
146;202505;137
148;202505;124
149;202505;90
151;202505;38
152;202505;101
153;202505;1193
165;202505;444
167;202505;3864
169;202505;126
171;202505;108
172;202505;111
176;202505;152
177;202505;30
178;202505;106
179;202505;8179
181;202505;38
182;202505;763
186;202505;1746
199;202505;247
202;202505;684
204;202505;75
205;202505;1381
208;202505;240
211;202505;856
213;202505;154
214;202505;387
216;202505;33
217;202505;119
218;202505;26
224;202505;301
226;202505;84
230;202505;47
231;202505;30
232;202505;388
233;202505;352
235;202505;214
236;202505;85
239;202505;47
240;202505;867
241;202505;152
244;202505;399
245;202505;1755
249;202505;338
250;202505;32
256;202505;40
257;202505;1222
260;202505;349
261;202505;89
263;202505;216
265;202505;37
271;202505;241
272;202505;1490
273;202505;45
275;202505;57
276;202505;425
280;202505;42
284;202505;50
285;202505;2330
286;202505;2937
287;202505;90
288;202505;108
290;202505;184
291;202505;34
297;202505;4664
300;202505;46
301;202505;502
304;202505;17
305;202505;388
309;202505;326
312;202505;25
316;202505;159
317;202505;60
320;202505;184
322;202505;121
398;202505;6364
399;202505;157
400;202505;188
402;202505;259
403;202505;32
405;202505;2885
407;202505;69
408;202505;293
410;202505;480
416;202505;65
418;202505;637
420;202505;229
421;202505;10
422;202505;474
423;202505;326
425;202505;148
426;202505;425
430;202505;460
433;202505;132
434;202505;457
435;202505;26
436;202505;33
440;202505;43
441;202505;103
444;202505;1417
445;202505;258
475;202505;77
480;202505;50
481;202505;139
483;202505;21
484;202505;57
489;202505;55
491;202505;1770
494;202505;229
495;202505;33
498;202505;30
499;202505;259
500;202505;266
503;202505;179
504;202505;67
505;202505;474
507;202505;187
508;202505;291
529;202505;391
531;202505;182
535;202505;206
536;202505;1182
538;202505;76
541;202505;315
543;202505;1069
545;202505;117
560;202505;484
561;202505;24
562;202505;254
563;202505;207
564;202505;9903
576;202505;76
577;202505;184
578;202505;76
580;202505;123
581;202505;171
583;202505;6
584;202505;51
592;202505;117
593;202505;522
595;202505;86
598;202505;753
599;202505;116
601;202505;103
604;202505;572
607;202505;140
608;202505;51
609;202505;3358
611;202505;115
614;202505;77
615;202505;250
616;202505;54
619;202505;57
620;202505;106
623;202505;41
624;202505;134
625;202505;76
626;202505;156
630;202505;28
631;202505;44
635;202505;111
636;202505;191
638;202505;1724
678;202505;859
680;202505;775
681;202505;93
683;202505;79
684;202505;1178
686;202505;52
687;202505;40
689;202505;116
691;202505;51
694;202505;1177
697;202505;27
698;202505;1834
700;202505;126
702;202505;116
704;202505;79
707;202505;61
710;202505;803
729;202505;337
732;202505;69
734;202505;1678
738;202505;47
739;202505;77
740;202505;1301
742;202505;37
743;202505;2136
746;202505;103
747;202505;46
748;202505;116
749;202505;498
751;202505;51
753;202505;531
755;202505;112
758;202505;145
759;202505;29
761;202505;210
762;202505;101
765;202505;150
768;202505;56
777;202505;189
778;202505;151
781;202505;78
783;202505;143
785;202505;72
790;202505;521
791;202505;106
831;202505;106
832;202505;106
833;202505;36
834;202505;125
837;202505;13764
844;202505;46
845;202505;61
846;202505;116
848;202505;169
849;202505;68
850;202505;55
851;202505;607
853;202505;10126
854;202505;58
857;202505;70
858;202505;994
859;202505;128
886;202505;279
887;202505;203
889;202505;63
890;202505;21
892;202505;101
893;202505;152
895;202505;422
905;202505;2567
908;202505;681
915;202505;811
918;202505;61
921;202505;56
922;202505;93
924;202505;60
925;202505;84
927;202505;753
931;202505;147
934;202505;53
935;202505;100
936;202505;154
946;202505;102
976;202505;109
977;202505;432
980;202505;744
981;202505;71
989;202505;137
992;202505;671
005;202506;185
009;202506;59
010;202506;275
016;202506;183
018;202506;91
019;202506;82
020;202506;508
046;202506;39
047;202506;36
049;202506;13559
050;202506;226
051;202506;160
052;202506;29
061;202506;664
069;202506;175
071;202506;142
072;202506;12
074;202506;22
075;202506;694
077;202506;116
078;202506;260
079;202506;260
081;202506;60
082;202506;167
086;202506;198
090;202506;105
091;202506;33142
092;202506;13830
097;202506;54
098;202506;552
102;202506;241
103;202506;71
105;202506;51
106;202506;1986
108;202506;273
109;202506;2533
111;202506;745
139;202506;274
140;202506;704
142;202506;172
143;202506;195
145;202506;292
146;202506;129
148;202506;128
149;202506;88
151;202506;39
152;202506;95
153;202506;1163
165;202506;450
167;202506;3843
169;202506;120
171;202506;111
172;202506;110
176;202506;147
177;202506;29
178;202506;96
179;202506;8111
181;202506;38
182;202506;758
186;202506;1767
199;202506;241
202;202506;673
204;202506;76
205;202506;1349
208;202506;233
211;202506;864
213;202506;145
214;202506;380
216;202506;34
217;202506;110
218;202506;27
224;202506;301
226;202506;84
230;202506;46
231;202506;29
232;202506;385
233;202506;325
235;202506;221
236;202506;79
239;202506;47
240;202506;854
241;202506;145
244;202506;391
245;202506;1770
249;202506;335
250;202506;35
256;202506;40
257;202506;1261
260;202506;351
261;202506;102
263;202506;209
265;202506;36
271;202506;228
272;202506;1467
273;202506;52
275;202506;54
276;202506;409
280;202506;41
284;202506;49
285;202506;2288
286;202506;2868
287;202506;84
288;202506;103
290;202506;186
291;202506;31
297;202506;4669
300;202506;42
301;202506;484
304;202506;15
305;202506;394
309;202506;333
312;202506;22
316;202506;160
317;202506;60
320;202506;182
322;202506;123
398;202506;6353
399;202506;144
400;202506;178
402;202506;257
403;202506;34
405;202506;2865
407;202506;69
408;202506;282
410;202506;473
416;202506;62
418;202506;639
420;202506;233
421;202506;10
422;202506;461
423;202506;325
425;202506;154
426;202506;404
430;202506;476
433;202506;140
434;202506;456
435;202506;20
436;202506;34
440;202506;39
441;202506;107
444;202506;1409
445;202506;260
475;202506;75
478;202506;4
480;202506;47
481;202506;138
483;202506;22
484;202506;59
489;202506;55
491;202506;1750
494;202506;225
495;202506;34
498;202506;31
499;202506;252
500;202506;261
503;202506;178
504;202506;65
505;202506;474
507;202506;177
508;202506;298
529;202506;389
531;202506;186
535;202506;191
536;202506;1171
538;202506;71
541;202506;304
543;202506;1076
545;202506;111
560;202506;476
561;202506;25
562;202506;243
563;202506;185
564;202506;9905
576;202506;79
577;202506;189
578;202506;74
580;202506;109
581;202506;161
583;202506;12
584;202506;50
592;202506;114
593;202506;494
595;202506;82
598;202506;738
599;202506;108
601;202506;96
604;202506;580
607;202506;136
608;202506;53
609;202506;3336
611;202506;107
614;202506;71
615;202506;242
616;202506;55
619;202506;52
620;202506;98
623;202506;39
624;202506;128
625;202506;80
626;202506;156
630;202506;27
631;202506;43
635;202506;111
636;202506;194
638;202506;1691
678;202506;822
680;202506;772
681;202506;91
683;202506;76
684;202506;1159
686;202506;53
687;202506;39
689;202506;103
691;202506;48
694;202506;1181
697;202506;27
698;202506;1868
700;202506;131
702;202506;111
704;202506;75
707;202506;56
710;202506;782
729;202506;330
732;202506;74
734;202506;1668
738;202506;48
739;202506;70
740;202506;1242
742;202506;34
743;202506;2125
746;202506;107
747;202506;49
748;202506;107
749;202506;490
751;202506;48
753;202506;527
755;202506;117
758;202506;146
759;202506;28
761;202506;210
762;202506;101
765;202506;152
768;202506;48
777;202506;185
778;202506;145
781;202506;79
783;202506;144
785;202506;75
790;202506;506
791;202506;104
831;202506;105
832;202506;107
833;202506;35
834;202506;121
837;202506;13773
844;202506;46
845;202506;62
846;202506;114
848;202506;170
849;202506;62
850;202506;51
851;202506;567
853;202506;10128
854;202506;59
857;202506;63
858;202506;1012
859;202506;135
886;202506;277
887;202506;195
889;202506;61
890;202506;23
892;202506;104
893;202506;143
895;202506;421
905;202506;2542
908;202506;694
915;202506;783
918;202506;55
921;202506;52
922;202506;89
924;202506;60
925;202506;80
927;202506;757
931;202506;135
934;202506;52
935;202506;96
936;202506;151
946;202506;104
976;202506;100
977;202506;404
980;202506;753
981;202506;79
989;202506;126
992;202506;665
005;202507;184
009;202507;63
010;202507;264
016;202507;198
018;202507;101
019;202507;88
020;202507;519
046;202507;40
047;202507;36
049;202507;13966
050;202507;244
051;202507;165
052;202507;24
061;202507;687
069;202507;176
071;202507;143
072;202507;11
074;202507;23
075;202507;705
077;202507;112
078;202507;256
079;202507;255
081;202507;61
082;202507;171
086;202507;202
090;202507;102
091;202507;34300
092;202507;14168
097;202507;46
098;202507;560
102;202507;248
103;202507;69
105;202507;48
106;202507;2040
108;202507;284
109;202507;2581
111;202507;741
139;202507;278
140;202507;702
142;202507;175
143;202507;207
145;202507;289
146;202507;125
148;202507;125
149;202507;92
151;202507;33
152;202507;97
153;202507;1168
165;202507;449
167;202507;4025
169;202507;131
171;202507;107
172;202507;104
176;202507;152
177;202507;29
178;202507;97
179;202507;8491
181;202507;39
182;202507;771
186;202507;1808
199;202507;208
202;202507;739
204;202507;76
205;202507;1415
208;202507;253
211;202507;921
213;202507;136
214;202507;399
216;202507;31
217;202507;115
218;202507;23
224;202507;302
226;202507;91
230;202507;47
231;202507;27
232;202507;379
233;202507;316
235;202507;232
236;202507;80
239;202507;48
240;202507;862
241;202507;141
244;202507;425
245;202507;1831
249;202507;342
250;202507;37
256;202507;37
257;202507;1305
260;202507;346
261;202507;107
263;202507;207
265;202507;31
271;202507;237
272;202507;1510
273;202507;51
275;202507;55
276;202507;432
280;202507;34
284;202507;52
285;202507;2327
286;202507;2964
287;202507;88
288;202507;111
290;202507;191
291;202507;31
297;202507;4767
300;202507;41
301;202507;487
304;202507;14
305;202507;401
309;202507;328
312;202507;22
316;202507;153
317;202507;57
320;202507;185
322;202507;124
398;202507;6448
399;202507;143
400;202507;160
402;202507;265
403;202507;33
405;202507;2929
407;202507;71
408;202507;299
410;202507;516
416;202507;67
418;202507;670
420;202507;240
421;202507;10
422;202507;455
423;202507;340
425;202507;159
426;202507;425
430;202507;484
433;202507;143
434;202507;458
435;202507;20
436;202507;32
440;202507;43
441;202507;109
444;202507;1446
445;202507;252
475;202507;76
478;202507;4
480;202507;53
481;202507;145
483;202507;22
484;202507;59
489;202507;59
491;202507;1782
494;202507;232
495;202507;38
498;202507;30
499;202507;261
500;202507;285
503;202507;189
504;202507;68
505;202507;485
507;202507;174
508;202507;307
529;202507;413
531;202507;193
535;202507;205
536;202507;1241
538;202507;79
541;202507;298
543;202507;1105
545;202507;103
560;202507;491
561;202507;31
562;202507;242
563;202507;194
564;202507;10313
576;202507;79
577;202507;209
578;202507;77
580;202507;116
581;202507;172
583;202507;12
584;202507;48
592;202507;112
593;202507;517
595;202507;88
598;202507;731
599;202507;118
601;202507;99
604;202507;576
607;202507;147
608;202507;50
609;202507;3456
611;202507;113
614;202507;67
615;202507;245
616;202507;57
619;202507;49
620;202507;88
623;202507;36
624;202507;127
625;202507;80
626;202507;154
630;202507;26
631;202507;50
635;202507;115
636;202507;191
638;202507;1742
678;202507;847
680;202507;799
681;202507;100
683;202507;70
684;202507;1158
686;202507;55
687;202507;42
689;202507;104
691;202507;42
694;202507;1204
697;202507;24
698;202507;1936
700;202507;127
702;202507;112
704;202507;86
707;202507;54
710;202507;790
729;202507;321
732;202507;78
734;202507;1669
738;202507;48
739;202507;65
740;202507;1226
742;202507;33
743;202507;2196
746;202507;106
747;202507;48
748;202507;119
749;202507;512
751;202507;51
753;202507;539
755;202507;127
758;202507;148
759;202507;29
761;202507;218
762;202507;107
765;202507;153
768;202507;46
777;202507;173
778;202507;146
781;202507;79
783;202507;137
785;202507;71
790;202507;510
791;202507;112
831;202507;109
832;202507;104
833;202507;38
834;202507;120
837;202507;14449
844;202507;46
845;202507;64
846;202507;114
848;202507;174
849;202507;67
850;202507;50
851;202507;587
853;202507;10578
854;202507;55
857;202507;67
858;202507;1057
859;202507;132
886;202507;299
887;202507;201
889;202507;66
890;202507;23
892;202507;100
893;202507;134
895;202507;437
905;202507;2587
908;202507;727
915;202507;791
918;202507;54
921;202507;49
922;202507;101
924;202507;60
925;202507;85
927;202507;791
931;202507;130
934;202507;51
935;202507;94
936;202507;160
946;202507;100
976;202507;97
977;202507;401
980;202507;807
981;202507;77
989;202507;131
992;202507;698
005;202508;176
009;202508;64
010;202508;258
016;202508;185
018;202508;96
019;202508;99
020;202508;529
046;202508;35
047;202508;36
049;202508;14120
050;202508;237
051;202508;162
052;202508;26
061;202508;682
069;202508;165
071;202508;144
072;202508;7
074;202508;26
075;202508;675
077;202508;108
078;202508;252
079;202508;253
081;202508;55
082;202508;172
086;202508;206
090;202508;103
091;202508;34501
092;202508;14234
097;202508;45
098;202508;564
102;202508;241
103;202508;72
105;202508;47
106;202508;2034
108;202508;270
109;202508;2551
111;202508;718
139;202508;278
140;202508;708
142;202508;173
143;202508;211
145;202508;283
146;202508;119
148;202508;126
149;202508;87
151;202508;38
152;202508;97
153;202508;1151
165;202508;462
167;202508;3975
169;202508;130
171;202508;105
172;202508;107
176;202508;149
177;202508;35
178;202508;100
179;202508;8374
181;202508;42
182;202508;743
186;202508;1830
199;202508;216
202;202508;736
204;202508;77
205;202508;1386
208;202508;257
211;202508;915
213;202508;130
214;202508;393
216;202508;31
217;202508;116
218;202508;27
224;202508;304
226;202508;93
230;202508;46
231;202508;27
232;202508;402
233;202508;325
235;202508;226
236;202508;83
239;202508;42
240;202508;849
241;202508;142
244;202508;443
245;202508;1849
249;202508;339
250;202508;36
256;202508;42
257;202508;1321
260;202508;342
261;202508;113
263;202508;205
265;202508;39
271;202508;234
272;202508;1498
273;202508;51
275;202508;61
276;202508;430
280;202508;39
284;202508;55
285;202508;2302
286;202508;2890
287;202508;86
288;202508;116
290;202508;179
291;202508;31
297;202508;4808
300;202508;38
301;202508;484
304;202508;15
305;202508;407
309;202508;327
312;202508;27
316;202508;151
317;202508;56
320;202508;185
322;202508;132
398;202508;6447
399;202508;150
400;202508;167
402;202508;274
403;202508;29
405;202508;2856
407;202508;66
408;202508;286
410;202508;512
416;202508;63
418;202508;658
420;202508;236
421;202508;7
422;202508;446
423;202508;351
425;202508;164
426;202508;420
430;202508;480
433;202508;149
434;202508;460
435;202508;18
436;202508;38
440;202508;49
441;202508;108
444;202508;1455
445;202508;250
475;202508;84
480;202508;55
481;202508;142
483;202508;21
484;202508;63
489;202508;58
491;202508;1783
494;202508;223
495;202508;37
498;202508;27
499;202508;279
500;202508;274
503;202508;190
504;202508;66
505;202508;485
507;202508;170
508;202508;315
529;202508;404
531;202508;189
535;202508;201
536;202508;1214
538;202508;80
541;202508;294
543;202508;1119
545;202508;105
560;202508;489
561;202508;32
562;202508;241
563;202508;196
564;202508;10308
576;202508;73
577;202508;217
578;202508;80
580;202508;106
581;202508;168
583;202508;12
584;202508;48
592;202508;114
593;202508;511
595;202508;80
598;202508;734
599;202508;132
601;202508;100
604;202508;581
607;202508;142
608;202508;55
609;202508;3458
611;202508;126
614;202508;73
615;202508;251
616;202508;57
619;202508;58
620;202508;91
623;202508;37
624;202508;122
625;202508;76
626;202508;155
630;202508;25
631;202508;46
635;202508;120
636;202508;193
638;202508;1743
678;202508;838
680;202508;796
681;202508;94
683;202508;67
684;202508;1159
686;202508;55
687;202508;41
689;202508;106
691;202508;41
694;202508;1216
697;202508;24
698;202508;1943
700;202508;123
702;202508;109
704;202508;78
707;202508;57
710;202508;805
729;202508;334
732;202508;72
734;202508;1690
738;202508;53
739;202508;64
740;202508;1195
742;202508;32
743;202508;2186
746;202508;113
747;202508;43
748;202508;111
749;202508;475
751;202508;49
753;202508;524
755;202508;128
758;202508;150
759;202508;26
761;202508;212
762;202508;101
765;202508;140
768;202508;46
777;202508;171
778;202508;148
781;202508;81
783;202508;134
785;202508;71
790;202508;510
791;202508;107
831;202508;104
832;202508;96
833;202508;40
834;202508;126
837;202508;14446
844;202508;44
845;202508;63
846;202508;119
848;202508;170
849;202508;66
850;202508;52
851;202508;589
853;202508;10624
854;202508;58
857;202508;72
858;202508;1063
859;202508;134
886;202508;300
887;202508;185
889;202508;63
890;202508;25
892;202508;102
893;202508;144
895;202508;442
905;202508;2633
908;202508;733
915;202508;776
918;202508;58
921;202508;53
922;202508;98
924;202508;58
925;202508;75
927;202508;792
931;202508;134
934;202508;51
935;202508;94
936;202508;159
946;202508;104
976;202508;97
977;202508;418
980;202508;818
981;202508;80
989;202508;129
992;202508;681
005;202509;202
009;202509;64
010;202509;261
016;202509;176
018;202509;99
019;202509;95
020;202509;511
046;202509;37
047;202509;36
049;202509;14050
050;202509;249
051;202509;172
052;202509;30
061;202509;682
069;202509;168
071;202509;137
072;202509;12
074;202509;26
075;202509;673
077;202509;120
078;202509;257
079;202509;257
081;202509;58
082;202509;158
086;202509;192
090;202509;105
091;202509;34448
092;202509;14097
097;202509;44
098;202509;565
102;202509;255
103;202509;70
105;202509;50
106;202509;1988
108;202509;269
109;202509;2545
111;202509;723
139;202509;283
140;202509;718
142;202509;171
143;202509;208
145;202509;283
146;202509;120
148;202509;120
149;202509;89
151;202509;42
152;202509;93
153;202509;1135
165;202509;464
167;202509;3905
169;202509;123
171;202509;104
172;202509;99
176;202509;158
177;202509;35
178;202509;101
179;202509;8194
181;202509;42
182;202509;758
186;202509;1791
199;202509;252
202;202509;709
204;202509;79
205;202509;1351
208;202509;252
211;202509;902
213;202509;145
214;202509;401
216;202509;31
217;202509;116
218;202509;30
224;202509;303
226;202509;100
230;202509;47
231;202509;25
232;202509;389
233;202509;326
235;202509;224
236;202509;79
239;202509;47
240;202509;876
241;202509;137
244;202509;412
245;202509;1856
249;202509;346
250;202509;38
256;202509;42
257;202509;1310
260;202509;344
261;202509;108
263;202509;206
265;202509;35
271;202509;232
272;202509;1483
273;202509;51
275;202509;64
276;202509;414
280;202509;34
284;202509;52
285;202509;2316
286;202509;2897
287;202509;85
288;202509;114
290;202509;184
291;202509;34
297;202509;4788
300;202509;43
301;202509;487
304;202509;17
305;202509;410
309;202509;322
312;202509;23
316;202509;143
317;202509;59
320;202509;192
322;202509;128
398;202509;6332
399;202509;151
400;202509;177
402;202509;274
403;202509;31
405;202509;2849
407;202509;66
408;202509;293
410;202509;497
416;202509;72
418;202509;659
420;202509;232
421;202509;9
422;202509;433
423;202509;362
425;202509;151
426;202509;424
430;202509;489
433;202509;155
434;202509;435
435;202509;20
436;202509;32
440;202509;47
441;202509;106
444;202509;1426
445;202509;255
475;202509;82
480;202509;52
481;202509;141
483;202509;22
484;202509;58
489;202509;64
491;202509;1802
494;202509;218
495;202509;35
498;202509;34
499;202509;269
500;202509;278
503;202509;184
504;202509;67
505;202509;483
507;202509;177
508;202509;304
529;202509;429
531;202509;181
535;202509;194
536;202509;1218
538;202509;83
541;202509;298
543;202509;1110
545;202509;119
560;202509;488
561;202509;29
562;202509;244
563;202509;190
564;202509;10092
576;202509;69
577;202509;214
578;202509;78
580;202509;101
581;202509;169
583;202509;11
584;202509;52
592;202509;112
593;202509;529
595;202509;87
598;202509;730
599;202509;123
601;202509;98
604;202509;577
607;202509;145
608;202509;54
609;202509;3450
611;202509;119
614;202509;78
615;202509;238
616;202509;56
619;202509;58
620;202509;90
623;202509;39
624;202509;125
625;202509;77
626;202509;149
630;202509;28
631;202509;44
635;202509;109
636;202509;179
638;202509;1749
678;202509;825
680;202509;828
681;202509;104
683;202509;65
684;202509;1176
686;202509;55
687;202509;42
689;202509;106
691;202509;45
694;202509;1170
697;202509;24
698;202509;1880
700;202509;120
702;202509;113
704;202509;87
707;202509;62
710;202509;803
729;202509;322
732;202509;66
734;202509;1683
738;202509;47
739;202509;66
740;202509;1194
742;202509;30
743;202509;2189
746;202509;101
747;202509;46
748;202509;119
749;202509;496
751;202509;52
753;202509;529
755;202509;115
758;202509;155
759;202509;28
761;202509;211
762;202509;97
765;202509;148
768;202509;48
777;202509;174
778;202509;151
781;202509;78
783;202509;139
785;202509;71
790;202509;518
791;202509;109
831;202509;113
832;202509;100
833;202509;33
834;202509;122
837;202509;14088
844;202509;41
845;202509;63
846;202509;122
848;202509;168
849;202509;65
850;202509;48
851;202509;564
853;202509;10626
854;202509;54
857;202509;74
858;202509;1052
859;202509;132
886;202509;282
887;202509;200
889;202509;63
890;202509;23
892;202509;97
893;202509;134
895;202509;449
905;202509;2642
908;202509;724
915;202509;767
918;202509;59
921;202509;48
922;202509;100
924;202509;54
925;202509;81
927;202509;778
931;202509;148
934;202509;52
935;202509;90
936;202509;156
946;202509;106
976;202509;93
977;202509;414
980;202509;795
981;202509;80
989;202509;123
992;202509;692
005;202510;207
009;202510;67
010;202510;264
016;202510;186
018;202510;103
019;202510;95
020;202510;536
046;202510;43
047;202510;34
049;202510;14438
050;202510;260
051;202510;164
052;202510;29
061;202510;707
069;202510;179
071;202510;148
072;202510;15
074;202510;24
075;202510;702
077;202510;123
078;202510;276
079;202510;273
081;202510;53
082;202510;168
086;202510;207
090;202510;112
091;202510;35221
092;202510;14507
097;202510;54
098;202510;585
102;202510;257
103;202510;71
105;202510;52
106;202510;2045
108;202510;283
109;202510;2623
111;202510;724
139;202510;298
140;202510;751
142;202510;185
143;202510;207
145;202510;285
146;202510;136
148;202510;125
149;202510;91
151;202510;45
152;202510;95
153;202510;1226
165;202510;474
167;202510;4013
169;202510;133
171;202510;101
172;202510;110
176;202510;170
177;202510;36
178;202510;96
179;202510;8472
181;202510;42
182;202510;792
186;202510;1835
199;202510;224
202;202510;721
204;202510;83
205;202510;1397
208;202510;261
211;202510;932
213;202510;156
214;202510;405
216;202510;28
217;202510;114
218;202510;27
224;202510;302
226;202510;102
230;202510;46
231;202510;25
232;202510;422
233;202510;342
235;202510;237
236;202510;79
239;202510;49
240;202510;907
241;202510;153
244;202510;427
245;202510;1892
249;202510;380
250;202510;37
256;202510;43
257;202510;1351
260;202510;367
261;202510;111
263;202510;219
265;202510;38
271;202510;240
272;202510;1599
273;202510;52
275;202510;74
276;202510;437
280;202510;38
284;202510;53
285;202510;2404
286;202510;3006
287;202510;83
288;202510;119
290;202510;191
291;202510;40
297;202510;4957
300;202510;46
301;202510;493
304;202510;19
305;202510;430
309;202510;332
312;202510;22
316;202510;156
317;202510;62
320;202510;215
322;202510;129
398;202510;6530
399;202510;148
400;202510;187
402;202510;276
403;202510;36
405;202510;3013
407;202510;71
408;202510;305
410;202510;516
416;202510;72
418;202510;679
420;202510;236
421;202510;11
422;202510;470
423;202510;362
425;202510;148
426;202510;427
430;202510;505
433;202510;159
434;202510;462
435;202510;20
436;202510;34
440;202510;52
441;202510;106
444;202510;1464
445;202510;270
475;202510;78
480;202510;53
481;202510;138
483;202510;21
484;202510;63
489;202510;69
491;202510;1877
494;202510;221
495;202510;39
498;202510;29
499;202510;271
500;202510;289
503;202510;191
504;202510;70
505;202510;488
507;202510;191
508;202510;308
529;202510;429
531;202510;185
535;202510;208
536;202510;1248
538;202510;83
541;202510;312
543;202510;1152
545;202510;131
560;202510;508
561;202510;29
562;202510;259
563;202510;188
564;202510;10282
576;202510;73
577;202510;222
578;202510;80
580;202510;108
581;202510;176
583;202510;12
584;202510;52
592;202510;119
593;202510;566
595;202510;89
598;202510;774
599;202510;133
601;202510;100
604;202510;592
607;202510;148
608;202510;59
609;202510;3597
611;202510;118
614;202510;79
615;202510;246
616;202510;56
619;202510;62
620;202510;98
623;202510;40
624;202510;136
625;202510;81
626;202510;147
630;202510;32
631;202510;42
635;202510;105
636;202510;193
638;202510;1815
678;202510;893
680;202510;824
681;202510;105
683;202510;74
684;202510;1220
686;202510;54
687;202510;44
689;202510;109
691;202510;41
694;202510;1215
697;202510;27
698;202510;1860
700;202510;129
702;202510;119
704;202510;87
707;202510;71
710;202510;830
729;202510;347
732;202510;73
734;202510;1767
738;202510;51
739;202510;64
740;202510;1266
742;202510;32
743;202510;2244
746;202510;103
747;202510;48
748;202510;116
749;202510;504
751;202510;50
753;202510;561
755;202510;123
758;202510;153
759;202510;27
761;202510;215
762;202510;101
765;202510;161
768;202510;54
777;202510;194
778;202510;153
781;202510;79
783;202510;145
785;202510;70
790;202510;552
791;202510;113
831;202510;112
832;202510;101
833;202510;39
834;202510;133
837;202510;14437
844;202510;45
845;202510;59
846;202510;124
848;202510;173
849;202510;63
850;202510;55
851;202510;609
853;202510;10963
854;202510;53
857;202510;76
858;202510;1083
859;202510;132
886;202510;306
887;202510;200
889;202510;69
890;202510;22
892;202510;105
893;202510;150
895;202510;455
905;202510;2675
908;202510;773
915;202510;814
918;202510;63
921;202510;52
922;202510;106
924;202510;58
925;202510;79
927;202510;798
931;202510;152
934;202510;56
935;202510;89
936;202510;175
946;202510;117
976;202510;105
977;202510;417
980;202510;809
981;202510;87
989;202510;124
992;202510;720
005;202511;199
009;202511;68
010;202511;279
016;202511;184
018;202511;101
019;202511;90
020;202511;540
046;202511;41
047;202511;37
049;202511;14077
050;202511;256
051;202511;170
052;202511;32
061;202511;700
069;202511;180
071;202511;148
072;202511;15
074;202511;21
075;202511;715
077;202511;121
078;202511;273
079;202511;271
081;202511;52
082;202511;180
086;202511;196
090;202511;107
091;202511;34572
092;202511;14256
097;202511;51
098;202511;560
102;202511;254
103;202511;69
105;202511;55
106;202511;2014
108;202511;272
109;202511;2573
111;202511;731
139;202511;304
140;202511;738
142;202511;181
143;202511;203
145;202511;282
146;202511;133
148;202511;126
149;202511;81
151;202511;43
152;202511;92
153;202511;1198
165;202511;477
167;202511;3955
169;202511;126
171;202511;99
172;202511;114
176;202511;170
177;202511;37
178;202511;93
179;202511;8433
181;202511;41
182;202511;797
186;202511;1797
199;202511;194
202;202511;699
204;202511;87
205;202511;1374
208;202511;242
211;202511;902
213;202511;155
214;202511;396
216;202511;30
217;202511;108
218;202511;24
224;202511;289
226;202511;100
230;202511;47
231;202511;29
232;202511;425
233;202511;345
235;202511;219
236;202511;83
239;202511;50
240;202511;923
241;202511;147
244;202511;423
245;202511;1861
249;202511;367
250;202511;33
256;202511;41
257;202511;1322
260;202511;364
261;202511;123
263;202511;219
265;202511;35
271;202511;251
272;202511;1534
273;202511;54
275;202511;63
276;202511;418
280;202511;38
284;202511;53
285;202511;2407
286;202511;2998
287;202511;87
288;202511;114
290;202511;198
291;202511;47
297;202511;4867
300;202511;51
301;202511;503
304;202511;17
305;202511;437
309;202511;325
312;202511;21
316;202511;162
317;202511;67
320;202511;213
322;202511;131
398;202511;6462
399;202511;145
400;202511;195
402;202511;294
403;202511;42
405;202511;2977
407;202511;74
408;202511;314
410;202511;514
416;202511;68
418;202511;661
420;202511;239
421;202511;11
422;202511;470
423;202511;370
425;202511;152
426;202511;435
430;202511;497
433;202511;161
434;202511;462
435;202511;20
436;202511;30
440;202511;41
441;202511;109
444;202511;1478
445;202511;271
475;202511;78
480;202511;57
481;202511;139
483;202511;19
484;202511;66
489;202511;70
491;202511;1892
494;202511;226
495;202511;43
498;202511;29
499;202511;270
500;202511;280
503;202511;185
504;202511;69
505;202511;498
507;202511;193
508;202511;308
529;202511;429
531;202511;190
535;202511;213
536;202511;1203
538;202511;78
541;202511;316
543;202511;1119
545;202511;133
560;202511;500
561;202511;30
562;202511;242
563;202511;191
564;202511;10157
576;202511;72
577;202511;223
578;202511;81
580;202511;106
581;202511;183
583;202511;13
584;202511;57
592;202511;114
593;202511;555
595;202511;94
598;202511;746
599;202511;113
601;202511;105
604;202511;565
607;202511;144
608;202511;59
609;202511;3586
611;202511;120
614;202511;83
615;202511;238
616;202511;59
619;202511;60
620;202511;96
623;202511;41
624;202511;128
625;202511;83
626;202511;149
630;202511;28
631;202511;46
635;202511;106
636;202511;185
638;202511;1782
678;202511;862
680;202511;805
681;202511;104
683;202511;68
684;202511;1213
686;202511;53
687;202511;42
689;202511;115
691;202511;44
694;202511;1190
697;202511;27
698;202511;1773
700;202511;126
702;202511;127
704;202511;83
707;202511;71
710;202511;835
729;202511;344
732;202511;84
734;202511;1755
738;202511;49
739;202511;68
740;202511;1238
742;202511;33
743;202511;2241
746;202511;103
747;202511;52
748;202511;115
749;202511;492
751;202511;56
753;202511;552
755;202511;121
758;202511;162
759;202511;26
761;202511;203
762;202511;101
765;202511;170
768;202511;54
777;202511;185
778;202511;156
781;202511;73
783;202511;140
785;202511;72
790;202511;529
791;202511;111
831;202511;112
832;202511;96
833;202511;36
834;202511;124
837;202511;14093
844;202511;45
845;202511;61
846;202511;127
848;202511;180
849;202511;67
850;202511;52
851;202511;593
853;202511;10836
854;202511;50
857;202511;81
858;202511;1059
859;202511;128
886;202511;289
887;202511;200
889;202511;66
890;202511;28
892;202511;106
893;202511;135
895;202511;444
905;202511;2625
908;202511;765
915;202511;823
918;202511;60
921;202511;50
922;202511;100
924;202511;61
925;202511;72
927;202511;802
931;202511;155
934;202511;56
935;202511;88
936;202511;157
946;202511;115
976;202511;116
977;202511;412
980;202511;793
981;202511;80
989;202511;129
992;202511;714
005;202512;214
009;202512;68
010;202512;303
016;202512;196
018;202512;110
019;202512;94
020;202512;582
046;202512;42
047;202512;37
049;202512;14706
050;202512;254
051;202512;173
052;202512;32
061;202512;730
069;202512;192
071;202512;163
072;202512;13
074;202512;24
075;202512;768
077;202512;123
078;202512;292
079;202512;280
081;202512;56
082;202512;187
086;202512;196
090;202512;108
091;202512;36086
092;202512;14876
097;202512;59
098;202512;613
102;202512;279
103;202512;77
105;202512;56
106;202512;2119
108;202512;273
109;202512;2712
111;202512;775
139;202512;327
140;202512;781
142;202512;205
143;202512;213
145;202512;291
146;202512;140
148;202512;148
149;202512;86
151;202512;45
152;202512;100
153;202512;1279
165;202512;492
167;202512;4205
169;202512;131
171;202512;104
172;202512;116
176;202512;175
177;202512;43
178;202512;105
179;202512;8794
181;202512;38
182;202512;851
186;202512;1876
199;202512;210
202;202512;750
204;202512;95
205;202512;1421
208;202512;261
211;202512;962
213;202512;161
214;202512;425
216;202512;37
217;202512;115
218;202512;24
224;202512;308
226;202512;105
230;202512;50
231;202512;34
232;202512;452
233;202512;369
235;202512;234
236;202512;81
239;202512;56
240;202512;979
241;202512;163
244;202512;461
245;202512;1932
249;202512;385
250;202512;36
256;202512;43
257;202512;1376
260;202512;396
261;202512;113
263;202512;229
265;202512;40
271;202512;250
272;202512;1614
273;202512;52
275;202512;64
276;202512;452
280;202512;40
284;202512;55
285;202512;2530
286;202512;3193
287;202512;96
288;202512;114
290;202512;213
291;202512;47
297;202512;5151
300;202512;56
301;202512;534
304;202512;19
305;202512;458
309;202512;344
312;202512;22
316;202512;169
317;202512;72
320;202512;228
322;202512;139
398;202512;6795
399;202512;150
400;202512;209
402;202512;294
403;202512;48
405;202512;3181
407;202512;74
408;202512;344
410;202512;541
416;202512;80
418;202512;703
420;202512;257
421;202512;12
422;202512;491
423;202512;369
425;202512;156
426;202512;450
430;202512;512
433;202512;173
434;202512;494
435;202512;23
436;202512;35
440;202512;42
441;202512;115
444;202512;1516
445;202512;278
475;202512;92
480;202512;61
481;202512;146
483;202512;20
484;202512;67
489;202512;75
491;202512;1994
494;202512;235
495;202512;45
498;202512;31
499;202512;287
500;202512;299
503;202512;195
504;202512;68
505;202512;518
507;202512;203
508;202512;324
529;202512;443
531;202512;191
535;202512;225
536;202512;1268
538;202512;85
541;202512;317
543;202512;1179
545;202512;146
560;202512;529
561;202512;28
562;202512;282
563;202512;200
564;202512;10654
576;202512;83
577;202512;236
578;202512;88
580;202512;102
581;202512;188
583;202512;12
584;202512;55
592;202512;125
593;202512;602
595;202512;99
598;202512;774
599;202512;118
601;202512;110
604;202512;613
607;202512;155
608;202512;64
609;202512;3761
611;202512;118
614;202512;81
615;202512;253
616;202512;66
619;202512;64
620;202512;102
623;202512;42
624;202512;141
625;202512;82
626;202512;158
630;202512;29
631;202512;49
635;202512;112
636;202512;192
638;202512;1893
678;202512;915
680;202512;848
681;202512;113
683;202512;62
684;202512;1266
686;202512;60
687;202512;40
689;202512;116
691;202512;48
694;202512;1258
697;202512;29
698;202512;1800
700;202512;138
702;202512;128
704;202512;88
707;202512;75
710;202512;872
729;202512;371
732;202512;96
734;202512;1860
738;202512;52
739;202512;76
740;202512;1320
742;202512;37
743;202512;2351
746;202512;107
747;202512;54
748;202512;118
749;202512;540
751;202512;61
753;202512;569
755;202512;130
758;202512;162
759;202512;31
761;202512;218
762;202512;115
765;202512;190
768;202512;61
777;202512;199
778;202512;170
781;202512;83
783;202512;154
785;202512;79
790;202512;558
791;202512;117
831;202512;125
832;202512;108
833;202512;38
834;202512;131
837;202512;14762
844;202512;44
845;202512;69
846;202512;129
848;202512;184
849;202512;70
850;202512;62
851;202512;668
853;202512;11274
854;202512;52
857;202512;83
858;202512;1118
859;202512;138
886;202512;312
887;202512;208
889;202512;73
890;202512;27
892;202512;112
893;202512;148
895;202512;466
905;202512;2757
908;202512;791
915;202512;879
918;202512;66
921;202512;57
922;202512;114
924;202512;66
925;202512;80
927;202512;831
931;202512;169
934;202512;56
935;202512;95
936;202512;171
946;202512;103
976;202512;110
977;202512;424
980;202512;840
981;202512;89
989;202512;141
992;202512;765
005;202601;229
009;202601;69
010;202601;309
016;202601;200
018;202601;112
019;202601;95
020;202601;592
046;202601;44
047;202601;38
049;202601;14772
050;202601;269
051;202601;186
052;202601;36
061;202601;727
069;202601;201
071;202601;154
072;202601;14
074;202601;22
075;202601;767
077;202601;134
078;202601;287
079;202601;284
081;202601;58
082;202601;206
086;202601;197
090;202601;109
091;202601;36465
092;202601;15021
097;202601;66
098;202601;629
102;202601;285
103;202601;80
105;202601;59
106;202601;2175
108;202601;285
109;202601;2802
111;202601;796
139;202601;340
140;202601;813
142;202601;205
143;202601;216
145;202601;307
146;202601;145
148;202601;131
149;202601;90
151;202601;46
152;202601;103
153;202601;1323
165;202601;495
167;202601;4359
169;202601;131
171;202601;122
172;202601;121
176;202601;189
177;202601;47
178;202601;107
179;202601;8943
181;202601;36
182;202601;867
186;202601;1909
199;202601;239
202;202601;779
204;202601;92
205;202601;1475
208;202601;282
211;202601;981
213;202601;162
214;202601;456
216;202601;36
217;202601;122
218;202601;28
224;202601;314
226;202601;115
230;202601;54
231;202601;34
232;202601;452
233;202601;368
235;202601;238
236;202601;83
239;202601;54
240;202601;1006
241;202601;152
244;202601;466
245;202601;1956
249;202601;375
250;202601;38
256;202601;43
257;202601;1398
260;202601;399
261;202601;101
263;202601;238
265;202601;39
271;202601;242
272;202601;1645
273;202601;46
275;202601;69
276;202601;456
280;202601;42
284;202601;57
285;202601;2570
286;202601;3248
287;202601;91
288;202601;126
290;202601;221
291;202601;49
297;202601;5305
300;202601;61
301;202601;538
304;202601;18
305;202601;459
309;202601;365
312;202601;25
316;202601;170
317;202601;69
320;202601;230
322;202601;145
398;202601;6919
399;202601;149
400;202601;218
402;202601;297
403;202601;48
405;202601;3235
407;202601;78
408;202601;354
410;202601;556
416;202601;75
418;202601;715
420;202601;274
421;202601;9
422;202601;493
423;202601;378
425;202601;174
426;202601;459
430;202601;540
433;202601;185
434;202601;514
435;202601;25
436;202601;45
440;202601;44
441;202601;125
444;202601;1546
445;202601;283
475;202601;90
480;202601;56
481;202601;142
483;202601;19
484;202601;66
489;202601;77
491;202601;2060
494;202601;239
495;202601;44
498;202601;30
499;202601;293
500;202601;306
503;202601;203
504;202601;69
505;202601;548
507;202601;220
508;202601;336
529;202601;453
531;202601;193
535;202601;229
536;202601;1293
538;202601;89
541;202601;331
543;202601;1203
545;202601;146
560;202601;540
561;202601;27
562;202601;291
563;202601;212
564;202601;10926
576;202601;81
577;202601;237
578;202601;88
580;202601;111
581;202601;195
583;202601;8
584;202601;61
592;202601;127
593;202601;631
595;202601;98
598;202601;783
599;202601;129
601;202601;118
604;202601;623
607;202601;159
608;202601;73
609;202601;3848
611;202601;126
614;202601;83
615;202601;274
616;202601;70
619;202601;67
620;202601;101
623;202601;42
624;202601;146
625;202601;91
626;202601;166
630;202601;30
631;202601;52
635;202601;112
636;202601;197
638;202601;1900
678;202601;938
680;202601;886
681;202601;117
683;202601;69
684;202601;1292
686;202601;65
687;202601;40
689;202601;112
691;202601;45
694;202601;1287
697;202601;28
698;202601;1772
700;202601;135
702;202601;132
704;202601;91
707;202601;77
710;202601;882
729;202601;368
732;202601;95
734;202601;1902
738;202601;54
739;202601;76
740;202601;1381
742;202601;35
743;202601;2431
746;202601;107
747;202601;53
748;202601;128
749;202601;557
751;202601;62
753;202601;590
755;202601;132
758;202601;171
759;202601;34
761;202601;221
762;202601;106
765;202601;191
768;202601;62
777;202601;199
778;202601;181
781;202601;87
783;202601;160
785;202601;83
790;202601;572
791;202601;122
831;202601;134
832;202601;108
833;202601;38
834;202601;132
837;202601;15117
844;202601;49
845;202601;74
846;202601;128
848;202601;190
849;202601;71
850;202601;59
851;202601;663
853;202601;11442
854;202601;60
857;202601;85
858;202601;1122
859;202601;146
886;202601;316
887;202601;215
889;202601;81
890;202601;26
892;202601;113
893;202601;157
895;202601;476
905;202601;2805
908;202601;804
915;202601;895
918;202601;66
921;202601;63
922;202601;114
924;202601;59
925;202601;81
927;202601;856
931;202601;182
934;202601;53
935;202601;99
936;202601;180
946;202601;104
976;202601;100
977;202601;430
980;202601;858
981;202601;85
989;202601;145
992;202601;785
005;202602;224
009;202602;67
010;202602;312
016;202602;202
018;202602;108
019;202602;99
020;202602;602
046;202602;41
047;202602;39
049;202602;14508
050;202602;255
051;202602;184
052;202602;34
061;202602;751
069;202602;201
071;202602;162
072;202602;14
074;202602;22
075;202602;760
077;202602;133
078;202602;288
079;202602;279
081;202602;60
082;202602;196
086;202602;200
090;202602;106
091;202602;35966
092;202602;14898
097;202602;66
098;202602;633
102;202602;287
103;202602;75
105;202602;59
106;202602;2148
108;202602;288
109;202602;2791
111;202602;788
139;202602;339
140;202602;812
142;202602;200
143;202602;222
145;202602;300
146;202602;145
148;202602;132
149;202602;94
151;202602;40
152;202602;104
153;202602;1324
165;202602;487
167;202602;4251
169;202602;132
171;202602;123
172;202602;117
176;202602;183
177;202602;46
178;202602;112
179;202602;8869
181;202602;40
182;202602;845
186;202602;1898
199;202602;224
202;202602;780
204;202602;89
205;202602;1487
208;202602;279
211;202602;978
213;202602;151
214;202602;443
216;202602;39
217;202602;120
218;202602;27
224;202602;321
226;202602;107
230;202602;55
231;202602;34
232;202602;454
233;202602;373
235;202602;246
236;202602;85
239;202602;51
240;202602;987
241;202602;143
244;202602;461
245;202602;1926
249;202602;369
250;202602;31
256;202602;47
257;202602;1364
260;202602;391
261;202602;97
263;202602;239
265;202602;41
271;202602;244
272;202602;1634
273;202602;50
275;202602;64
276;202602;456
280;202602;39
284;202602;61
285;202602;2568
286;202602;3227
287;202602;93
288;202602;131
290;202602;225
291;202602;49
297;202602;5277
300;202602;52
301;202602;533
304;202602;21
305;202602;440
309;202602;368
312;202602;22
316;202602;173
317;202602;74
320;202602;229
322;202602;140
398;202602;6814
399;202602;149
400;202602;203
402;202602;305
403;202602;51
405;202602;3177
407;202602;80
408;202602;338
410;202602;549
416;202602;72
418;202602;677
420;202602;269
421;202602;8
422;202602;506
423;202602;362
425;202602;161
426;202602;445
430;202602;513
433;202602;179
434;202602;504
435;202602;22
436;202602;39
440;202602;41
441;202602;128
444;202602;1557
445;202602;274
475;202602;92
480;202602;54
481;202602;145
483;202602;17
484;202602;62
489;202602;72
491;202602;2004
494;202602;239
495;202602;44
498;202602;24
499;202602;294
500;202602;305
503;202602;210
504;202602;71
505;202602;553
507;202602;216
508;202602;317
529;202602;437
531;202602;199
535;202602;236
536;202602;1286
538;202602;87
541;202602;331
543;202602;1196
545;202602;153
560;202602;543
561;202602;33
562;202602;281
563;202602;206
564;202602;10818
576;202602;80
577;202602;227
578;202602;88
580;202602;118
581;202602;192
583;202602;9
584;202602;62
592;202602;123
593;202602;637
595;202602;98
598;202602;775
599;202602;117
601;202602;121
604;202602;610
607;202602;166
608;202602;74
609;202602;3865
611;202602;130
614;202602;73
615;202602;264
616;202602;71
619;202602;65
620;202602;103
623;202602;44
624;202602;134
625;202602;84
626;202602;164
630;202602;29
631;202602;51
635;202602;105
636;202602;201
638;202602;1878
678;202602;930
680;202602;861
681;202602;114
683;202602;65
684;202602;1293
686;202602;68
687;202602;43
689;202602;113
691;202602;51
694;202602;1235
697;202602;27
698;202602;1761
700;202602;134
702;202602;135
704;202602;94
707;202602;77
710;202602;863
729;202602;358
732;202602;96
734;202602;1874
738;202602;54
739;202602;79
740;202602;1389
742;202602;38
743;202602;2435
746;202602;110
747;202602;49
748;202602;123
749;202602;541
751;202602;60
753;202602;586
755;202602;121
758;202602;173
759;202602;33
761;202602;217
762;202602;108
765;202602;187
768;202602;63
777;202602;203
778;202602;172
781;202602;88
783;202602;157
785;202602;84
790;202602;589
791;202602;121
831;202602;125
832;202602;104
833;202602;40
834;202602;136
837;202602;14926
844;202602;45
845;202602;68
846;202602;126
848;202602;186
849;202602;75
850;202602;60
851;202602;651
853;202602;11334
854;202602;58
857;202602;90
858;202602;1140
859;202602;143
886;202602;325
887;202602;205
889;202602;78
890;202602;30
892;202602;112
893;202602;141
895;202602;462
905;202602;2730
908;202602;788
915;202602;862
918;202602;64
921;202602;66
922;202602;122
924;202602;57
925;202602;83
927;202602;865
931;202602;169
934;202602;54
935;202602;102
936;202602;172
946;202602;103
976;202602;106
977;202602;438
980;202602;850
981;202602;83
989;202602;147
992;202602;775
005;202603;249
009;202603;70
010;202603;333
016;202603;217
018;202603;118
019;202603;98
020;202603;627
046;202603;46
047;202603;42
049;202603;15252
050;202603;277
051;202603;195
052;202603;33
061;202603;801
069;202603;204
071;202603;172
072;202603;16
074;202603;21
075;202603;791
077;202603;139
078;202603;291
079;202603;289
081;202603;62
082;202603;214
086;202603;214
090;202603;118
091;202603;37873
092;202603;15629
097;202603;70
098;202603;663
102;202603;308
103;202603;84
105;202603;62
106;202603;2238
108;202603;297
109;202603;2930
111;202603;840
139;202603;348
140;202603;839
142;202603;213
143;202603;230
145;202603;331
146;202603;147
148;202603;127
149;202603;100
151;202603;41
152;202603;103
153;202603;1375
165;202603;509
167;202603;4478
169;202603;145
171;202603;134
172;202603;128
176;202603;180
177;202603;49
178;202603;122
179;202603;9240
181;202603;43
182;202603;877
186;202603;1999
199;202603;258
202;202603;810
204;202603;88
205;202603;1557
208;202603;295
211;202603;1024
213;202603;156
214;202603;469
216;202603;41
217;202603;135
218;202603;27
224;202603;332
226;202603;117
230;202603;59
231;202603;36
232;202603;470
233;202603;396
235;202603;258
236;202603;90
239;202603;55
240;202603;1018
241;202603;165
244;202603;485
245;202603;2057
249;202603;386
250;202603;32
256;202603;44
257;202603;1434
260;202603;413
261;202603;91
263;202603;239
265;202603;42
271;202603;264
272;202603;1725
273;202603;52
275;202603;69
276;202603;475
280;202603;39
284;202603;60
285;202603;2693
286;202603;3337
287;202603;103
288;202603;130
290;202603;223
291;202603;53
297;202603;5491
300;202603;57
301;202603;558
304;202603;24
305;202603;466
309;202603;389
312;202603;27
316;202603;172
317;202603;76
320;202603;238
322;202603;156
398;202603;7143
399;202603;160
400;202603;227
402;202603;318
403;202603;49
405;202603;3374
407;202603;79
408;202603;354
410;202603;591
416;202603;80
418;202603;730
420;202603;281
421;202603;13
422;202603;508
423;202603;408
425;202603;173
426;202603;465
430;202603;530
433;202603;186
434;202603;533
435;202603;28
436;202603;39
440;202603;44
441;202603;130
444;202603;1659
445;202603;285
475;202603;89
480;202603;57
481;202603;148
483;202603;19
484;202603;61
489;202603;76
491;202603;2081
494;202603;256
495;202603;48
498;202603;28
499;202603;304
500;202603;312
503;202603;219
504;202603;69
505;202603;584
507;202603;219
508;202603;329
529;202603;460
531;202603;203
535;202603;253
536;202603;1362
538;202603;88
541;202603;341
543;202603;1259
545;202603;153
560;202603;569
561;202603;33
562;202603;295
563;202603;221
564;202603;11374
576;202603;82
577;202603;232
578;202603;103
580;202603;121
581;202603;208
583;202603;9
584;202603;65
592;202603;136
593;202603;650
595;202603;105
598;202603;799
599;202603;122
601;202603;127
604;202603;637
607;202603;165
608;202603;79
609;202603;4026
611;202603;140
614;202603;86
615;202603;265
616;202603;70
619;202603;67
620;202603;104
623;202603;44
624;202603;151
625;202603;90
626;202603;165
630;202603;29
631;202603;52
635;202603;105
636;202603;202
638;202603;1984
678;202603;961
680;202603;895
681;202603;123
683;202603;70
684;202603;1383
686;202603;72
687;202603;42
689;202603;119
691;202603;54
694;202603;1294
697;202603;27
698;202603;1866
700;202603;138
702;202603;132
704;202603;97
707;202603;77
710;202603;938
729;202603;383
732;202603;99
734;202603;1929
738;202603;62
739;202603;73
740;202603;1456
742;202603;43
743;202603;2518
746;202603;118
747;202603;53
748;202603;125
749;202603;562
751;202603;70
753;202603;620
755;202603;128
758;202603;182
759;202603;33
761;202603;228
762;202603;99
765;202603;212
768;202603;63
777;202603;226
778;202603;193
781;202603;98
783;202603;164
785;202603;88
790;202603;629
791;202603;126
831;202603;131
832;202603;108
833;202603;39
834;202603;141
837;202603;15578
844;202603;46
845;202603;75
846;202603;118
848;202603;194
849;202603;74
850;202603;57
851;202603;685
853;202603;11859
854;202603;64
857;202603;81
858;202603;1159
859;202603;150
886;202603;336
887;202603;224
889;202603;79
890;202603;30
892;202603;116
893;202603;147
895;202603;496
905;202603;2828
908;202603;821
915;202603;908
918;202603;65
921;202603;68
922;202603;117
924;202603;62
925;202603;83
927;202603;923
931;202603;186
934;202603;63
935;202603;108
936;202603;178
946;202603;107
976;202603;109
977;202603;476
980;202603;923
981;202603;83
989;202603;160
992;202603;805
005;202604;251
009;202604;72
010;202604;343
016;202604;230
018;202604;123
019;202604;85
020;202604;654
046;202604;42
047;202604;51
049;202604;15492
050;202604;274
051;202604;185
052;202604;36
061;202604;795
069;202604;203
071;202604;173
072;202604;19
074;202604;25
075;202604;818
077;202604;146
078;202604;290
079;202604;290
081;202604;66
082;202604;201
086;202604;220
090;202604;113
091;202604;38401
092;202604;15803
097;202604;74
098;202604;677
102;202604;302
103;202604;81
105;202604;61
106;202604;2263
108;202604;305
109;202604;2982
111;202604;840
139;202604;356
140;202604;827
142;202604;205
143;202604;235
145;202604;329
146;202604;155
148;202604;143
149;202604;99
151;202604;40
152;202604;103
153;202604;1425
165;202604;516
167;202604;4526
169;202604;146
171;202604;132
172;202604;133
176;202604;194
177;202604;52
178;202604;122
179;202604;9341
181;202604;48
182;202604;879
186;202604;2009
199;202604;281
202;202604;795
204;202604;90
205;202604;1581
208;202604;302
211;202604;1021
213;202604;159
214;202604;476
216;202604;40
217;202604;133
218;202604;24
224;202604;342
226;202604;128
230;202604;57
231;202604;37
232;202604;469
233;202604;389
235;202604;274
236;202604;100
239;202604;57
240;202604;1019
241;202604;170
244;202604;502
245;202604;2107
249;202604;391
250;202604;36
256;202604;45
257;202604;1466
260;202604;409
261;202604;103
263;202604;237
265;202604;40
271;202604;270
272;202604;1712
273;202604;54
275;202604;74
276;202604;468
280;202604;40
284;202604;56
285;202604;2701
286;202604;3375
287;202604;99
288;202604;127
290;202604;241
291;202604;55
297;202604;5634
300;202604;54
301;202604;555
304;202604;25
305;202604;467
309;202604;399
312;202604;29
316;202604;179
317;202604;72
320;202604;239
322;202604;148
398;202604;7209
399;202604;163
400;202604;210
402;202604;314
403;202604;50
405;202604;3419
407;202604;88
408;202604;366
410;202604;611
416;202604;78
418;202604;727
420;202604;284
421;202604;12
422;202604;514
423;202604;421
425;202604;178
426;202604;459
430;202604;530
433;202604;188
434;202604;530
435;202604;28
436;202604;34
440;202604;42
441;202604;132
444;202604;1624
445;202604;305
475;202604;98
480;202604;55
481;202604;155
483;202604;21
484;202604;62
489;202604;81
491;202604;2125
494;202604;261
495;202604;46
498;202604;30
499;202604;301
500;202604;324
503;202604;214
504;202604;71
505;202604;597
507;202604;223
508;202604;337
529;202604;462
531;202604;203
535;202604;247
536;202604;1399
538;202604;97
541;202604;329
543;202604;1277
545;202604;154
560;202604;581
561;202604;35
562;202604;304
563;202604;227
564;202604;11594
576;202604;83
577;202604;239
578;202604;93
580;202604;125
581;202604;218
583;202604;8
584;202604;61
592;202604;136
593;202604;651
595;202604;102
598;202604;802
599;202604;121
601;202604;121
604;202604;637
607;202604;171
608;202604;77
609;202604;4099
611;202604;131
614;202604;85
615;202604;264
616;202604;65
619;202604;69
620;202604;109
623;202604;43
624;202604;149
625;202604;97
626;202604;178
630;202604;28
631;202604;51
635;202604;117
636;202604;225
638;202604;1991
678;202604;974
680;202604;910
681;202604;116
683;202604;73
684;202604;1407
686;202604;70
687;202604;40
689;202604;120
691;202604;56
694;202604;1308
697;202604;30
698;202604;1957
700;202604;140
702;202604;134
704;202604;99
707;202604;80
710;202604;903
729;202604;387
732;202604;96
734;202604;1911
738;202604;63
739;202604;74
740;202604;1461
742;202604;44
743;202604;2513
746;202604;130
747;202604;50
748;202604;134
749;202604;546
751;202604;72
753;202604;604
755;202604;144
758;202604;188
759;202604;36
761;202604;223
762;202604;109
765;202604;204
768;202604;62
777;202604;228
778;202604;188
781;202604;93
783;202604;165
785;202604;94
790;202604;644
791;202604;125
831;202604;142
832;202604;116
833;202604;38
834;202604;152
837;202604;15812
844;202604;41
845;202604;71
846;202604;123
848;202604;197
849;202604;73
850;202604;58
851;202604;692
853;202604;12095
854;202604;62
857;202604;88
858;202604;1171
859;202604;153
886;202604;349
887;202604;217
889;202604;74
890;202604;33
892;202604;110
893;202604;150
895;202604;495
905;202604;2890
908;202604;817
915;202604;899
918;202604;67
921;202604;67
922;202604;126
924;202604;56
925;202604;85
927;202604;931
931;202604;185
934;202604;60
935;202604;112
936;202604;179
946;202604;111
976;202604;112
977;202604;481
980;202604;933
981;202604;86
989;202604;159
992;202604;797
005;202605;234
009;202605;67
010;202605;324
016;202605;215
018;202605;117
019;202605;86
020;202605;626
046;202605;41
047;202605;52
049;202605;14946
050;202605;250
051;202605;185
052;202605;37
061;202605;768
069;202605;193
071;202605;176
072;202605;15
074;202605;20
075;202605;774
077;202605;140
078;202605;279
079;202605;275
081;202605;67
082;202605;188
086;202605;210
090;202605;109
091;202605;37167
092;202605;15292
097;202605;66
098;202605;649
102;202605;281
103;202605;79
105;202605;58
106;202605;2183
108;202605;283
109;202605;2848
111;202605;794
139;202605;346
140;202605;777
142;202605;206
143;202605;224
145;202605;318
146;202605;151
148;202605;143
149;202605;96
151;202605;44
152;202605;97
153;202605;1359
165;202605;487
167;202605;4358
169;202605;141
171;202605;124
172;202605;125
176;202605;184
177;202605;50
178;202605;125
179;202605;9016
181;202605;42
182;202605;838
186;202605;1937
199;202605;237
202;202605;751
204;202605;84
205;202605;1518
208;202605;286
211;202605;967
213;202605;152
214;202605;445
216;202605;35
217;202605;125
218;202605;22
224;202605;328
226;202605;117
230;202605;52
231;202605;34
232;202605;461
233;202605;354
235;202605;236
236;202605;93
239;202605;54
240;202605;989
241;202605;157
244;202605;479
245;202605;2035
249;202605;349
250;202605;30
256;202605;46
257;202605;1409
260;202605;392
261;202605;102
263;202605;229
265;202605;41
271;202605;260
272;202605;1643
273;202605;56
275;202605;69
276;202605;461
280;202605;35
284;202605;55
285;202605;2598
286;202605;3233
287;202605;93
288;202605;111
290;202605;220
291;202605;48
297;202605;5376
300;202605;52
301;202605;517
304;202605;23
305;202605;442
309;202605;392
312;202605;28
316;202605;166
317;202605;71
320;202605;230
322;202605;143
398;202605;6966
399;202605;160
400;202605;197
402;202605;300
403;202605;43
405;202605;3329
407;202605;88
408;202605;348
410;202605;586
416;202605;75
418;202605;696
420;202605;270
421;202605;10
422;202605;474
423;202605;392
425;202605;170
426;202605;456
430;202605;505
433;202605;176
434;202605;523
435;202605;24
436;202605;30
440;202605;32
441;202605;116
444;202605;1532
445;202605;283
475;202605;96
480;202605;50
481;202605;141
483;202605;21
484;202605;59
489;202605;73
491;202605;2011
494;202605;245
495;202605;46
498;202605;36
499;202605;281
500;202605;306
503;202605;198
504;202605;66
505;202605;554
507;202605;215
508;202605;331
529;202605;458
531;202605;205
535;202605;235
536;202605;1339
538;202605;85
541;202605;322
543;202605;1192
545;202605;136
560;202605;547
561;202605;32
562;202605;305
563;202605;215
564;202605;11164
576;202605;78
577;202605;227
578;202605;94
580;202605;112
581;202605;204
583;202605;7
584;202605;60
592;202605;135
593;202605;633
595;202605;101
598;202605;769
599;202605;112
601;202605;118
604;202605;608
607;202605;154
608;202605;72
609;202605;3919
611;202605;118
614;202605;85
615;202605;253
616;202605;63
619;202605;63
620;202605;111
623;202605;40
624;202605;151
625;202605;91
626;202605;173
630;202605;21
631;202605;49
635;202605;110
636;202605;215
638;202605;1922
678;202605;912
680;202605;871
681;202605;113
683;202605;77
684;202605;1306
686;202605;60
687;202605;42
689;202605;113
691;202605;48
694;202605;1255
697;202605;29
698;202605;1940
700;202605;136
702;202605;118
704;202605;92
707;202605;76
710;202605;856
729;202605;369
732;202605;98
734;202605;1809
738;202605;51
739;202605;73
740;202605;1408
742;202605;42
743;202605;2357
746;202605;121
747;202605;49
748;202605;132
749;202605;537
751;202605;63
753;202605;559
755;202605;136
758;202605;187
759;202605;34
761;202605;216
762;202605;102
765;202605;195
768;202605;65
777;202605;213
778;202605;178
781;202605;85
783;202605;156
785;202605;92
790;202605;611
791;202605;123
831;202605;137
832;202605;123
833;202605;38
834;202605;137
837;202605;15204
844;202605;41
845;202605;68
846;202605;115
848;202605;187
849;202605;73
850;202605;60
851;202605;652
853;202605;11620
854;202605;63
857;202605;80
858;202605;1116
859;202605;143
886;202605;336
887;202605;211
889;202605;69
890;202605;35
892;202605;102
893;202605;137
895;202605;464
905;202605;2742
908;202605;763
915;202605;864
918;202605;63
921;202605;59
922;202605;115
924;202605;57
925;202605;82
927;202605;891
931;202605;181
934;202605;56
935;202605;103
936;202605;178
946;202605;99
976;202605;108
977;202605;448
980;202605;885
981;202605;81
989;202605;163
992;202605;758
005;202606;220
009;202606;59
010;202606;316
016;202606;218
018;202606;115
019;202606;83
020;202606;605
046;202606;42
047;202606;57
049;202606;15055
050;202606;238
051;202606;191
052;202606;35
061;202606;751
069;202606;184
071;202606;171
072;202606;17
074;202606;22
075;202606;772
077;202606;134
078;202606;265
079;202606;276
081;202606;68
082;202606;177
086;202606;211
090;202606;100
091;202606;37306
092;202606;15395
097;202606;65
098;202606;624
102;202606;274
103;202606;71
105;202606;56
106;202606;2164
108;202606;279
109;202606;2842
111;202606;787
139;202606;335
140;202606;754
142;202606;199
143;202606;218
145;202606;304
146;202606;153
148;202606;159
149;202606;86
151;202606;40
152;202606;87
153;202606;1361
165;202606;469
167;202606;4386
169;202606;133
171;202606;108
172;202606;121
176;202606;175
177;202606;45
178;202606;120
179;202606;8948
181;202606;40
182;202606;827
186;202606;1921
199;202606;215
202;202606;774
204;202606;86
205;202606;1496
208;202606;271
211;202606;978
213;202606;148
214;202606;431
216;202606;36
217;202606;124
218;202606;18
224;202606;328
226;202606;114
230;202606;50
231;202606;29
232;202606;432
233;202606;338
235;202606;241
236;202606;90
239;202606;50
240;202606;966
241;202606;145
244;202606;476
245;202606;2018
249;202606;340
250;202606;32
256;202606;45
257;202606;1400
260;202606;387
261;202606;121
263;202606;211
265;202606;34
271;202606;254
272;202606;1597
273;202606;63
275;202606;68
276;202606;447
280;202606;34
284;202606;56
285;202606;2541
286;202606;3149
287;202606;81
288;202606;112
290;202606;220
291;202606;46
297;202606;5360
300;202606;56
301;202606;516
304;202606;22
305;202606;440
309;202606;376
312;202606;26
316;202606;162
317;202606;60
320;202606;219
322;202606;143
398;202606;6964
399;202606;162
400;202606;191
402;202606;293
403;202606;41
405;202606;3315
407;202606;78
408;202606;347
410;202606;589
416;202606;76
418;202606;703
420;202606;246
421;202606;12
422;202606;468
423;202606;394
425;202606;160
426;202606;441
430;202606;502
433;202606;178
434;202606;489
435;202606;23
436;202606;31
440;202606;33
441;202606;119
444;202606;1530
445;202606;289
475;202606;89
480;202606;55
481;202606;140
483;202606;22
484;202606;62
489;202606;72
491;202606;1947
494;202606;244
495;202606;46
498;202606;40
499;202606;269
500;202606;305
503;202606;191
504;202606;66
505;202606;564
507;202606;201
508;202606;322
529;202606;458
531;202606;201
535;202606;226
536;202606;1332
538;202606;87
541;202606;313
543;202606;1212
545;202606;140
560;202606;538
561;202606;33
562;202606;297
563;202606;221
564;202606;11080
576;202606;65
577;202606;235
578;202606;85
580;202606;109
581;202606;203
583;202606;8
584;202606;60
592;202606;133
593;202606;613
595;202606;100
598;202606;765
599;202606;111
601;202606;120
604;202606;598
607;202606;156
608;202606;67
609;202606;3854
611;202606;123
614;202606;89
615;202606;245
616;202606;64
619;202606;65
620;202606;102
623;202606;36
624;202606;151
625;202606;94
626;202606;173
630;202606;27
631;202606;51
635;202606;103
636;202606;216
638;202606;1926
678;202606;869
680;202606;871
681;202606;106
683;202606;80
684;202606;1298
686;202606;60
687;202606;44
689;202606;118
691;202606;54
694;202606;1235
697;202606;26
698;202606;1955
700;202606;131
702;202606;110
704;202606;94
707;202606;73
710;202606;848
729;202606;377
732;202606;95
734;202606;1805
738;202606;55
739;202606;70
740;202606;1330
742;202606;46
743;202606;2323
746;202606;121
747;202606;46
748;202606;123
749;202606;528
751;202606;63
753;202606;567
755;202606;135
758;202606;179
759;202606;34
761;202606;214
762;202606;101
765;202606;197
768;202606;65
777;202606;221
778;202606;169
781;202606;83
783;202606;156
785;202606;93
790;202606;582
791;202606;120
831;202606;124
832;202606;117
833;202606;36
834;202606;134
837;202606;15294
844;202606;39
845;202606;61
846;202606;114
848;202606;172
849;202606;70
850;202606;65
851;202606;640
853;202606;11631
854;202606;61
857;202606;76
858;202606;1125
859;202606;133
886;202606;322
887;202606;205
889;202606;69
890;202606;40
892;202606;94
893;202606;138
895;202606;464
905;202606;2641
908;202606;740
915;202606;840
918;202606;61
921;202606;54
922;202606;110
924;202606;59
925;202606;80
927;202606;879
931;202606;177
934;202606;52
935;202606;97
936;202606;169
946;202606;90
976;202606;103
977;202606;449
980;202606;877
981;202606;87
989;202606;154
992;202606;750
005;202607;216
009;202607;60
010;202607;300
016;202607;215
018;202607;113
019;202607;83
020;202607;619
046;202607;37
047;202607;51
049;202607;15316
050;202607;245
051;202607;191
052;202607;35
061;202607;768
069;202607;173
071;202607;165
072;202607;14
074;202607;27
075;202607;766
077;202607;137
078;202607;256
079;202607;285
081;202607;66
082;202607;167
086;202607;230
090;202607;99
091;202607;38231
092;202607;15566
097;202607;61
098;202607;622
102;202607;271
103;202607;74
105;202607;55
106;202607;2162
108;202607;274
109;202607;2808
111;202607;787
139;202607;321
140;202607;765
142;202607;196
143;202607;223
145;202607;299
146;202607;141
148;202607;156
149;202607;94
151;202607;34
152;202607;83
153;202607;1331
165;202607;480
167;202607;4446
169;202607;136
171;202607;106
172;202607;124
176;202607;170
177;202607;42
178;202607;114
179;202607;9223
181;202607;43
182;202607;817
186;202607;1961
199;202607;218
202;202607;767
204;202607;81
205;202607;1524
208;202607;278
211;202607;996
213;202607;155
214;202607;433
216;202607;35
217;202607;118
218;202607;21
224;202607;320
226;202607;106
230;202607;46
231;202607;30
232;202607;432
233;202607;346
235;202607;244
236;202607;95
239;202607;57
240;202607;958
241;202607;146
244;202607;484
245;202607;2047
249;202607;344
250;202607;33
256;202607;44
257;202607;1421
260;202607;376
261;202607;130
263;202607;223
265;202607;35
271;202607;260
272;202607;1606
273;202607;66
275;202607;72
276;202607;447
280;202607;36
284;202607;57
285;202607;2502
286;202607;3118
287;202607;90
288;202607;116
290;202607;209
291;202607;42
297;202607;5455
300;202607;62
301;202607;525
304;202607;21
305;202607;427
309;202607;378
312;202607;24
316;202607;164
317;202607;63
320;202607;206
322;202607;140
398;202607;7078
399;202607;161
400;202607;182
402;202607;290
403;202607;41
405;202607;3361
407;202607;82
408;202607;351
410;202607;601
416;202607;75
418;202607;708
420;202607;241
421;202607;11
422;202607;469
423;202607;401
425;202607;153
426;202607;448
430;202607;518
433;202607;180
434;202607;494
435;202607;23
436;202607;33
440;202607;33
441;202607;118
444;202607;1542
445;202607;292
475;202607;90
480;202607;54
481;202607;149
483;202607;20
484;202607;61
489;202607;70
491;202607;1953
494;202607;243
495;202607;44
498;202607;36
499;202607;283
500;202607;303
503;202607;195
504;202607;65
505;202607;578
507;202607;198
508;202607;328
529;202607;466
531;202607;197
535;202607;235
536;202607;1381
538;202607;93
541;202607;305
543;202607;1229
545;202607;128
560;202607;561
561;202607;29
562;202607;285
563;202607;208
564;202607;11339
576;202607;61
577;202607;228
578;202607;87
580;202607;109
581;202607;189
583;202607;10
584;202607;59
592;202607;123
593;202607;619
595;202607;95
598;202607;764
599;202607;112
601;202607;120
604;202607;631
607;202607;158
608;202607;64
609;202607;3906
611;202607;128
614;202607;91
615;202607;237
616;202607;61
619;202607;65
620;202607;101
623;202607;35
624;202607;157
625;202607;86
626;202607;163
630;202607;26
631;202607;50
635;202607;107
636;202607;219
638;202607;1985
678;202607;870
680;202607;896
681;202607;109
683;202607;80
684;202607;1294
686;202607;53
687;202607;44
689;202607;119
691;202607;51
694;202607;1289
697;202607;25
698;202607;2007
700;202607;132
702;202607;107
704;202607;94
707;202607;72
710;202607;835
729;202607;354
732;202607;96
734;202607;1822
738;202607;48
739;202607;68
740;202607;1298
742;202607;44
743;202607;2366
746;202607;123
747;202607;50
748;202607;131
749;202607;535
751;202607;61
753;202607;574
755;202607;135
758;202607;167
759;202607;34
761;202607;216
762;202607;97
765;202607;192
768;202607;59
777;202607;204
778;202607;173
781;202607;81
783;202607;149
785;202607;92
790;202607;597
791;202607;128
831;202607;119
832;202607;110
833;202607;32
834;202607;133
837;202607;15625
844;202607;38
845;202607;61
846;202607;104
848;202607;174
849;202607;73
850;202607;62
851;202607;639
853;202607;11918
854;202607;57
857;202607;75
858;202607;1170
859;202607;140
886;202607;325
887;202607;204
889;202607;69
890;202607;34
892;202607;100
893;202607;136
895;202607;445
905;202607;2710
908;202607;785
915;202607;808
918;202607;65
921;202607;51
922;202607;117
924;202607;53
925;202607;84
927;202607;881
931;202607;173
934;202607;51
935;202607;94
936;202607;166
946;202607;97
976;202607;97
977;202607;464
980;202607;861
981;202607;76
989;202607;150
992;202607;743
005;202608;218
009;202608;57
010;202608;309
016;202608;215
018;202608;115
019;202608;87
020;202608;632
046;202608;37
047;202608;51
049;202608;15564
050;202608;245
051;202608;195
052;202608;31
061;202608;784
069;202608;180
071;202608;165
072;202608;10
074;202608;26
075;202608;758
077;202608;133
078;202608;254
079;202608;296
081;202608;62
082;202608;178
086;202608;232
090;202608;101
091;202608;38752
092;202608;15776
097;202608;61
098;202608;618
102;202608;274
103;202608;69
105;202608;53
106;202608;2163
108;202608;276
109;202608;2861
111;202608;776
139;202608;306
140;202608;776
142;202608;210
143;202608;232
145;202608;292
146;202608;151
148;202608;162
149;202608;95
151;202608;33
152;202608;88
153;202608;1322
165;202608;469
167;202608;4470
169;202608;136
171;202608;102
172;202608;128
176;202608;169
177;202608;40
178;202608;114
179;202608;9299
181;202608;43
182;202608;808
186;202608;1968
199;202608;238
202;202608;800
204;202608;85
205;202608;1536
208;202608;296
211;202608;1011
213;202608;160
214;202608;450
216;202608;37
217;202608;123
218;202608;25
224;202608;331
226;202608;104
230;202608;44
231;202608;29
232;202608;446
233;202608;342
235;202608;243
236;202608;100
239;202608;48
240;202608;974
241;202608;154
244;202608;483
245;202608;2037
249;202608;356
250;202608;38
256;202608;45
257;202608;1444
260;202608;388
261;202608;136
263;202608;223
265;202608;39
271;202608;253
272;202608;1626
273;202608;69
275;202608;68
276;202608;443
280;202608;42
284;202608;60
285;202608;2520
286;202608;3100
287;202608;93
288;202608;107
290;202608;200
291;202608;44
297;202608;5531
300;202608;55
301;202608;544
304;202608;20
305;202608;415
309;202608;370
312;202608;26
316;202608;166
317;202608;61
320;202608;209
322;202608;143
398;202608;7064
399;202608;160
400;202608;191
402;202608;296
403;202608;41
405;202608;3320
407;202608;78
408;202608;358
410;202608;592
416;202608;76
418;202608;727
420;202608;232
421;202608;11
422;202608;478
423;202608;389
425;202608;163
426;202608;456
430;202608;507
433;202608;183
434;202608;500
435;202608;21
436;202608;37
440;202608;38
441;202608;122
444;202608;1586
445;202608;300
475;202608;91
478;202608;7
480;202608;63
481;202608;162
483;202608;23
484;202608;59
489;202608;68
491;202608;1973
494;202608;262
495;202608;47
498;202608;39
499;202608;298
500;202608;298
503;202608;194
504;202608;70
505;202608;571
507;202608;188
508;202608;340
529;202608;483
531;202608;199
535;202608;225
536;202608;1363
538;202608;97
541;202608;309
543;202608;1225
545;202608;130
560;202608;548
561;202608;30
562;202608;301
563;202608;199
564;202608;11393
576;202608;61
577;202608;243
578;202608;87
580;202608;108
581;202608;189
583;202608;11
584;202608;56
592;202608;126
593;202608;629
595;202608;101
598;202608;756
599;202608;132
601;202608;125
604;202608;625
607;202608;161
608;202608;66
609;202608;3957
611;202608;126
614;202608;85
615;202608;247
616;202608;66
619;202608;70
620;202608;99
623;202608;32
624;202608;148
625;202608;84
626;202608;163
630;202608;22
631;202608;49
635;202608;108
636;202608;230
638;202608;1975
678;202608;869
680;202608;916
681;202608;96
683;202608;75
684;202608;1298
686;202608;60
687;202608;45
689;202608;115
691;202608;53
694;202608;1268
697;202608;30
698;202608;2083
700;202608;131
702;202608;101
704;202608;97
707;202608;78
710;202608;837
729;202608;352
732;202608;93
734;202608;1812
738;202608;47
739;202608;77
740;202608;1258
742;202608;49
743;202608;2386
746;202608;121
747;202608;51
748;202608;137
749;202608;550
751;202608;55
753;202608;572
755;202608;137
758;202608;172
759;202608;40
761;202608;213
762;202608;103
765;202608;180
768;202608;54
777;202608;208
778;202608;160
781;202608;80
783;202608;145
785;202608;101
790;202608;610
791;202608;134
831;202608;116
832;202608;112
833;202608;30
834;202608;134
837;202608;15905
844;202608;39
845;202608;57
846;202608;108
848;202608;173
849;202608;77
850;202608;62
851;202608;657
853;202608;12068
854;202608;57
857;202608;82
858;202608;1172
859;202608;138
886;202608;341
887;202608;199
889;202608;68
890;202608;30
892;202608;102
893;202608;129
895;202608;453
905;202608;2705
908;202608;785
915;202608;838
918;202608;64
921;202608;57
922;202608;118
924;202608;52
925;202608;81
927;202608;884
931;202608;182
934;202608;46
935;202608;97
936;202608;164
946;202608;101
976;202608;96
977;202608;470
980;202608;861
981;202608;76
989;202608;146
992;202608;760
